order_id,order_date,customer_name,customer_email,product_id,price,quantity,total
1,2023-05-26 17:22:28.714228,Mario Greer,sfox@example.com,16,466,4,1864
2,2023-05-19 05:50:55.911452,Olivia Cooper,jwilliams@example.com,20,351,8,2808
3,2023-05-22 18:00:26.753900,Eric Conley,janetbennett@example.org,8,272,1,272
4,2023-05-19 05:23:23.055139,Steven Shaffer,shannonmelissa@example.net,6,305,5,1525
5,2023-05-12 13:48:59.265551,Julie Clark,yarnold@example.com,13,408,1,408
6,2023-05-25 10:03:50.379787,Lori Fitzgerald,halestacy@example.com,15,117,5,585
7,2023-05-24 20:25:22.965456,Joel Lewis,rodriguezmeghan@example.net,19,411,6,2466
8,2023-05-20 12:38:19.426394,Nicole Patel,karenramos@example.org,17,123,5,615
9,2023-05-01 06:01:47.808216,William Andrews,samanthajennings@example.org,2,326,2,652
10,2023-05-13 14:18:03.877414,Carla Jones,mstewart@example.com,14,445,6,2670
11,2023-05-29 15:12:32.595573,Zachary Romero,daniel16@example.net,13,408,9,3672
12,2023-05-27 03:15:03.926670,Jeffrey Baker,ksummers@example.com,16,466,2,932
13,2023-05-23 04:18:27.935153,Jeremiah Patton,shane03@example.com,17,123,1,123
14,2023-05-24 00:20:31.719774,David Avery,crystallawrence@example.org,16,466,3,1398
15,2023-05-16 03:42:07.362180,Eric Johnson,jreese@example.net,6,305,5,1525
16,2023-05-07 05:55:30.734505,Donna Blanchard,guzmanamy@example.org,3,438,9,3942
17,2023-05-28 09:43:29.360515,Brian Smith,andreavega@example.com,12,95,3,285
18,2023-05-18 14:28:48.014647,Ashley Morris,victorwheeler@example.com,10,447,8,3576
19,2023-05-19 18:31:46.412761,Ronald Wright Jr.,kathrynmoore@example.com,7,98,6,588
20,2023-05-24 16:48:56.881354,Stacey Camacho,gmcclain@example.com,5,398,3,1194
21,2023-05-02 05:15:42.845076,John Mccoy,frederickraymond@example.net,8,272,4,1088
22,2023-05-18 13:05:01.463941,Ryan Bradley,anne94@example.net,14,445,9,4005
23,2023-05-17 09:07:32.491756,Dustin Atkinson,ruizbrandon@example.net,2,326,6,1956
24,2023-05-05 01:13:21.330567,Matthew Williams,victoria71@example.org,8,272,5,1360
25,2023-05-01 07:01:13.143382,John Torres,joseph48@example.net,20,351,4,1404
26,2023-05-14 08:15:56.507975,Juan Patton,pwalsh@example.net,7,98,2,196
27,2023-05-21 15:48:38.926999,Corey Bullock,plopez@example.net,2,326,1,326
28,2023-05-12 13:05:12.425218,Alyssa Rodriguez,williamsbryan@example.org,16,466,3,1398
29,2023-05-21 05:58:20.360029,Trevor Moore,ulivingston@example.org,18,73,7,511
30,2023-05-13 11:18:10.237772,Kathy Mercer,daniellelewis@example.com,4,409,4,1636
31,2023-05-04 11:11:52.287536,Christopher Levine,lawrencemartin@example.com,8,272,4,1088
32,2023-05-03 16:48:14.533755,Anthony Price,barbarawalton@example.org,14,445,1,445
33,2023-05-12 14:14:24.134469,Megan Washington,orosales@example.com,6,305,7,2135
34,2023-05-08 19:34:26.096770,Abigail Kelly,jesse48@example.org,19,411,2,822
35,2023-05-05 03:53:05.122069,Eric Hernandez,joseph48@example.net,19,411,8,3288
36,2023-05-05 02:56:40.465910,Brian Garrison,jevans@example.org,17,123,6,738
37,2023-05-10 02:24:55.624832,Kaitlyn Medina,todd52@example.net,1,44,7,308
38,2023-05-17 12:05:27.166147,Cynthia Smith,richardruiz@example.com,13,408,2,816
39,2023-05-10 06:15:55.797472,Christina Odom,aaronponce@example.org,19,411,1,411
40,2023-05-20 03:26:55.362359,Robert Gibson,richardcross@example.org,15,117,6,702
41,2023-05-24 15:11:09.449783,Jill Sampson,kimberly97@example.net,18,73,8,584
42,2023-05-24 16:20:18.919007,Mary Bradley,tara60@example.com,7,98,5,490
43,2023-05-02 20:41:03.295232,Tanner Obrien,james05@example.com,13,408,5,2040
44,2023-05-01 12:00:20.820613,Ernest Padilla,amy38@example.net,11,33,2,66
45,2023-05-15 12:59:03.120137,Katelyn Spencer,charles89@example.org,7,98,2,196
46,2023-05-09 17:34:06.113210,Aaron Elliott MD,clarkstacy@example.com,13,408,9,3672
47,2023-05-19 17:09:53.650532,Sean Jordan,nicole78@example.com,4,409,3,1227
48,2023-05-05 09:34:56.742819,Victoria Hamilton,bradfordmichael@example.com,11,33,1,33
49,2023-05-28 06:15:49.090582,Natasha Baker,joshua45@example.com,11,33,5,165
50,2023-05-16 15:29:56.663159,Katherine Brown,jmorrison@example.com,4,409,7,2863
51,2023-05-15 22:47:07.810605,Robert Aguilar,timothyschultz@example.org,14,445,9,4005
52,2023-05-04 20:18:59.245309,Darrell Stewart,ytucker@example.org,13,408,9,3672
53,2023-05-26 17:13:39.333962,Steven Perez,robertsgrant@example.net,19,411,6,2466
54,2023-05-07 02:32:23.391111,Tammy Cabrera,michael76@example.org,9,33,9,297
55,2023-05-13 22:08:43.151750,Todd Estes,tporter@example.net,1,44,1,44
56,2023-05-23 03:01:02.608374,Christopher Lopez,scooper@example.com,2,326,8,2608
57,2023-05-26 16:28:39.581008,Carmen Smith,cmorris@example.org,5,398,1,398
58,2023-05-05 13:45:11.182063,Sarah Dawson,laura84@example.com,1,44,1,44
59,2023-05-03 05:14:47.653964,April Obrien,margaret56@example.net,2,326,1,326
60,2023-05-13 00:01:57.729850,Rachel Hamilton,gregory72@example.org,1,44,6,264
61,2023-05-03 07:20:04.088026,Mr. Ryan Bailey,john81@example.net,19,411,2,822
62,2023-05-17 23:54:33.981647,Kathy Clark,cstephens@example.org,3,438,5,2190
63,2023-05-04 07:50:21.893412,Emily Collier,rachel03@example.net,12,95,9,855
64,2023-05-15 03:14:46.076296,Jay Jensen MD,evansamber@example.com,3,438,7,3066
65,2023-05-01 20:00:55.945870,Leah Pearson,pthornton@example.net,10,447,6,2682
66,2023-05-19 23:49:29.809266,Shane Singleton,daniel17@example.org,15,117,5,585
67,2023-05-10 22:52:59.197557,Mark Rodriguez,myerskaren@example.org,20,351,8,2808
68,2023-05-13 08:37:30.905077,Matthew Richardson,paulsanchez@example.com,5,398,4,1592
69,2023-05-03 00:10:20.233672,Michael Cooper,smithscott@example.com,1,44,7,308
70,2023-05-12 02:59:26.135243,Jacob Morris,nicholsjessica@example.org,11,33,1,33
71,2023-05-22 22:49:45.693715,Marcus Kennedy,thomasfowler@example.com,2,326,1,326
72,2023-05-07 03:10:55.579548,Cameron Morris,michaelgonzalez@example.com,19,411,8,3288
73,2023-05-20 10:44:31.137048,Ashley Williams,natalie24@example.org,5,398,6,2388
74,2023-05-11 10:27:51.542136,William Baker,cjarvis@example.com,5,398,9,3582
75,2023-05-09 03:01:51.092860,Jennifer Sparks,robinsonrobert@example.org,10,447,1,447
76,2023-05-14 01:14:50.443683,Lisa Hall,eharvey@example.net,16,466,8,3728
77,2023-05-27 21:36:39.786592,Christie Trevino,kristopherwise@example.org,10,447,1,447
78,2023-05-26 18:42:06.542837,Joyce Hernandez,haneybrian@example.com,7,98,2,196
79,2023-05-24 11:05:00.849651,Jon Johns,psimmons@example.com,16,466,7,3262
80,2023-05-15 03:15:25.236561,Arthur Rodgers,austinmichelle@example.org,16,466,1,466
81,2023-05-27 11:50:54.959820,Spencer Carter,michaelfitzgerald@example.com,3,438,2,876
82,2023-05-17 05:14:53.707069,Evelyn Brown,fwheeler@example.com,1,44,3,132
83,2023-05-19 21:05:33.585261,Chelsea Daniel,wperez@example.com,15,117,4,468
84,2023-05-25 23:01:29.476054,Michael Cooper,robertblankenship@example.org,1,44,4,176
85,2023-05-26 20:33:19.640172,Jennifer Murray,erin72@example.net,7,98,2,196
86,2023-05-01 10:03:32.866799,Deborah Kramer,megangregory@example.org,1,44,4,176
87,2023-05-02 13:31:28.879525,Shannon Oliver,johnsmith@example.net,4,409,4,1636
88,2023-05-07 06:48:06.151065,Luis Mitchell,williamsmichele@example.net,2,326,9,2934
89,2023-05-29 05:09:00.344191,Samuel Ramos,lhiggins@example.com,20,351,4,1404
90,2023-05-20 04:08:04.218482,Kayla Henderson,fitzgeralddwayne@example.net,17,123,9,1107
91,2023-05-01 01:40:08.802641,Laurie Summers,michael41@example.org,3,438,6,2628
92,2023-05-07 23:51:49.994498,Chris King,tiffany47@example.com,14,445,2,890
93,2023-05-16 04:06:24.990474,Sabrina Williams,linda42@example.net,12,95,4,380
94,2023-05-04 07:07:53.187322,Jill Hernandez,kkelly@example.net,19,411,3,1233
95,2023-05-08 06:36:59.566025,Robert Robinson,vjohnson@example.net,14,445,8,3560
96,2023-05-27 04:24:12.025997,Rhonda Nelson,aaronpowell@example.net,20,351,3,1053
97,2023-05-17 06:17:59.129134,Andrew Hays,craig96@example.com,5,398,7,2786
98,2023-05-24 17:54:34.127872,Erik Buckley,kaitlynmartinez@example.com,3,438,2,876
99,2023-05-17 01:50:22.432155,Elizabeth Rodriguez,natalie94@example.org,5,398,9,3582
100,2023-05-27 12:22:26.991463,Scott Arnold,garrettalicia@example.org,1,44,8,352
101,2023-05-12 08:08:02.371957,Kathryn Bowers,jessicasellers@example.com,1,44,3,132
102,2023-05-18 05:39:59.741074,Jeffrey Lee,salazarsara@example.org,3,438,7,3066
103,2023-05-27 10:52:04.886582,Daniel Rojas,thomasalex@example.org,15,117,3,351
104,2023-05-21 06:31:19.882436,Rebecca Nelson,andrewconrad@example.org,8,272,8,2176
105,2023-05-08 08:59:03.629562,Danny Murphy,savagejacob@example.com,8,272,7,1904
106,2023-05-08 12:05:58.886728,Charles Ortiz DDS,mcphersondavid@example.net,6,305,2,610
107,2023-05-02 09:05:46.245837,Cindy Richardson,eunderwood@example.com,6,305,7,2135
108,2023-05-13 19:17:21.925528,Heather Diaz,kball@example.org,15,117,2,234
109,2023-05-01 03:58:23.119985,Maria Hoffman,morrisfaith@example.net,5,398,5,1990
110,2023-05-05 23:11:18.672870,Jessica Klein,jamesorozco@example.com,16,466,2,932
111,2023-05-11 15:35:42.237313,Mark Hodges,julialevine@example.org,12,95,6,570
112,2023-05-07 22:27:16.854667,Ronald Holmes,jonesaustin@example.com,4,409,7,2863
113,2023-05-15 12:33:41.319329,Lisa Clayton,kristensmith@example.net,12,95,4,380
114,2023-05-27 20:14:36.298921,Julie Higgins,craigstephanie@example.com,17,123,8,984
115,2023-05-23 07:32:32.679585,Jack Boyer,muellerjesus@example.net,19,411,1,411
116,2023-05-27 10:37:55.106231,Pamela Carter DDS,alexandrafry@example.net,14,445,5,2225
117,2023-05-15 11:06:13.760574,Debra Stephens,smithdonna@example.net,7,98,5,490
118,2023-05-12 04:43:27.249514,Cody Green,duranmark@example.org,19,411,8,3288
119,2023-05-18 22:32:50.624474,Kimberly Haynes,jimmy84@example.org,12,95,7,665
120,2023-05-26 07:04:49.812366,Erica Bridges,dowens@example.net,8,272,7,1904
121,2023-05-08 15:41:38.013968,Scott Jimenez,milleradam@example.org,3,438,5,2190
122,2023-05-25 18:20:14.864748,Elizabeth Gregory,hardinfrank@example.org,9,33,7,231
123,2023-05-24 23:58:09.698180,Dr. Bailey Kelley,igarcia@example.org,3,438,5,2190
124,2023-05-18 09:25:40.466955,Kimberly Hobbs,richardjones@example.org,7,98,5,490
125,2023-05-16 11:50:37.017578,Tina Thomas,sturner@example.net,3,438,1,438
126,2023-05-16 12:59:08.766255,Marie Lee,smithkristie@example.net,3,438,6,2628
127,2023-05-20 21:17:30.027249,Beth Perez,gonzalezjeanne@example.org,12,95,6,570
128,2023-05-19 21:42:38.263138,Kevin Ward,zpaul@example.net,14,445,2,890
129,2023-05-21 05:10:23.492832,James Elliott,simpsonjustin@example.org,9,33,4,132
130,2023-05-09 12:23:36.219835,Isabella Bowers,evansjoshua@example.com,5,398,1,398
131,2023-05-15 00:04:08.652993,Luis Jones,sarah47@example.com,19,411,3,1233
132,2023-05-02 18:05:12.114496,Tiffany Brown,mwatson@example.com,9,33,1,33
133,2023-05-25 08:45:25.683020,Jeffrey Williams,kirbyrandy@example.org,14,445,3,1335
134,2023-05-05 10:30:40.711675,Jasmine Levy,uhoward@example.com,15,117,9,1053
135,2023-05-29 22:02:10.224568,Madeline Palmer,simmonsraymond@example.com,14,445,5,2225
136,2023-05-21 18:59:04.680643,Ryan Fry,stevenwatkins@example.com,20,351,4,1404
137,2023-05-29 17:53:56.866048,Stacy Sampson,wtaylor@example.net,15,117,8,936
138,2023-05-07 15:52:31.315689,Samantha Sandoval,tmason@example.com,9,33,8,264
139,2023-05-08 09:00:22.673259,Yvonne Sanchez,boydautumn@example.org,11,33,4,132
140,2023-05-09 22:30:21.859338,John Huynh,christina88@example.net,19,411,9,3699
141,2023-05-18 04:45:05.768733,Curtis Cannon,katherine45@example.net,18,73,6,438
142,2023-05-10 11:34:16.401558,Sandra Carney,rebecca90@example.org,9,33,6,198
143,2023-05-28 12:37:30.514704,Walter Green,alexanderpamela@example.com,16,466,6,2796
144,2023-05-28 19:03:04.850038,Rachael Hill,kathleen24@example.org,9,33,8,264
145,2023-05-21 08:33:44.293514,Lindsay Brown,jonesshawn@example.com,20,351,6,2106
146,2023-05-05 12:36:40.932826,Lisa Joseph,erikafowler@example.com,7,98,7,686
147,2023-05-29 16:14:33.375841,Briana Harvey,bmorris@example.com,17,123,1,123
148,2023-05-29 20:41:28.386978,Holly Adams,mfox@example.org,16,466,6,2796
149,2023-05-23 04:21:44.335022,Tina Valdez,joneslinda@example.net,4,409,8,3272
150,2023-05-10 01:16:44.417303,Andrew Velez,petercase@example.net,18,73,1,73
151,2023-05-25 10:48:22.035660,Edward Pierce,nicholsonashley@example.com,14,445,2,890
152,2023-05-01 14:36:29.368205,Sarah Washington,beckkathryn@example.com,14,445,9,4005
153,2023-05-05 22:06:43.940965,Mrs. Julie Mcfarland,preynolds@example.com,10,447,4,1788
154,2023-05-23 08:41:16.623921,Angela Fisher,bennetterin@example.net,19,411,6,2466
155,2023-05-21 05:22:26.990833,Debbie Gonzalez,langerika@example.org,10,447,2,894
156,2023-05-22 05:38:06.214056,Jennifer Bruce,garciagavin@example.com,18,73,5,365
157,2023-05-20 11:31:22.316294,Tyler Peck,troymitchell@example.com,15,117,2,234
158,2023-05-11 08:28:18.109632,Hannah Baldwin,suttoncharles@example.net,18,73,3,219
159,2023-05-11 04:26:15.664056,Sara Harper,amy53@example.org,19,411,9,3699
160,2023-05-09 15:08:50.849075,Darius Carpenter,kristina50@example.net,15,117,6,702
161,2023-05-26 01:57:48.229565,Joseph Green,laurieblackwell@example.org,17,123,8,984
162,2023-05-06 15:23:58.007326,Emily Marks,lisa58@example.net,5,398,1,398
163,2023-05-18 01:52:30.297820,David Duarte,sloansarah@example.com,8,272,8,2176
164,2023-05-23 11:51:39.678995,Rebecca Green,msimpson@example.org,14,445,7,3115
165,2023-05-14 18:22:29.778655,Mark Edwards,phowe@example.com,18,73,2,146
166,2023-05-14 19:09:10.214276,Mark Kaiser,robert64@example.com,14,445,2,890
167,2023-05-12 04:08:48.609147,David Martinez,uhopkins@example.org,15,117,4,468
168,2023-05-01 08:29:58.604840,Cameron Franco,tlee@example.org,4,409,1,409
169,2023-05-20 08:06:30.445748,Jeffrey Parker,xhansen@example.com,16,466,1,466
170,2023-05-05 06:04:09.938539,Kimberly Jones,michelle49@example.org,17,123,6,738
171,2023-05-07 01:17:10.126567,Stephanie Compton,vicki43@example.net,11,33,7,231
172,2023-05-17 20:13:57.354019,Tracey Davis,ryan41@example.org,16,466,7,3262
173,2023-05-26 22:09:36.279777,Catherine Ferguson,davidjackson@example.org,3,438,5,2190
174,2023-05-21 01:26:39.628881,Timothy Rodriguez,evanstony@example.org,10,447,3,1341
175,2023-05-27 14:59:06.127923,Tara Berry,jennifer56@example.com,20,351,4,1404
176,2023-05-22 05:05:06.546581,Brittany Smith,rebecca90@example.org,7,98,6,588
177,2023-05-04 18:10:42.372530,Catherine Watson,ulewis@example.net,10,447,3,1341
178,2023-05-15 16:58:31.002020,Barbara Lopez,stephanie85@example.com,1,44,4,176
179,2023-05-09 22:44:04.317091,Peter Wright,brittany70@example.net,16,466,7,3262
180,2023-05-16 09:17:03.509173,Laura Gonzalez,timothyanderson@example.net,8,272,1,272
181,2023-05-12 18:35:22.381618,Martha Griffith,keybill@example.net,8,272,9,2448
182,2023-05-24 19:39:19.539655,Stacy Powell,kwarren@example.net,8,272,6,1632
183,2023-05-20 19:14:24.715912,Peggy Lopez,henrykatie@example.org,4,409,8,3272
184,2023-05-02 15:11:32.764689,Shaun Green,sabrina66@example.com,7,98,8,784
185,2023-05-28 20:41:50.614419,Mason Rodriguez,greerjay@example.net,20,351,9,3159
186,2023-05-28 16:08:43.335299,Jeffrey Hall,washingtonmonica@example.org,9,33,8,264
187,2023-05-05 04:50:25.927503,Becky Armstrong,sflynn@example.com,2,326,7,2282
188,2023-05-23 14:55:17.985962,Ashley Wilson,charlesharris@example.com,8,272,9,2448
189,2023-05-12 18:22:38.689272,Joseph Payne,xavierallen@example.org,2,326,6,1956
190,2023-05-21 13:08:34.070513,Jeffrey Flores,martinford@example.org,11,33,8,264
191,2023-05-10 17:24:53.353763,Kristin Davis,yberger@example.net,1,44,2,88
192,2023-05-01 09:21:15.515432,Gabriel Johnson,jacobrandolph@example.net,20,351,5,1755
193,2023-05-02 10:58:12.964926,Debbie Lucas,nmcmahon@example.org,1,44,9,396
194,2023-05-05 06:04:42.173550,Ryan Ward,sanchezaaron@example.com,9,33,5,165
195,2023-05-25 09:29:49.569927,Natalie Torres,matthewharmon@example.net,1,44,6,264
196,2023-05-11 16:12:14.403180,Angel Barnes,lauriegilbert@example.org,8,272,8,2176
197,2023-05-29 06:46:33.193013,Randy Williams,gkirby@example.org,16,466,5,2330
198,2023-05-28 22:36:29.769535,Brittany Mckee,christopher39@example.com,5,398,9,3582
199,2023-05-05 10:36:21.650690,Latoya Barnett,xallen@example.net,19,411,9,3699
200,2023-05-06 22:22:38.028345,Danielle Haney,jennifer04@example.com,9,33,3,99
201,2023-05-10 11:39:43.038189,Cody Montgomery,michael41@example.org,9,33,5,165
202,2023-05-29 16:41:01.872313,Sarah Kelly,katrina27@example.net,13,408,2,816
203,2023-05-27 16:02:29.847922,Nicole Gonzalez,amy10@example.org,20,351,2,702
204,2023-05-26 07:32:33.585807,Joan Calhoun,amymcclure@example.org,9,33,3,99
205,2023-05-29 04:29:11.483647,Kayla Parrish,ashley42@example.org,6,305,3,915
206,2023-05-23 22:30:28.529303,Edward Warren,smithbilly@example.org,16,466,9,4194
207,2023-05-23 22:24:12.412142,Stephen Davis,jesse77@example.org,16,466,8,3728
208,2023-05-23 07:53:20.772196,Katherine Crane,michael07@example.com,9,33,1,33
209,2023-05-26 04:33:08.109003,Zachary Kaufman,tim17@example.com,18,73,3,219
210,2023-05-12 03:35:00.142380,Brianna Hendricks,mhuynh@example.org,20,351,6,2106
211,2023-05-17 03:37:28.915937,Donald Bennett,rosemelissa@example.net,10,447,2,894
212,2023-05-07 07:10:18.902973,Ryan Johnson,laura35@example.net,12,95,5,475
213,2023-05-10 13:02:04.421708,James Bishop,annawhite@example.com,12,95,1,95
214,2023-05-23 10:16:31.812754,Brenda Shaw,georgesantiago@example.org,7,98,5,490
215,2023-05-05 08:42:29.882155,Dylan Camacho,erin33@example.net,11,33,5,165
216,2023-05-18 10:39:37.051725,Jennifer Jenkins,courtney17@example.org,2,326,8,2608
217,2023-05-09 20:08:19.912705,Crystal Shah,jacobgray@example.com,17,123,1,123
218,2023-05-14 05:38:30.204321,Kenneth Green,phamilton@example.com,17,123,1,123
219,2023-05-08 12:15:37.787916,Adam Parks,dschneider@example.org,6,305,1,305
220,2023-05-08 20:05:10.344925,Trevor Wilkins,scharles@example.net,8,272,9,2448
221,2023-05-12 05:07:59.034075,Robert Frazier,amy55@example.net,18,73,5,365
222,2023-05-13 23:53:40.912520,Samantha Villa,shughes@example.net,4,409,9,3681
223,2023-05-13 08:07:31.416382,Dylan George,alancampbell@example.com,8,272,1,272
224,2023-05-06 17:53:22.910776,Melissa Boone,jessicanelson@example.org,9,33,6,198
225,2023-05-10 13:38:35.155432,Robert Drake,allennicole@example.com,16,466,4,1864
226,2023-05-08 11:53:28.190636,Brianna Jackson,jillianfuller@example.org,19,411,7,2877
227,2023-05-06 05:11:31.633091,Gabrielle Smith,danielspaula@example.com,8,272,1,272
228,2023-05-05 00:12:22.110507,Kimberly Holder,sriley@example.net,13,408,2,816
229,2023-05-22 05:45:39.125696,Daniel Coleman,bchen@example.com,17,123,3,369
230,2023-05-19 09:59:30.085434,Shirley Marsh,wilsonmanuel@example.net,14,445,1,445
231,2023-05-09 15:54:09.953438,Jacob Wheeler,kimberly94@example.net,12,95,2,190
232,2023-05-21 17:28:54.503640,Andrew Morgan,hebertluke@example.org,13,408,8,3264
233,2023-05-18 17:26:09.606825,Julie Compton,steve14@example.net,5,398,8,3184
234,2023-05-16 02:34:19.242668,Joshua Norris,sandersjeremiah@example.net,4,409,2,818
235,2023-05-22 00:54:00.479615,Margaret Schmidt,yvonnebailey@example.net,1,44,1,44
236,2023-05-08 18:09:50.266440,Tricia Rodriguez,udonaldson@example.com,18,73,8,584
237,2023-05-19 21:35:00.272087,Nathaniel Haynes,mackenziepayne@example.com,20,351,9,3159
238,2023-05-03 03:05:33.404044,Brittany Olsen,westwilliam@example.org,6,305,4,1220
239,2023-05-24 02:54:29.626334,Elijah Young,jjohnson@example.org,7,98,7,686
240,2023-05-29 06:17:45.991892,Jose Willis,wdodson@example.com,16,466,7,3262
241,2023-05-14 17:25:26.123255,Chad Cooley,courtney86@example.net,8,272,9,2448
242,2023-05-05 09:18:05.803494,Jacob Wolf,jeffrey06@example.com,19,411,9,3699
243,2023-05-10 09:46:40.092161,Denise Prince,thowell@example.com,20,351,1,351
244,2023-05-21 07:29:18.779610,Jonathan Jackson,lmcgee@example.org,17,123,2,246
245,2023-05-19 07:24:27.711445,Jaclyn Goodman,tammybrown@example.org,15,117,4,468
246,2023-05-07 22:45:54.687112,Jeffrey Simmons,vburton@example.net,8,272,6,1632
247,2023-05-26 19:11:29.352919,Matthew Pope,rebecca55@example.com,19,411,4,1644
248,2023-05-23 11:17:03.059407,Colleen Harris,summersjoann@example.org,2,326,1,326
249,2023-05-16 00:42:23.417335,Jenna Cabrera,scarter@example.org,16,466,7,3262
250,2023-05-28 15:25:38.799612,Juan Obrien,yeaton@example.com,3,438,3,1314
251,2023-05-03 07:21:49.362605,Robert Carter,stephen00@example.com,20,351,9,3159
252,2023-05-16 05:32:26.078197,Tina Nguyen,christopherthompson@example.net,3,438,1,438
253,2023-05-17 06:47:25.081045,Robert Santiago,richard04@example.com,6,305,3,915
254,2023-05-03 01:01:24.729998,Sara Bell,xbrown@example.net,5,398,8,3184
255,2023-05-06 17:56:15.839774,Manuel Davidson,christopher82@example.com,20,351,4,1404
256,2023-05-06 23:42:21.448426,Maria Rodriguez,joe01@example.org,16,466,4,1864
257,2023-05-08 13:35:07.507006,Kristen Rivera,jsanchez@example.net,2,326,1,326
258,2023-05-14 02:10:58.393810,Bobby Parker,christopherdonovan@example.org,7,98,4,392
259,2023-05-15 15:36:43.986555,Andrew Shaw,imoore@example.net,10,447,7,3129
260,2023-05-23 18:02:12.259374,Brandon White,josephsmith@example.net,1,44,7,308
261,2023-05-25 08:06:34.552981,Ricky Taylor MD,sarahsantiago@example.net,6,305,8,2440
262,2023-05-20 23:27:39.236832,Meredith Stewart,leejacob@example.net,1,44,9,396
263,2023-05-28 16:25:55.339305,Carol Miles,kyliefisher@example.net,9,33,2,66
264,2023-05-28 08:01:40.233545,Brandon Abbott,timothybarnes@example.net,4,409,9,3681
265,2023-05-22 12:46:07.213260,Elizabeth Thornton,nicole66@example.com,4,409,7,2863
266,2023-05-08 08:49:09.469479,James Armstrong,stephanie32@example.com,18,73,8,584
267,2023-05-23 19:28:01.682752,Lucas Jenkins,obennett@example.net,8,272,5,1360
268,2023-05-28 05:26:02.924712,Brooke Shaw MD,umyers@example.com,12,95,7,665
269,2023-05-15 04:02:40.795115,Johnny Gibson,jgalvan@example.org,5,398,6,2388
270,2023-05-10 02:28:03.442576,Joseph Vincent,sherryhanson@example.org,12,95,9,855
271,2023-05-04 19:42:40.915165,Kristina Austin,powellleon@example.net,15,117,7,819
272,2023-05-09 03:24:23.732910,Christopher Davis,jonathanhansen@example.com,10,447,2,894
273,2023-05-18 16:39:06.963557,Tyler Lam,kingwesley@example.com,1,44,8,352
274,2023-05-02 20:51:15.959596,Sandra Li,vayers@example.com,10,447,2,894
275,2023-05-06 10:06:45.060895,Sharon Jones,codywatson@example.com,16,466,6,2796
276,2023-05-18 01:13:46.985838,David Perry PhD,xrivera@example.org,13,408,8,3264
277,2023-05-18 18:32:21.975358,Karen Bell,phowell@example.net,2,326,9,2934
278,2023-05-18 03:10:08.470610,Pamela Gonzales MD,christopherjohnson@example.net,5,398,5,1990
279,2023-05-10 12:16:33.914223,Jamie Patton,ogreen@example.org,15,117,6,702
280,2023-05-29 02:06:31.549097,Lindsay Owen,patrickpaul@example.net,8,272,7,1904
281,2023-05-27 14:51:36.672579,Mr. Curtis Gonzalez,leemargaret@example.org,19,411,4,1644
282,2023-05-02 00:42:22.803038,Jonathon Romero,crystalhunter@example.org,14,445,9,4005
283,2023-05-26 07:16:39.315343,Dr. Kelsey Powers,ashleygonzalez@example.net,13,408,8,3264
284,2023-05-23 11:13:45.530613,Kimberly Potts,elliottkristen@example.org,7,98,2,196
