order_id,order_date,customer_name,customer_email,product_id,price,quantity,total
1,2023-07-21 06:21:49.356318,Carlos Garrett,thuynh@example.org,11,33,2,66
2,2023-07-17 16:41:16.437630,Dr. Yolanda Marsh,michelle28@example.net,6,305,3,915
3,2023-07-29 00:48:33.309802,Johnathan Cruz,reynoldsjoshua@example.org,6,305,2,610
4,2023-07-05 23:17:56.193268,Jennifer Rosales,brian88@example.org,10,447,6,2682
5,2023-07-25 22:16:34.868774,Christopher Richardson,navila@example.org,10,447,6,2682
6,2023-07-21 18:51:51.765163,Mercedes Hunt,troyevans@example.org,19,411,7,2877
7,2023-07-13 04:33:47.351883,Tyler Allison,benjamin25@example.org,6,305,9,2745
8,2023-07-21 04:50:48.714656,Jessica Smith,dawnmiller@example.com,1,44,2,88
9,2023-07-06 21:26:46.630229,Corey Gonzalez,melindamarks@example.com,8,272,9,2448
10,2023-07-01 14:07:15.553552,Shawn Galloway,umonroe@example.net,8,272,8,2176
11,2023-07-19 19:55:42.693797,Victoria Lopez,vreed@example.org,7,98,6,588
12,2023-07-16 10:05:59.000103,Crystal Jones,salasandrew@example.net,3,438,2,876
13,2023-07-21 05:44:38.517760,Jennifer Hopkins,rwilliams@example.org,3,438,7,3066
14,2023-07-23 09:28:06.785249,Jacob Jones,slewis@example.org,7,98,9,882
15,2023-07-23 12:55:46.958960,Bryan Knight,joseph99@example.net,2,326,9,2934
16,2023-07-11 13:31:48.731110,Regina Hays,rmerritt@example.net,3,438,9,3942
17,2023-07-09 15:57:41.540450,Richard Ortiz,craiglarson@example.org,11,33,3,99
18,2023-07-17 14:32:05.131453,Paul Jackson,amandaberry@example.com,9,33,6,198
19,2023-07-26 00:52:58.272409,Samantha Lewis,williamssarah@example.com,14,445,2,890
20,2023-07-17 16:56:57.384501,Christopher Oliver,fandrews@example.org,13,408,3,1224
21,2023-07-27 07:58:43.770355,Blake Carter,brettsanford@example.org,14,445,7,3115
22,2023-07-21 09:09:11.031621,Douglas Thomas,inoble@example.com,11,33,1,33
23,2023-07-25 10:51:30.302356,Jennifer Reid,mary95@example.net,3,438,7,3066
24,2023-07-15 15:10:56.266349,Rebecca Lozano,lauriemartinez@example.com,10,447,6,2682
25,2023-07-22 06:53:50.609719,Cynthia Williams,ericpeterson@example.net,19,411,6,2466
26,2023-07-17 08:16:36.935503,Christopher Watts,fmorris@example.com,15,117,7,819
27,2023-07-01 08:27:04.516833,Eric Montes,suzanne48@example.net,2,326,3,978
28,2023-07-04 20:34:03.622321,Lindsay Ward,rgonzales@example.org,10,447,5,2235
29,2023-07-18 21:57:43.354550,Kristen Ruiz,campbellchristine@example.org,8,272,5,1360
30,2023-07-18 11:41:17.194603,Daniel Jackson,ryan66@example.com,17,123,5,615
31,2023-07-27 13:34:12.227766,Chad Ferguson,zwilliamson@example.net,17,123,4,492
32,2023-07-04 23:17:39.605411,David Evans,dananelson@example.net,17,123,6,738
33,2023-07-28 05:32:31.961323,James Sandoval,lopezchelsea@example.com,9,33,7,231
34,2023-07-20 11:07:18.541971,Sheri Perez,umason@example.org,2,326,2,652
35,2023-07-04 06:56:54.501354,Stephanie Baker,yroberson@example.net,18,73,2,146
36,2023-07-26 20:28:34.142324,Shelby Jones,trantyler@example.org,5,398,2,796
37,2023-07-13 17:21:18.424806,Megan Dillon,hreed@example.com,9,33,6,198
38,2023-07-29 14:16:36.675580,Aaron Mcdonald,benjamin57@example.com,6,305,6,1830
39,2023-07-14 08:55:35.196154,Tiffany Orozco,seanrobertson@example.com,9,33,6,198
40,2023-07-24 19:34:55.116005,Caleb Lester,kmartinez@example.net,14,445,4,1780
41,2023-07-12 13:32:53.121910,Dustin Palmer,csalinas@example.net,17,123,1,123
42,2023-07-10 14:51:16.281462,Heidi Stein,kimberly66@example.com,8,272,6,1632
43,2023-07-11 05:56:06.155632,Taylor Johnson,patrick37@example.com,1,44,4,176
44,2023-07-23 19:58:56.653939,Betty Goodwin,qross@example.org,4,409,6,2454
45,2023-07-17 04:41:56.448205,Amy Rios,gallowayvanessa@example.net,13,408,9,3672
46,2023-07-10 12:06:03.074867,Larry White,humphreychristina@example.com,2,326,9,2934
47,2023-07-24 07:04:18.467308,Rebecca Carter MD,lauren03@example.com,7,98,5,490
48,2023-07-01 03:21:19.525290,Erik Day PhD,bonillagerald@example.net,8,272,4,1088
49,2023-07-08 04:54:56.578529,Taylor Liu,lance03@example.com,4,409,4,1636
50,2023-07-07 17:19:05.967115,Linda Tapia,lreeves@example.net,3,438,1,438
51,2023-07-24 00:52:00.656950,Michael Gonzales,flemingamber@example.net,18,73,9,657
52,2023-07-23 02:05:22.122732,Elizabeth Mcpherson,kellynorris@example.com,6,305,4,1220
53,2023-07-26 07:08:37.950033,Elizabeth Rice,cindy99@example.org,11,33,6,198
54,2023-07-07 02:24:33.589405,Emily Bond,sarahbaker@example.net,6,305,5,1525
55,2023-07-22 22:03:27.575716,Brandon Garcia,shawn80@example.com,5,398,6,2388
56,2023-07-14 03:18:28.668223,Bryan Morales,pam83@example.org,16,466,2,932
57,2023-07-29 08:29:49.689794,Douglas Jones,marie68@example.org,10,447,5,2235
58,2023-07-10 16:39:32.459037,Travis Carter,richard99@example.com,2,326,4,1304
59,2023-07-17 07:42:25.227594,Gary Mitchell,amyallen@example.org,19,411,9,3699
60,2023-07-26 09:29:21.932140,Sonya Austin,ehouston@example.net,4,409,4,1636
61,2023-07-03 19:45:15.322662,George Carter,moorelauren@example.net,11,33,7,231
62,2023-07-03 09:12:36.358638,Maria Rose,zhill@example.net,14,445,7,3115
63,2023-07-08 22:31:02.145284,Mary Smith,heather49@example.com,19,411,8,3288
64,2023-07-11 13:58:18.519690,Glenn Johnson,jacksonchristopher@example.org,20,351,3,1053
65,2023-07-22 10:32:18.617456,Jodi George,roy15@example.org,5,398,5,1990
66,2023-07-10 08:41:02.125316,Jennifer Anderson,brownmichelle@example.com,4,409,3,1227
67,2023-07-28 08:48:30.971329,Keith Barrera,johnsilva@example.net,15,117,7,819
68,2023-07-07 21:11:16.750343,Alison Benson,yli@example.com,10,447,8,3576
69,2023-07-13 06:20:48.230156,Todd Hill,griffinthomas@example.com,16,466,4,1864
70,2023-07-02 09:08:31.343341,Phillip Burns,josesimpson@example.org,16,466,5,2330
71,2023-07-29 01:16:38.564654,Denise Petty,lisakim@example.com,8,272,2,544
72,2023-07-07 08:10:56.051294,Adam Hensley,kelleytyler@example.net,6,305,2,610
73,2023-07-21 17:13:51.699562,Luke Davis,powersrobert@example.net,12,95,5,475
74,2023-07-25 18:44:54.185835,Donna Robles,jgordon@example.net,17,123,4,492
75,2023-07-16 03:59:17.927544,Jill Roberson,rhodescasey@example.org,2,326,4,1304
76,2023-07-13 09:39:38.649968,Luis Simpson,theresa01@example.net,1,44,8,352
77,2023-07-17 18:55:32.264117,Kevin Joyce,millerdaniel@example.org,11,33,7,231
78,2023-07-05 05:03:15.948606,Christopher Santana,erik43@example.com,11,33,5,165
79,2023-07-26 08:12:09.647233,Brittany Sparks,richardsteven@example.com,11,33,3,99
80,2023-07-27 20:09:42.300881,Jordan Jackson,john76@example.org,10,447,5,2235
81,2023-07-29 15:38:49.662342,Christopher Caldwell,rebeccaanthony@example.com,15,117,3,351
82,2023-07-29 08:05:21.545117,Hector Williams,amy40@example.com,6,305,8,2440
83,2023-07-08 12:04:35.661595,Heather Jimenez,adam52@example.com,6,305,5,1525
84,2023-07-02 14:59:51.403359,Robert Cook,amycurtis@example.com,16,466,1,466
85,2023-07-05 07:27:25.860378,Mrs. Cindy Johnson,waltersgregory@example.com,7,98,9,882
86,2023-07-14 13:25:18.602138,Colleen Dorsey,kendramurphy@example.org,14,445,7,3115
87,2023-07-17 02:32:36.394364,Jeremiah Morales,twilson@example.com,8,272,4,1088
88,2023-07-17 06:23:47.041022,Karen Walker,robertmartinez@example.net,12,95,4,380
89,2023-07-12 07:23:02.021212,Heather Contreras,rturner@example.com,3,438,4,1752
90,2023-07-21 08:22:23.553003,Kelly Mann,paulhoward@example.net,10,447,4,1788
91,2023-07-24 10:20:28.153772,Darrell Yates,dawnstrickland@example.org,5,398,1,398
92,2023-07-03 20:26:52.537574,Jared Cowan,stephanie37@example.com,20,351,7,2457
93,2023-07-14 17:05:46.711966,Chad Medina,juanfoster@example.net,4,409,9,3681
94,2023-07-01 07:34:57.209958,Sharon Elliott,lewisandrea@example.net,3,438,3,1314
95,2023-07-25 09:15:28.990652,Timothy Patel,billy04@example.com,9,33,8,264
96,2023-07-24 19:02:04.129816,Janet Morales,shannonstanley@example.net,7,98,3,294
97,2023-07-08 18:52:16.071931,Michelle Rodgers,bsherman@example.org,6,305,8,2440
98,2023-07-19 21:46:59.698398,Dennis Moran,staceywebster@example.com,11,33,7,231
99,2023-07-18 18:35:52.258162,Elizabeth Weaver,jimmy84@example.org,8,272,1,272
100,2023-07-11 13:36:14.650859,Alex Moreno,charlesharrell@example.com,18,73,3,219
101,2023-07-01 00:40:40.924363,Katie Mccormick,oscar99@example.net,19,411,2,822
102,2023-07-25 11:09:48.516266,Lance Taylor,zparker@example.net,11,33,3,99
103,2023-07-19 13:23:12.222038,Erin Grant,jeffreyherrera@example.org,13,408,2,816
104,2023-07-06 11:12:27.306629,Timothy Jones,matthewchavez@example.net,18,73,9,657
105,2023-07-27 15:05:32.650880,Andrew Church,garrettsandra@example.org,16,466,2,932
106,2023-07-25 03:45:08.152164,Allison Haynes,khenderson@example.com,12,95,6,570
107,2023-07-02 23:47:43.714816,Jessica Lewis,rogersjanice@example.net,1,44,8,352
108,2023-07-06 06:47:35.154329,Adam Boyd,karenwagner@example.org,4,409,6,2454
109,2023-07-01 12:54:32.838110,Ruben Aguilar,swoodard@example.org,6,305,5,1525
110,2023-07-29 16:18:51.173973,Kenneth Wright,usmith@example.net,2,326,8,2608
111,2023-07-04 19:17:58.433853,Kyle Campos,vcordova@example.org,18,73,8,584
112,2023-07-14 22:18:40.127582,Jessica Mitchell,diazgary@example.org,6,305,2,610
113,2023-07-16 18:54:56.203581,Lisa Rodgers,nicole80@example.org,3,438,6,2628
114,2023-07-21 08:58:36.665639,Melissa Owen,hoffmancynthia@example.org,20,351,9,3159
115,2023-07-21 09:41:01.668952,Dorothy Monroe,abigailgutierrez@example.org,14,445,9,4005
116,2023-07-27 18:08:57.522344,Dennis Pratt,qwright@example.com,16,466,7,3262
117,2023-07-29 22:44:39.038080,Robert Shepherd,ehamilton@example.net,18,73,5,365
118,2023-07-29 15:37:45.503078,Calvin Cobb,jason29@example.net,7,98,5,490
119,2023-07-11 01:37:48.816607,Nicholas Rodriguez,traceywillis@example.net,15,117,1,117
120,2023-07-08 02:25:45.409723,Rachael Montes,crystalkaufman@example.net,17,123,5,615
121,2023-07-26 07:02:36.555821,Wayne Potts,jonathanclark@example.com,5,398,7,2786
122,2023-07-27 16:03:05.775998,Harry Dixon,thompsonrebecca@example.org,18,73,1,73
123,2023-07-21 22:52:29.510997,Brenda Johnson,wesley73@example.org,14,445,2,890
124,2023-07-23 05:06:01.689015,Nichole Black,greennoah@example.org,12,95,4,380
125,2023-07-01 18:36:13.132471,Amanda Sanders,sjones@example.org,1,44,3,132
126,2023-07-19 06:21:52.460889,Ronald Lam,jcopeland@example.com,9,33,8,264
127,2023-07-08 07:31:46.840044,Cathy Medina,tuckerrobert@example.org,15,117,4,468
128,2023-07-16 13:58:19.323503,Jesse Evans,oconnorfrank@example.com,11,33,2,66
129,2023-07-10 04:28:18.673363,Erin Goodwin,kevin16@example.com,6,305,8,2440
130,2023-07-02 05:44:34.546414,Colin Perez,tamarathomas@example.com,5,398,8,3184
131,2023-07-12 17:42:27.571758,Kristin Harrison,timothy29@example.org,3,438,7,3066
132,2023-07-13 11:21:35.311787,Denise Hoffman,nicholas59@example.net,8,272,3,816
133,2023-07-29 00:35:22.817439,Brian Moore,elizabethkelley@example.net,14,445,3,1335
134,2023-07-02 05:42:48.548077,Carly Scott,okennedy@example.net,5,398,4,1592
135,2023-07-11 06:51:49.152944,Cameron Rodriguez,williamflores@example.org,11,33,7,231
136,2023-07-09 01:30:13.023304,Anthony Moon,glennallen@example.net,1,44,6,264
137,2023-07-20 13:08:42.983062,Joe Reed,johnsloan@example.com,5,398,9,3582
138,2023-07-20 14:37:08.748524,Valerie Briggs,jolsen@example.com,13,408,8,3264
139,2023-07-04 13:11:46.423684,John Morrison,fergusonkimberly@example.com,14,445,6,2670
140,2023-07-22 08:46:13.710321,Jeffery Hubbard,deborah37@example.net,14,445,7,3115
141,2023-07-18 18:25:20.521919,Dustin Duke,maryrichardson@example.net,16,466,5,2330
142,2023-07-05 23:40:41.735175,Adam Baldwin,steinjill@example.org,2,326,2,652
143,2023-07-22 08:55:26.707994,Brent Chapman,morrissharon@example.com,4,409,6,2454
144,2023-07-26 09:34:02.206872,Walter Mccormick,karengaines@example.net,7,98,7,686
145,2023-07-04 02:33:52.237848,Tammy Parker,william08@example.net,10,447,8,3576
146,2023-07-05 00:35:37.222497,Cheryl Bridges,shelley06@example.net,17,123,3,369
147,2023-07-12 22:25:02.864188,Colleen Simmons,davisjohn@example.net,1,44,5,220
148,2023-07-02 05:56:19.374747,Nathan Lambert,gcooper@example.com,12,95,6,570
149,2023-07-28 01:07:08.831631,Michael Randall,david70@example.org,9,33,4,132
150,2023-07-26 12:09:20.830636,Eric Travis,jack59@example.com,11,33,3,99
151,2023-07-08 08:21:31.360314,Michele Gomez,tshields@example.org,2,326,9,2934
152,2023-07-28 07:45:26.984910,Kayla Martin,michelle22@example.com,19,411,3,1233
153,2023-07-13 09:40:12.389447,Angela Parker,fletcherkaren@example.com,10,447,1,447
154,2023-07-28 12:05:48.376579,Bonnie Cruz,heidi56@example.com,11,33,8,264
155,2023-07-11 01:06:21.227573,Margaret Howe,nwallace@example.net,5,398,1,398
156,2023-07-02 00:53:20.774829,Alec Mendoza,derek04@example.org,4,409,1,409
157,2023-07-02 04:14:00.365955,Christopher Ellis,ufarrell@example.com,17,123,3,369
158,2023-07-17 19:35:59.248685,Debra Hodges,nicholas38@example.net,7,98,3,294
159,2023-07-16 03:43:25.122034,Jason Flowers,rerickson@example.com,10,447,3,1341
160,2023-07-27 23:59:03.202000,Michael Jennings,mthomas@example.com,3,438,5,2190
161,2023-07-02 03:11:46.344771,Jacob Clark,terryjennifer@example.com,13,408,4,1632
162,2023-07-05 21:49:11.487093,Evelyn Khan,nhart@example.org,16,466,8,3728
163,2023-07-20 00:06:34.464634,Brian Fisher,christinasmith@example.org,2,326,9,2934
164,2023-07-09 20:14:39.600457,David Roach,pattersonhelen@example.com,13,408,6,2448
165,2023-07-16 15:36:33.603207,Michele Ramirez,farrelljenny@example.org,15,117,8,936
166,2023-07-24 06:22:30.376602,Kathleen Ortega,bmiller@example.com,14,445,7,3115
167,2023-07-15 02:43:41.324887,Kayla Bradford,pdavis@example.net,1,44,4,176
168,2023-07-06 20:50:11.887384,Cindy Mitchell,brianhendricks@example.net,10,447,4,1788
169,2023-07-16 19:44:15.258927,Molly James DDS,shannon04@example.net,6,305,1,305
170,2023-07-14 23:53:53.935603,Russell Rubio,scottmartin@example.com,16,466,1,466
171,2023-07-19 06:37:24.017786,John Ryan,castrogregory@example.com,14,445,4,1780
172,2023-07-13 11:05:19.453177,Nathaniel Parker,dgardner@example.com,12,95,9,855
173,2023-07-07 20:21:39.352867,Nicole Morgan,adamgross@example.net,12,95,2,190
174,2023-07-10 18:19:56.934210,Lauren Campos,millerjose@example.net,4,409,7,2863
175,2023-07-18 07:44:01.259196,Daniel Lynch,kristencook@example.org,1,44,7,308
176,2023-07-23 04:18:54.086507,Nancy Cox,alyssalawrence@example.net,13,408,9,3672
177,2023-07-12 21:28:03.087369,Heather Olson,gardnerkathleen@example.org,1,44,4,176
178,2023-07-14 18:04:20.729241,Curtis Finley,joshua10@example.org,14,445,8,3560
179,2023-07-06 02:58:43.340058,Christopher Craig,phillipsjennifer@example.com,2,326,5,1630
180,2023-07-28 23:14:00.219973,Lindsey Mcbride,robertarmstrong@example.net,7,98,4,392
181,2023-07-06 14:00:46.410933,Patrick Jones,ryanryan@example.org,16,466,3,1398
182,2023-07-20 00:32:19.699023,Diana Gonzalez,michael93@example.org,2,326,3,978
183,2023-07-16 05:22:17.528951,Carol Anderson,johnny30@example.org,8,272,4,1088
184,2023-07-06 07:54:16.790759,John Hill,edwardsmith@example.net,15,117,6,702
185,2023-07-15 10:44:55.025408,Ann Ryan,wreed@example.com,15,117,3,351
186,2023-07-17 16:35:37.193464,Holly Walker,gphillips@example.com,7,98,2,196
187,2023-07-04 22:03:28.133480,Todd Krause,judy17@example.net,18,73,7,511
188,2023-07-11 09:30:05.268230,Tiffany Eaton,joseph10@example.net,17,123,1,123
189,2023-07-27 04:26:38.729418,Ryan Fritz,hdean@example.org,1,44,8,352
190,2023-07-29 03:18:13.504177,Stacey Hines,charleshubbard@example.com,15,117,5,585
191,2023-07-03 19:06:35.542693,Matthew Wells,newtonrenee@example.com,14,445,2,890
192,2023-07-08 18:15:25.239116,Tammy Burns,stantonsteven@example.net,2,326,8,2608
193,2023-07-23 00:21:08.372939,Deborah Navarro,michael11@example.net,5,398,5,1990
194,2023-07-01 10:54:05.407158,Vicki Hernandez,jaimemaxwell@example.org,5,398,9,3582
195,2023-07-28 17:18:15.089003,Brandon Lee,ewhitaker@example.com,11,33,9,297
196,2023-07-26 05:54:13.788014,Joseph Jackson,mmiller@example.org,20,351,5,1755
197,2023-07-04 04:07:59.469693,Cassie Boyd,austinwallace@example.org,18,73,1,73
198,2023-07-22 06:03:25.793338,Lisa Gomez,vbrooks@example.net,10,447,8,3576
199,2023-07-19 16:37:33.897683,Jacob Gross,hhart@example.net,1,44,5,220
200,2023-07-22 22:40:29.534879,Kimberly Davis,rebecca93@example.com,19,411,8,3288
201,2023-07-29 03:49:05.323413,Lisa Smith,lbrooks@example.org,7,98,5,490
202,2023-07-15 12:48:13.720645,Emily Obrien,xmoore@example.com,12,95,9,855
203,2023-07-28 03:41:43.091674,Cynthia Kennedy,bethanykirby@example.com,5,398,7,2786
204,2023-07-04 18:20:55.935450,Nicole Huerta,miguelnelson@example.com,2,326,6,1956
205,2023-07-23 16:33:23.498044,Erin Guerra,bjohnson@example.net,18,73,8,584
206,2023-07-27 13:24:46.888570,George Lucas,patrickpittman@example.net,17,123,6,738
207,2023-07-11 09:52:49.672290,Joseph Shea,ypatton@example.org,6,305,7,2135
208,2023-07-12 13:13:17.618514,Lisa Rangel,nicholascummings@example.net,3,438,6,2628
209,2023-07-01 21:58:45.105647,Todd Howard,ucabrera@example.net,19,411,3,1233
210,2023-07-23 18:25:32.969642,Timothy Braun,ashlee22@example.net,19,411,6,2466
211,2023-07-02 14:04:00.593404,Charles Medina,anthony40@example.net,8,272,4,1088
212,2023-07-13 18:32:10.692756,Renee Scott,hannakaren@example.net,19,411,4,1644
213,2023-07-02 21:32:43.268952,Robert Compton,ebarnes@example.net,18,73,4,292
214,2023-07-26 11:32:15.619066,Natalie Gray,chloegates@example.com,20,351,3,1053
215,2023-07-13 03:31:18.772454,Krystal Brown,hwoodward@example.com,19,411,7,2877
216,2023-07-22 12:15:11.940277,Tim Shea,zgonzalez@example.com,11,33,2,66
217,2023-07-07 13:34:26.477112,Paula Wilcox,dannydominguez@example.com,14,445,8,3560
218,2023-07-15 07:22:21.056844,Adam Oliver,melaniebell@example.org,11,33,8,264
219,2023-07-16 22:33:27.662181,Rebecca Anderson,garciarick@example.com,16,466,4,1864
220,2023-07-10 09:28:11.325210,Ashley Brown,chavezlatoya@example.org,14,445,1,445
221,2023-07-10 12:43:49.482294,Rodney Lynch,gonzalesellen@example.com,9,33,7,231
222,2023-07-02 14:37:01.812117,Juan Young,mgill@example.net,13,408,6,2448
223,2023-07-05 15:39:27.710442,Michael Little,glenn93@example.com,12,95,6,570
224,2023-07-23 21:55:15.021747,Robert Cole,burnsharry@example.com,8,272,2,544
225,2023-07-10 10:37:50.764197,Keith Hardy,jacksoncynthia@example.com,2,326,9,2934
226,2023-07-09 09:56:40.406612,Nathaniel Sellers,wandersen@example.net,4,409,8,3272
227,2023-07-10 20:55:06.325888,Carrie Miranda,nathanowens@example.org,5,398,4,1592
228,2023-07-20 23:35:19.695270,Stacey Conway MD,dean15@example.net,2,326,5,1630
229,2023-07-22 18:34:30.022318,Jasmine Snyder,eric46@example.org,9,33,7,231
230,2023-07-10 13:48:03.863806,Nathan Johnson,gallowayjames@example.org,8,272,6,1632
231,2023-07-29 07:53:13.330957,Shannon Reese,johnbridges@example.org,4,409,2,818
232,2023-07-04 18:28:16.167866,Matthew Yu,rfloyd@example.org,6,305,1,305
233,2023-07-19 03:10:42.333705,Michael Jones,derrick61@example.com,8,272,2,544
234,2023-07-27 19:57:23.720132,Stephanie Martin,oliviamarquez@example.net,3,438,1,438
235,2023-07-21 23:38:38.655517,Robert Johnson,charles35@example.net,3,438,3,1314
236,2023-07-08 01:59:53.742952,Jennifer Owen,leevanessa@example.org,20,351,7,2457
237,2023-07-22 22:19:44.850977,Leah King,gibsonanthony@example.org,6,305,8,2440
238,2023-07-23 21:16:11.599568,Jamie Chambers,vramirez@example.net,8,272,7,1904
239,2023-07-23 18:29:51.392792,Donna Harrison,eanderson@example.com,11,33,5,165
240,2023-07-06 17:41:51.853011,Bryan Reyes,oalvarez@example.org,15,117,5,585
241,2023-07-12 05:21:06.314324,Monique Ross,russell15@example.com,5,398,2,796
242,2023-07-11 16:13:07.293953,Michelle Warner,johnsonjuan@example.net,19,411,2,822
243,2023-07-04 19:20:45.097378,David Ferrell,courtneyoneill@example.com,9,33,8,264
244,2023-07-03 09:59:04.007380,Monica Blanchard,lrogers@example.net,17,123,8,984
245,2023-07-15 15:17:46.591088,Lydia Edwards,jill62@example.org,17,123,5,615
246,2023-07-07 21:52:04.413819,John Edwards,donovanrhonda@example.net,14,445,1,445
247,2023-07-01 23:25:44.802717,Brett Ramirez,natasharobinson@example.com,12,95,6,570
248,2023-07-10 02:19:47.935803,Eugene Long,tdouglas@example.com,13,408,6,2448
249,2023-07-25 21:03:49.291530,Ariana Young,stephanie54@example.net,13,408,9,3672
250,2023-07-22 18:14:15.930170,Antonio Mcdonald,sherry17@example.com,3,438,4,1752
251,2023-07-06 15:41:55.366469,George Odom,joshuakelley@example.org,2,326,8,2608
252,2023-07-27 17:58:01.531840,Thomas Williams,cortezhelen@example.org,12,95,1,95
253,2023-07-19 06:41:34.367577,Marcus Cole,logan51@example.org,3,438,2,876
254,2023-07-28 23:43:11.985573,Linda Oneal,johnstewart@example.org,1,44,9,396
255,2023-07-07 04:10:27.486597,Bradley Compton,michelle59@example.com,11,33,8,264
256,2023-07-14 17:29:23.937516,Kathy Adams,kim00@example.net,1,44,4,176
257,2023-07-07 09:41:50.906539,Tiffany Taylor,baileyadam@example.com,3,438,9,3942
258,2023-07-01 16:24:26.633806,Charles Murphy,brandtchristopher@example.org,1,44,1,44
259,2023-07-13 13:31:01.831005,Jennifer Stark,rickywalker@example.com,10,447,6,2682
260,2023-07-05 01:44:47.790110,Alisha Smith,sadams@example.net,15,117,3,351
261,2023-07-17 19:49:37.737916,Andrew Smith,daniel50@example.com,1,44,2,88
262,2023-07-12 09:29:30.643241,Richard Madden,lduncan@example.org,3,438,6,2628
263,2023-07-16 23:28:22.436344,Jeffrey Monroe,pamelahansen@example.com,17,123,9,1107
264,2023-07-25 14:01:49.797698,Jennifer Castillo,fordconnor@example.net,17,123,4,492
265,2023-07-11 20:52:36.444900,Ashley Brown,brittneybeard@example.com,20,351,6,2106
266,2023-07-15 22:33:23.753283,William Cruz,christine13@example.net,7,98,4,392
267,2023-07-03 22:54:54.399564,Robert Bennett,robin36@example.net,15,117,8,936
268,2023-07-28 21:29:55.139874,Theodore Barry,achapman@example.com,11,33,6,198
269,2023-07-17 13:15:50.023643,Stephanie Herman,katie87@example.org,17,123,4,492
270,2023-07-17 08:49:20.043175,Sheila Hawkins,kristen31@example.net,2,326,4,1304
271,2023-07-05 19:28:56.057314,John Kelley,kurtsteele@example.com,16,466,6,2796
272,2023-07-11 23:02:29.739553,Hannah Saunders,pmiller@example.org,15,117,5,585
273,2023-07-11 21:50:33.201113,Ronald Peterson,phillipsdarren@example.org,8,272,5,1360
274,2023-07-03 04:25:53.968825,Amanda Santos,james35@example.com,2,326,4,1304
275,2023-07-10 14:44:41.952640,Steven Williams,vwinters@example.com,7,98,2,196
276,2023-07-19 15:50:47.299569,Matthew Hall,hodgeslori@example.net,15,117,7,819
277,2023-07-06 23:42:37.556089,Savannah Chapman,shannonbowen@example.net,20,351,5,1755
278,2023-07-23 10:16:57.965928,Lisa Parks,gracesimmons@example.net,6,305,4,1220
279,2023-07-12 23:23:16.936099,Clinton Coleman,rebecca13@example.org,8,272,2,544
280,2023-07-28 09:46:31.117268,Tracy Dixon,cameron04@example.net,19,411,7,2877
281,2023-07-12 05:12:12.063269,Sara Burgess,watkinssteven@example.com,17,123,8,984
282,2023-07-02 09:54:35.003827,Rhonda Kelley,qoconnor@example.org,7,98,8,784
283,2023-07-10 21:29:25.154967,Kelly Schneider,charlesgraham@example.net,3,438,3,1314
284,2023-07-22 00:45:31.538563,Timothy Pineda,peterwilliams@example.com,3,438,1,438
285,2023-07-28 23:48:15.506583,Jonathan Franco,bettycruz@example.org,12,95,7,665
286,2023-07-21 18:38:01.901248,Gregory Williams,karl30@example.net,8,272,6,1632
287,2023-07-13 18:56:07.376261,Tanner Hart,debraingram@example.org,20,351,2,702
288,2023-07-16 21:35:08.504819,Kenneth Baker,sburnett@example.net,14,445,3,1335
289,2023-07-26 16:22:59.936401,Danielle Rogers,wwhite@example.net,7,98,7,686
290,2023-07-10 02:48:30.305644,Raymond Garcia,staceypatel@example.org,4,409,2,818
291,2023-07-27 22:44:41.484025,Charles Burnett,abrady@example.net,11,33,8,264
292,2023-07-28 21:18:30.573706,Kimberly Patterson,jennifercraig@example.org,14,445,4,1780
293,2023-07-13 13:28:10.401255,Denise Blake,zquinn@example.com,20,351,4,1404
294,2023-07-05 02:16:36.095511,Elizabeth Fernandez,lscott@example.net,7,98,2,196
295,2023-07-10 10:18:12.359466,David Sullivan,ehurley@example.net,3,438,4,1752
296,2023-07-01 21:03:12.546094,Katie Cole,barrettstephen@example.net,13,408,2,816
297,2023-07-15 01:50:18.217844,Eric Cross,danielle67@example.net,4,409,4,1636
298,2023-07-16 21:17:31.549069,Paula Hill,russellcatherine@example.com,4,409,1,409
299,2023-07-15 11:05:02.035932,Jimmy Wall,payala@example.net,20,351,4,1404
300,2023-07-29 11:01:13.144122,Steven Shaw,bbates@example.org,16,466,9,4194
301,2023-07-24 03:47:48.981840,Dean Fields,cindyking@example.com,2,326,3,978
302,2023-07-04 02:02:49.732974,Lisa Reynolds MD,swarren@example.com,1,44,8,352
303,2023-07-01 20:56:07.449239,Jason Goodwin,hannah14@example.net,2,326,8,2608
304,2023-07-14 10:20:54.146157,David Garcia,nicoledominguez@example.org,8,272,1,272
305,2023-07-04 20:01:05.513545,Jamie Moreno,ocobb@example.net,10,447,4,1788
306,2023-07-01 15:37:38.123557,Gabriel Ramos,kennethperez@example.org,7,98,3,294
307,2023-07-19 10:23:07.802582,John Clayton,richardsonkenneth@example.com,1,44,5,220
308,2023-07-15 06:50:00.153938,Jeffrey Williams,castroariana@example.org,17,123,3,369
309,2023-07-27 13:57:56.977024,Henry Kim,wyattbrittany@example.com,2,326,8,2608
310,2023-07-19 01:29:15.468184,Julia Green,bbaldwin@example.org,13,408,8,3264
311,2023-07-18 20:25:41.622908,Kimberly Parks,bonniestewart@example.com,17,123,7,861
312,2023-07-29 01:29:47.460925,Troy Payne,kward@example.com,2,326,3,978
313,2023-07-07 04:33:54.222671,Stephen Smith,norma90@example.com,5,398,8,3184
314,2023-07-08 20:25:05.224385,Dakota Lawrence,williamskaren@example.com,12,95,8,760
315,2023-07-22 19:41:44.147898,Deborah Powell,icastillo@example.com,18,73,2,146
316,2023-07-01 08:26:26.165835,Blake Craig,hernandezmatthew@example.net,4,409,6,2454
317,2023-07-01 05:18:03.041277,Todd Schroeder,madison65@example.net,11,33,3,99
318,2023-07-01 21:55:55.278083,Michael Michael,sweeneyjustin@example.net,4,409,3,1227
319,2023-07-22 08:05:05.446739,Scott Hill,monica84@example.com,15,117,7,819
320,2023-07-14 15:19:42.418137,Heather Jones,nyoung@example.com,17,123,7,861
321,2023-07-10 22:55:50.169239,Caitlin Martin,joseph53@example.net,19,411,2,822
322,2023-07-05 22:49:43.911461,Mrs. Valerie Rodriguez,robinsonmichael@example.net,14,445,3,1335
323,2023-07-26 03:53:28.569792,Nicholas Morris,smithashley@example.net,8,272,9,2448
324,2023-07-02 13:45:07.316496,Karina Galvan,ucampbell@example.org,5,398,9,3582
325,2023-07-01 13:49:04.580913,Darrell Ferguson,fneal@example.org,17,123,3,369
326,2023-07-04 16:27:06.329082,Michael Sullivan,holiver@example.org,12,95,1,95
327,2023-07-07 22:41:53.438759,Daniel Case,cassandramullins@example.net,1,44,2,88
328,2023-07-04 06:20:12.095053,Erika Flynn,raymond89@example.net,12,95,6,570
329,2023-07-19 06:13:35.759423,Brian Watts,nosborne@example.com,4,409,7,2863
330,2023-07-04 15:32:24.884291,Matthew Hendrix,lsmith@example.com,2,326,2,652
331,2023-07-21 09:02:27.063863,Michael Rodriguez DVM,rmartinez@example.net,15,117,7,819
332,2023-07-14 06:18:48.269291,Sarah Cooper,qtorres@example.net,3,438,2,876
333,2023-07-06 04:21:03.811375,Mark Myers,kmiller@example.net,9,33,3,99
334,2023-07-16 01:55:04.208605,Taylor Acevedo,shawn88@example.com,7,98,2,196
335,2023-07-06 00:12:31.144499,Allen Jacobs,wpaul@example.com,15,117,5,585
336,2023-07-17 02:04:59.857530,Whitney Ross,reginaperry@example.org,6,305,5,1525
337,2023-07-14 06:16:03.577936,John Gutierrez,sheryl15@example.com,19,411,9,3699
338,2023-07-16 19:24:45.735991,Spencer Bates,ofarmer@example.net,4,409,3,1227
339,2023-07-22 10:02:11.496709,Jeanette Brady,turnerkenneth@example.com,2,326,8,2608
340,2023-07-01 14:21:12.541148,Crystal Cisneros,abigail15@example.com,8,272,5,1360
341,2023-07-02 12:44:27.601916,Kelly Brock,smaxwell@example.org,7,98,8,784
342,2023-07-18 15:58:52.471540,Joshua Taylor,srodriguez@example.org,19,411,2,822
343,2023-07-15 18:11:22.903780,Cynthia Cook,davenportamanda@example.com,14,445,1,445
344,2023-07-25 00:07:28.038296,Lisa Thompson,margaretmccarthy@example.com,5,398,7,2786
345,2023-07-18 05:19:16.433313,Nancy Palmer,cindy21@example.org,2,326,8,2608
346,2023-07-25 23:34:39.056321,Jeffrey Gonzalez,joseph05@example.com,19,411,2,822
347,2023-07-14 09:48:15.590523,Heather Martinez,michele27@example.org,20,351,5,1755
348,2023-07-22 13:26:52.099983,Tony Ray,edwardsapril@example.net,4,409,3,1227
349,2023-07-01 05:46:37.651925,Gerald Stevenson,hopkinspamela@example.org,6,305,7,2135
350,2023-07-03 05:03:20.091782,Carolyn Brown,rmartinez@example.com,6,305,6,1830
351,2023-07-19 12:23:11.149691,Renee Pacheco,danielmckinney@example.com,16,466,1,466
352,2023-07-18 22:06:29.930291,Julia Hicks,caitlinfranklin@example.net,17,123,3,369
353,2023-07-20 05:34:08.617292,Melinda Lopez,stewartmichael@example.net,9,33,9,297
354,2023-07-24 23:30:36.855697,Elizabeth Wilkins,joshuaferguson@example.com,3,438,8,3504
355,2023-07-08 12:39:47.814009,Kelly Rosario,ljohnson@example.org,12,95,3,285
356,2023-07-18 14:35:13.254121,Anthony Cain,andrea43@example.org,10,447,7,3129
357,2023-07-14 17:26:57.185046,Tammy Castro,carrie32@example.org,7,98,5,490
358,2023-07-05 09:11:52.152643,Lauren Roberts,fowlerjennifer@example.com,8,272,1,272
359,2023-07-14 07:21:27.341050,Allen Payne,moorerobert@example.org,16,466,6,2796
360,2023-07-11 06:01:31.312705,Richard Richardson,frank36@example.net,4,409,9,3681
361,2023-07-23 21:24:27.371995,Mary Cole,alopez@example.com,11,33,9,297
362,2023-07-13 12:10:56.038560,Gregory Martin,ellisjeffrey@example.com,19,411,8,3288
363,2023-07-04 05:45:31.139200,Lori Hernandez,elizabeth48@example.com,19,411,6,2466
364,2023-07-03 17:17:51.541533,Ryan Chavez,andrewsanders@example.org,7,98,9,882
365,2023-07-21 15:36:53.559161,Lisa Roberts,andersonkelly@example.org,3,438,3,1314
366,2023-07-10 23:51:48.403460,Veronica Kerr,matthewsmith@example.net,17,123,4,492
367,2023-07-23 20:35:25.909671,Shirley Vasquez,simsemily@example.com,1,44,2,88
368,2023-07-20 12:40:25.083370,Jeffrey Jones,washingtonjacob@example.com,8,272,4,1088
369,2023-07-24 12:09:38.817966,Ralph Garcia,laraanna@example.org,11,33,6,198
370,2023-07-02 23:14:31.591448,Philip Walker,tammy03@example.net,2,326,1,326
371,2023-07-09 08:54:56.265582,Joseph Cherry,rlane@example.org,3,438,5,2190
372,2023-07-15 23:01:22.895794,Theresa Armstrong,michaelkeith@example.net,8,272,5,1360
373,2023-07-09 14:37:45.602630,Lisa Elliott,carolyn15@example.org,13,408,8,3264
374,2023-07-17 12:50:44.383405,Matthew Watson,sharonball@example.com,20,351,5,1755
375,2023-07-10 05:14:27.417597,Norma Henson,dyerfernando@example.org,7,98,7,686
376,2023-07-03 15:14:49.270324,Natalie Lee,zachary77@example.org,13,408,8,3264
377,2023-07-15 18:29:03.800722,Jennifer Patterson,dawn66@example.net,12,95,8,760
378,2023-07-01 04:04:59.402278,Michael Thompson,adrienne16@example.org,20,351,9,3159
379,2023-07-25 16:41:51.620939,Rhonda Curry,gregoryjessica@example.net,10,447,3,1341
380,2023-07-16 01:07:09.430669,Larry Phillips,collinbruce@example.org,8,272,8,2176
381,2023-07-14 21:56:31.741303,Kimberly Collins,karenvargas@example.com,12,95,6,570
382,2023-07-01 23:12:52.963932,Matthew Castillo,jamessexton@example.net,1,44,4,176
383,2023-07-26 07:22:12.615280,Kyle Adams,jonathanmartinez@example.com,5,398,3,1194
384,2023-07-18 18:58:28.735089,Mr. Ronald Gonzalez Jr.,tammy35@example.org,12,95,1,95
385,2023-07-18 16:28:14.784305,David Holder,johnsonbrandon@example.net,14,445,8,3560
386,2023-07-07 02:01:46.780413,Meredith Simpson,harrisnicole@example.com,6,305,6,1830
387,2023-07-17 01:19:53.896329,Susan Livingston,rodney34@example.org,20,351,1,351
388,2023-07-08 00:22:23.163486,Eric Powell,ysanders@example.org,7,98,6,588
389,2023-07-08 20:56:34.998902,Elizabeth Hamilton,shelley27@example.org,18,73,2,146
390,2023-07-04 01:45:44.229080,Sean Steele,kellyho@example.net,17,123,1,123
391,2023-07-14 11:22:05.801583,Michael Mcdaniel,jessica40@example.net,9,33,4,132
392,2023-07-21 10:16:05.816739,Sheila Bell,gary27@example.net,5,398,5,1990
393,2023-07-26 03:03:28.717239,Lynn Ballard,ifuller@example.org,11,33,8,264
394,2023-07-22 22:44:01.518363,Rachel Carlson,michaelweber@example.org,17,123,8,984
395,2023-07-10 18:18:06.537479,Paula Hood,vasquezdavid@example.com,1,44,2,88
396,2023-07-09 22:21:30.679980,Mrs. Vanessa Silva MD,perryanthony@example.com,4,409,4,1636
397,2023-07-06 21:56:08.535565,Debra Johnson,davidestrada@example.com,13,408,5,2040
398,2023-07-24 10:18:48.560680,Melanie Foster,christina33@example.org,6,305,4,1220
399,2023-07-22 04:53:50.958846,Shawn Waters,kwalter@example.net,12,95,1,95
400,2023-07-09 02:59:40.221642,Shane Dominguez,vramirez@example.com,17,123,1,123
401,2023-07-19 03:06:42.172913,Chris Townsend,harrisrachel@example.org,7,98,9,882
402,2023-07-24 08:04:52.667492,Matthew Williams,john56@example.org,18,73,3,219
403,2023-07-27 08:50:59.826899,Steven Abbott,randallshawna@example.net,6,305,2,610
404,2023-07-02 09:55:11.167792,Roger Norton,kenneth76@example.org,7,98,3,294
405,2023-07-09 16:08:04.948670,Angela Nelson,shawn74@example.org,6,305,7,2135
406,2023-07-19 13:07:02.172734,Jordan Shah,benjaminyang@example.net,17,123,2,246
407,2023-07-22 13:19:42.020227,Kyle Lowe,qjones@example.net,8,272,2,544
408,2023-07-05 03:18:20.382884,Anthony Miller,katiekhan@example.com,17,123,8,984
409,2023-07-04 20:52:54.619026,John Wright,jordan63@example.org,5,398,9,3582
410,2023-07-26 21:53:26.295360,Terry Brown,tarathomas@example.com,10,447,3,1341
411,2023-07-07 10:09:33.922075,Eileen Manning,richardsonalbert@example.com,9,33,2,66
412,2023-07-23 03:04:09.234221,Mary Murphy,lisawalker@example.com,18,73,3,219
413,2023-07-03 03:59:47.917991,Walter Sloan,debra53@example.org,9,33,1,33
414,2023-07-04 00:38:06.704007,Robin Rose,michelle94@example.org,15,117,8,936
415,2023-07-20 18:22:10.372911,Meagan Martin,nsanchez@example.net,15,117,6,702
416,2023-07-06 05:16:19.944825,Karen Jackson,martinezjasmine@example.net,17,123,1,123
417,2023-07-15 07:57:32.300984,Glenn Murphy,gerald38@example.net,7,98,4,392
418,2023-07-02 20:29:07.720149,Jorge Robinson,erikamurray@example.com,10,447,1,447
419,2023-07-23 23:59:01.070526,Ricky Johnson,pwebster@example.net,18,73,6,438
420,2023-07-24 13:02:00.379634,Kelly Adkins,alvarezmary@example.com,19,411,9,3699
421,2023-07-03 15:10:09.602071,Sheena Cochran,michael26@example.org,3,438,4,1752
422,2023-07-07 11:42:47.547556,Brittany Santiago,melissafrancis@example.org,18,73,6,438
423,2023-07-13 03:12:02.489963,Kenneth Bowers,grahamsteven@example.net,20,351,7,2457
424,2023-07-27 17:37:12.558855,Julie Brennan,william98@example.net,3,438,8,3504
425,2023-07-15 08:02:07.844379,Ronald Berg,obird@example.net,15,117,1,117
426,2023-07-12 04:30:03.356694,Michael Jones,kelly95@example.com,2,326,5,1630
427,2023-07-07 20:25:59.488054,Amy Nguyen,gcompton@example.net,20,351,4,1404
428,2023-07-09 17:42:52.999807,Jacqueline Marshall MD,christophershea@example.net,11,33,4,132
429,2023-07-24 07:29:58.629166,Jacqueline Miller,ericsullivan@example.org,16,466,7,3262
430,2023-07-13 11:13:32.599405,Jordan Park,sandra38@example.net,14,445,8,3560
431,2023-07-12 10:05:10.808529,Daniel Smith,mary97@example.net,19,411,6,2466
432,2023-07-10 10:00:03.353128,Edward Herrera,davislinda@example.net,7,98,8,784
433,2023-07-10 11:34:17.641588,Carmen Fitzpatrick,richard04@example.net,1,44,7,308
434,2023-07-09 23:59:00.408447,Joseph Parker,philiphawkins@example.com,12,95,9,855
435,2023-07-08 04:51:01.369228,Walter Galloway,susanbrown@example.com,14,445,1,445
436,2023-07-08 03:03:30.223930,Amanda Jones,loverebecca@example.org,5,398,4,1592
437,2023-07-18 16:05:21.133162,William Young,blakeedwards@example.net,7,98,5,490
438,2023-07-07 16:14:01.176310,Michael Gallagher,eric69@example.com,11,33,8,264
439,2023-07-12 21:59:23.637292,Willie Gomez,qglenn@example.org,19,411,3,1233
440,2023-07-02 19:34:47.584901,Cynthia Kelly DVM,twright@example.com,4,409,6,2454
441,2023-07-21 19:56:35.944962,Cheryl Miller,hbell@example.com,3,438,9,3942
442,2023-07-09 15:09:58.588379,Claudia Webb,nbentley@example.com,14,445,4,1780
443,2023-07-05 20:18:26.588777,Cassandra Garza,kaylanguyen@example.org,2,326,4,1304
444,2023-07-12 20:03:24.861601,Ian Hammond,amy56@example.com,6,305,9,2745
445,2023-07-05 10:13:24.967263,Bob Bryant,tina27@example.net,19,411,1,411
446,2023-07-01 00:50:03.218266,Kim Morris,josephjordan@example.com,2,326,1,326
447,2023-07-27 11:02:46.735037,Sharon Lara,rjohnson@example.net,16,466,7,3262
448,2023-07-19 17:17:32.104571,Gina James,jennifer15@example.org,7,98,4,392
449,2023-07-02 23:39:23.059314,Judy Martinez,istrong@example.org,18,73,7,511
450,2023-07-04 08:37:34.347303,Janet Jordan,belindapowers@example.com,9,33,6,198
451,2023-07-11 08:35:37.169822,Emily Chaney,brandonsmith@example.net,17,123,7,861
452,2023-07-13 12:25:01.218978,Christopher Williamson,whill@example.com,12,95,8,760
453,2023-07-23 04:14:09.454392,Tiffany Moore,thompsonjohn@example.net,10,447,6,2682
454,2023-07-16 00:42:58.685011,Amanda Russo,halljeff@example.org,14,445,6,2670
455,2023-07-26 20:33:49.683569,Hannah Rodriguez,kristinehernandez@example.org,13,408,2,816
456,2023-07-12 23:39:39.778461,Charles Rodriguez,kristihawkins@example.net,8,272,1,272
457,2023-07-27 02:59:08.083974,John Gomez,leheather@example.net,20,351,5,1755
458,2023-07-11 01:05:31.001013,Paige Murray,rebecca20@example.org,12,95,4,380
459,2023-07-05 01:01:14.813183,Isabella Huang,sara94@example.net,9,33,6,198
460,2023-07-23 13:26:24.546029,John Harris,josephcarter@example.com,4,409,2,818
461,2023-07-19 14:31:28.471551,Christopher Wells,littlekenneth@example.com,7,98,4,392
462,2023-07-22 05:49:38.068493,Christopher Buck,mitchellvanessa@example.org,3,438,6,2628
463,2023-07-11 17:57:53.812248,Anthony Garcia,jennifermora@example.com,1,44,2,88
464,2023-07-15 20:21:36.214685,David Sheppard,samuel13@example.net,14,445,7,3115
465,2023-07-14 16:01:22.344805,Francisco Clark,wolfewalter@example.org,4,409,1,409
466,2023-07-16 12:24:31.224220,Thomas Cruz,fhebert@example.net,12,95,7,665
467,2023-07-23 21:51:07.082920,Annette Jones,zcabrera@example.com,13,408,7,2856
468,2023-07-18 07:45:34.362020,Gina Hobbs,heather43@example.net,4,409,2,818
469,2023-07-11 07:46:59.251475,Barry Jones,debra31@example.net,10,447,5,2235
470,2023-07-27 10:34:27.826057,James Mckinney,nicholaswarner@example.net,2,326,3,978
471,2023-07-11 13:48:38.823200,Kyle Miller,nathancruz@example.net,12,95,3,285
472,2023-07-10 13:48:17.843350,Patricia Rodriguez,ramirezamber@example.com,10,447,6,2682
473,2023-07-26 07:14:41.328299,John Jensen,dunnlucas@example.net,18,73,3,219
474,2023-07-28 17:09:30.008280,James Holmes PhD,hardinchristian@example.org,19,411,8,3288
475,2023-07-18 00:33:21.990868,Marcus Brady,npowers@example.com,10,447,3,1341
476,2023-07-19 20:49:40.909328,Frank Sutton,lawrence72@example.com,19,411,5,2055
477,2023-07-08 09:21:26.300221,Jillian Gonzales,frederick82@example.net,3,438,6,2628
478,2023-07-10 04:56:23.136280,Mr. Raymond Santos,bairddavid@example.org,3,438,1,438
479,2023-07-16 00:14:34.388074,Jared Rodriguez,wcoleman@example.org,19,411,6,2466
480,2023-07-25 01:39:14.567005,Joseph Howe,hillgary@example.net,12,95,1,95
481,2023-07-17 20:38:03.257174,Mr. Andrew Bennett,kathleen46@example.com,3,438,8,3504
482,2023-07-14 02:15:16.799857,Janet Johnson,gomezdaniel@example.com,12,95,4,380
483,2023-07-04 12:02:46.952615,Jennifer Flynn,joseph97@example.com,17,123,3,369
484,2023-07-19 12:07:30.887568,Brian Hodges,dudleykatherine@example.com,18,73,9,657
485,2023-07-10 00:54:34.510722,David Jones,reevesjames@example.com,17,123,3,369
486,2023-07-12 05:24:05.971561,Michael Sanders,nphillips@example.org,14,445,7,3115
487,2023-07-14 20:17:16.593997,Kristopher Torres,kevinhernandez@example.com,14,445,4,1780
488,2023-07-03 03:26:52.518249,Pamela Robbins,pattersonrichard@example.net,2,326,1,326
489,2023-07-19 00:41:40.411964,Rodney Scott,thompsonchelsea@example.org,3,438,3,1314
490,2023-07-06 14:47:38.953941,Tracy Miller,ireynolds@example.org,20,351,9,3159
491,2023-07-25 15:50:54.605319,Faith Tucker,ywells@example.org,3,438,7,3066
492,2023-07-16 14:21:35.866077,Catherine Wilson,wattskathleen@example.org,4,409,7,2863
493,2023-07-28 07:25:13.732385,Colin Lam,katie13@example.com,19,411,4,1644
494,2023-07-29 16:46:16.525607,Vincent Holmes,tylerburton@example.com,8,272,5,1360
495,2023-07-16 15:55:24.541290,Kimberly Morton,knightthomas@example.org,3,438,1,438
496,2023-07-18 04:17:29.174830,Jennifer Adams,jeremy02@example.com,18,73,7,511
497,2023-07-04 19:13:27.807703,Philip Johnson,justingarcia@example.org,11,33,2,66
498,2023-07-03 10:11:07.704393,Bradley Richardson,jasmine07@example.net,4,409,8,3272
499,2023-07-07 11:25:22.095793,Robert Davis,thomasdaniel@example.com,6,305,9,2745
500,2023-07-04 15:23:53.077972,Andrew Phillips,fieldsheidi@example.com,13,408,5,2040
501,2023-07-11 16:41:47.971673,Eric Moreno,chadmaldonado@example.com,8,272,6,1632
502,2023-07-27 21:37:59.958924,Anthony Brooks,jenna94@example.net,5,398,6,2388
503,2023-07-02 05:09:49.704887,Richard Schultz,rebekah47@example.net,19,411,3,1233
504,2023-07-02 10:22:19.355937,Anna Young,njones@example.net,15,117,1,117
505,2023-07-11 11:35:43.410626,Samantha Dalton,pyoung@example.com,16,466,1,466
506,2023-07-21 15:25:20.550856,Sarah Gonzalez,courtneybrown@example.com,7,98,4,392
507,2023-07-26 09:56:39.112468,Spencer Ortiz,wreynolds@example.net,9,33,2,66
508,2023-07-10 16:23:35.138409,Tracy Lozano,richardkatherine@example.com,16,466,1,466
509,2023-07-18 21:18:19.900212,Derrick Pierce,henryhenry@example.net,14,445,4,1780
510,2023-07-11 12:33:36.991739,Stephanie Kirk,tammyedwards@example.com,17,123,2,246
511,2023-07-15 05:52:22.497711,Nathaniel Lynch,haleyamanda@example.com,5,398,9,3582
512,2023-07-23 17:42:29.983689,Jessica Frye,ralphmorris@example.org,17,123,6,738
513,2023-07-10 15:24:19.422931,Dennis Jensen,jason69@example.com,16,466,5,2330
514,2023-07-05 12:19:48.031627,Shawn Johnson,garybrooks@example.org,2,326,4,1304
515,2023-07-26 22:51:04.689872,Aaron Cohen,robert29@example.org,12,95,3,285
516,2023-07-24 04:27:11.495801,Joseph Gonzalez,ywaters@example.org,12,95,9,855
517,2023-07-27 15:53:25.614711,Nicole Watkins,robert56@example.org,3,438,6,2628
518,2023-07-08 16:03:27.552133,Alexis Rodriguez,nathaniel84@example.org,17,123,4,492
519,2023-07-19 23:28:29.356760,Steve Williams,john12@example.org,4,409,9,3681
520,2023-07-02 01:58:45.929516,Jacqueline Holloway,powellbrian@example.net,11,33,3,99
521,2023-07-05 06:18:56.432270,Jessica Miller,benjaminwhitaker@example.net,5,398,4,1592
522,2023-07-29 11:00:19.089459,Bonnie Cox,gcopeland@example.net,6,305,6,1830
523,2023-07-07 18:16:31.163821,Brett Martinez,morrisraymond@example.org,1,44,7,308
524,2023-07-06 18:37:00.564411,Miguel Miller,connor61@example.com,9,33,3,99
525,2023-07-18 02:33:58.699876,Lisa Hopkins,ahoffman@example.org,20,351,8,2808
526,2023-07-07 03:15:35.076153,Allison Horn,cherryjean@example.net,13,408,4,1632
527,2023-07-25 06:09:58.784509,Adam Burton,johnsondavid@example.net,5,398,9,3582
528,2023-07-12 19:53:40.293663,Cheyenne Martin,christophergomez@example.net,19,411,3,1233
529,2023-07-24 14:06:07.460658,John Freeman,ljohnson@example.com,19,411,6,2466
530,2023-07-26 14:16:56.737483,Shaun Rodriguez,jamierich@example.com,2,326,5,1630
531,2023-07-12 10:06:34.982464,Sean Gutierrez MD,brandiaguirre@example.org,20,351,6,2106
532,2023-07-04 13:45:40.019898,Steven Hughes,bryanwalker@example.com,14,445,7,3115
533,2023-07-14 03:05:56.264889,Margaret White,muellerjames@example.net,14,445,5,2225
534,2023-07-01 10:41:26.198057,Laura Gilbert,mariathompson@example.net,13,408,3,1224
535,2023-07-02 08:39:29.849559,David Yang,ashley87@example.net,10,447,9,4023
536,2023-07-04 16:52:23.088999,Cynthia Hurley,joneselizabeth@example.net,4,409,7,2863
537,2023-07-15 10:12:23.247399,Bradley Dean,westdanielle@example.com,4,409,5,2045
538,2023-07-18 17:16:26.698128,Kevin Rich,nicole70@example.org,17,123,4,492
539,2023-07-09 00:28:03.243605,Wendy Bradshaw,bburton@example.org,8,272,2,544
540,2023-07-22 23:41:17.257373,Jeffrey Johnston,johnnyyoung@example.org,4,409,5,2045
541,2023-07-08 22:01:13.667362,Corey Davis,genelucero@example.com,5,398,8,3184
542,2023-07-26 10:04:42.028361,Rachel Mora,patrick41@example.org,8,272,7,1904
543,2023-07-22 13:24:11.534616,Robert Hicks,howellandrew@example.org,14,445,9,4005
544,2023-07-29 11:33:31.626881,Mark Fitzgerald,andre13@example.org,10,447,1,447
545,2023-07-19 12:01:40.381549,Marcus Brock,sharonrobinson@example.org,5,398,9,3582
546,2023-07-21 10:42:34.116780,Rachael Wilson,millerryan@example.net,1,44,9,396
547,2023-07-14 15:49:27.219260,Kathy Bowers,fergusondanielle@example.org,8,272,1,272
548,2023-07-19 08:28:40.941026,Donald Lee,tadams@example.org,17,123,4,492
549,2023-07-25 16:54:27.938767,Michele Hicks,rallen@example.com,10,447,9,4023
550,2023-07-28 06:32:38.359820,Mark Rivera,christina62@example.net,3,438,5,2190
551,2023-07-01 03:39:56.301571,Holly Cline,smithdavid@example.com,7,98,7,686
552,2023-07-11 16:01:47.892995,Aaron Bell,jenniferwilliams@example.net,18,73,5,365
553,2023-07-22 13:13:59.375163,Jerry Lindsey,kimberlywright@example.com,13,408,4,1632
554,2023-07-20 06:15:03.338016,Gregory Horn,jamesphilip@example.org,9,33,4,132
555,2023-07-19 18:27:25.421426,Kathryn Brown,johnsonstephanie@example.org,16,466,3,1398
556,2023-07-12 08:18:20.790946,Robert Watson,qdavis@example.com,19,411,3,1233
557,2023-07-12 16:17:31.117783,Brendan Reed,timothysalinas@example.com,1,44,1,44
558,2023-07-13 23:12:32.731550,Jason Rich,ilewis@example.org,17,123,9,1107
559,2023-07-29 00:32:31.540325,Jesus Green,andreagamble@example.org,4,409,2,818
560,2023-07-04 22:52:58.523250,Tina Atkinson,alyssa27@example.org,4,409,9,3681
561,2023-07-26 04:44:31.771122,Sherry Brown DDS,matthewmcneil@example.net,14,445,5,2225
562,2023-07-05 07:06:33.215294,Alice White,john91@example.net,19,411,2,822
563,2023-07-09 15:40:13.196872,Carlos Allen,jonesmichael@example.com,4,409,7,2863
564,2023-07-10 13:09:21.658049,Lisa Mills,cmelendez@example.net,15,117,7,819
565,2023-07-24 16:05:07.345927,Michael Ramirez,michelekramer@example.com,15,117,4,468
566,2023-07-28 08:22:07.057153,Jonathan Crosby,allenbilly@example.net,17,123,1,123
567,2023-07-26 06:37:29.878299,Chelsea Soto,cherylcaldwell@example.net,2,326,3,978
568,2023-07-24 11:01:57.871215,Michael Nelson,sarah41@example.net,4,409,9,3681
569,2023-07-04 00:59:48.464541,Kimberly Marshall,sarah22@example.org,4,409,9,3681
570,2023-07-23 22:56:31.786990,Carla Reilly,zwilson@example.net,1,44,1,44
571,2023-07-13 05:35:11.076209,Amy Tran,stafforddebbie@example.com,9,33,8,264
572,2023-07-24 11:23:21.772663,Megan Peterson,wreynolds@example.net,8,272,9,2448
573,2023-07-29 23:11:15.561891,Christopher Humphrey,sarah57@example.org,14,445,7,3115
574,2023-07-03 19:18:31.040091,Lisa Morrow,mcombs@example.org,1,44,6,264
575,2023-07-19 07:34:21.376041,Ashley Robertson,bvillarreal@example.net,17,123,6,738
576,2023-07-27 20:39:44.888005,Jonathan Kelly,kristenstrickland@example.com,6,305,1,305
577,2023-07-12 17:21:22.412400,Shannon Kennedy,amy76@example.com,2,326,5,1630
578,2023-07-20 09:04:10.413429,Molly Barnett,samuelscott@example.com,19,411,6,2466
579,2023-07-08 18:51:36.958669,Walter Forbes,rachelevans@example.com,13,408,7,2856
580,2023-07-04 11:17:24.201002,David Cox,nicole46@example.net,15,117,1,117
581,2023-07-11 18:04:49.764478,Sean Bolton,leslie88@example.org,14,445,6,2670
582,2023-07-22 15:35:38.439890,Lindsey Woods,amberstephens@example.com,2,326,5,1630
583,2023-07-27 13:23:41.569435,Amanda Gomez,valenciamary@example.org,14,445,9,4005
584,2023-07-20 16:51:42.515223,Ronald Rice,patricia62@example.com,5,398,3,1194
585,2023-07-22 01:15:01.595029,Timothy Larsen,kellyjustin@example.net,3,438,9,3942
586,2023-07-08 14:58:47.880096,Sabrina Taylor,twilkinson@example.net,5,398,9,3582
587,2023-07-09 06:14:21.080079,Peter Singh,elizabeth68@example.org,6,305,4,1220
588,2023-07-15 09:30:15.196714,Troy Gilmore,cschultz@example.net,20,351,7,2457
589,2023-07-07 18:35:26.742503,Ashley Romero,ojones@example.net,9,33,6,198
590,2023-07-14 11:02:25.526208,Samantha Murphy,joanna48@example.org,17,123,5,615
591,2023-07-11 06:17:45.915008,Scott Cannon,burtonkevin@example.net,6,305,9,2745
592,2023-07-12 02:50:36.318556,James Garcia,gravesarthur@example.org,7,98,7,686
593,2023-07-18 02:39:16.869399,Chris Obrien,dstephens@example.net,7,98,9,882
594,2023-07-26 00:43:57.892126,Trevor Boyd,nramos@example.com,20,351,5,1755
595,2023-07-12 23:11:12.489732,Carol Gillespie,karen40@example.org,4,409,2,818
596,2023-07-04 06:24:41.547266,Lucas White,edwin29@example.com,6,305,7,2135
597,2023-07-06 03:04:29.229479,Amanda Washington,sjackson@example.com,9,33,5,165
598,2023-07-05 19:15:59.265655,Keith Johnson,taylorcampbell@example.net,11,33,6,198
599,2023-07-14 06:04:34.714342,Tony Dixon,suzanneclark@example.org,10,447,6,2682
600,2023-07-07 15:10:17.643621,Jacob White,lori59@example.com,19,411,8,3288
601,2023-07-13 06:18:25.981946,Pamela Salinas,zsnyder@example.net,6,305,4,1220
602,2023-07-08 07:40:08.720543,David Ford,mendozasara@example.net,15,117,2,234
603,2023-07-13 21:42:10.092366,Matthew Estrada,henry02@example.org,11,33,2,66
604,2023-07-06 17:24:18.883870,Debbie Roberson,oanderson@example.org,8,272,3,816
605,2023-07-05 14:06:28.925309,Troy Scott,emma71@example.org,1,44,5,220
606,2023-07-10 20:54:05.294236,Rebecca Olsen,cynthiamassey@example.org,4,409,6,2454
607,2023-07-02 08:14:26.596618,Amanda Hines,jensengary@example.com,18,73,4,292
608,2023-07-24 07:30:40.895394,Paula Mcintyre,jeremysims@example.com,11,33,7,231
609,2023-07-09 01:55:27.415952,Paul Gomez,prodriguez@example.org,10,447,3,1341
610,2023-07-12 09:04:35.340676,Richard Gomez,luisrobbins@example.com,2,326,1,326
611,2023-07-06 07:46:43.687214,Lori Rodriguez MD,nwatts@example.org,9,33,5,165
612,2023-07-12 07:23:32.068618,Elizabeth Sloan,kaitlynwalker@example.net,14,445,4,1780
613,2023-07-24 06:19:46.954443,Karen Scott,gsmall@example.org,2,326,8,2608
614,2023-07-09 08:54:58.887211,Haley Harris,justinreid@example.org,15,117,4,468
615,2023-07-20 23:25:28.172320,Lisa Noble,suttonstephanie@example.net,4,409,8,3272
616,2023-07-17 05:45:31.980018,Stephanie Tran,janetyoung@example.net,4,409,5,2045
617,2023-07-07 08:11:28.764935,Mark Clark,steelegregory@example.net,8,272,3,816
618,2023-07-05 12:29:33.807920,Antonio Bautista,ljohnson@example.net,4,409,9,3681
619,2023-07-24 02:58:16.059391,Sean Peters,grogers@example.org,15,117,5,585
620,2023-07-17 16:08:32.322933,Virginia Tucker,thomas98@example.com,6,305,1,305
621,2023-07-08 13:30:38.288655,David Abbott,taracarter@example.org,10,447,8,3576
622,2023-07-02 19:46:53.784629,Bethany Perry,powerssusan@example.org,5,398,9,3582
623,2023-07-21 02:30:39.972180,Christopher Rodriguez,bradley04@example.org,2,326,4,1304
624,2023-07-17 14:19:10.001897,Richard Hall,ronald18@example.net,16,466,2,932
625,2023-07-10 14:50:40.151021,Teresa Dickson,jeffery76@example.net,20,351,6,2106
626,2023-07-04 21:16:31.882306,Aaron Perry,richard16@example.org,4,409,7,2863
627,2023-07-29 14:21:58.701370,Zachary Munoz,vnelson@example.net,20,351,6,2106
628,2023-07-08 14:58:34.791538,James Sims,ishah@example.com,14,445,1,445
629,2023-07-10 03:12:36.935875,Scott Hooper,osbornhelen@example.net,7,98,5,490
630,2023-07-28 05:54:34.555406,Phillip Sanchez,mary01@example.com,20,351,5,1755
631,2023-07-09 08:15:04.462542,Ann Williams,ihendricks@example.net,8,272,1,272
632,2023-07-05 05:43:03.306957,Tonya Warner,natasha68@example.org,13,408,3,1224
633,2023-07-17 06:58:11.148584,Julie Rios,traceyortiz@example.org,13,408,7,2856
634,2023-07-22 00:12:04.793580,Charles Day,heather72@example.net,6,305,9,2745
635,2023-07-21 17:57:59.340261,Nicole Smith,sarahmartin@example.net,12,95,1,95
636,2023-07-08 04:23:19.250586,Anthony Cordova,julielawrence@example.com,1,44,6,264
637,2023-07-01 08:41:56.806979,Lauren Jones,wjohnson@example.com,6,305,3,915
638,2023-07-02 15:15:19.696271,Sarah Ballard,kdouglas@example.net,17,123,6,738
639,2023-07-06 03:47:50.865447,Sheila Flores,anthonywilson@example.net,19,411,3,1233
640,2023-07-02 02:04:56.164770,Paige Nguyen,charles66@example.org,1,44,9,396
641,2023-07-19 06:52:25.295070,Anna Sanchez,carolporter@example.com,11,33,2,66
642,2023-07-10 06:21:34.303222,Sophia Mccann,jonathanlee@example.net,6,305,7,2135
643,2023-07-03 10:16:13.525976,Eric Hamilton,benjamin47@example.org,14,445,7,3115
644,2023-07-10 16:49:13.961151,Sarah Jordan,donna13@example.net,6,305,5,1525
645,2023-07-14 02:47:09.323874,Kimberly Torres PhD,jamesparker@example.com,2,326,9,2934
646,2023-07-17 12:32:40.596358,Heidi Kelley,ramosdavid@example.com,6,305,4,1220
647,2023-07-29 05:57:29.206288,Rebecca Baker,katherineholland@example.net,14,445,2,890
648,2023-07-21 03:56:28.921430,Tonya Huynh,gregorymichael@example.org,5,398,3,1194
649,2023-07-21 08:14:26.043350,David Mullins,morganeugene@example.com,15,117,3,351
650,2023-07-08 11:15:48.222170,Lisa Howe,tsimmons@example.com,9,33,5,165
651,2023-07-20 03:32:58.680119,Rebecca Harrison,mwilliams@example.com,8,272,6,1632
652,2023-07-26 09:57:35.475226,April Leonard,xthornton@example.org,4,409,4,1636
653,2023-07-11 21:02:04.572814,Whitney Harrington,wrightcaleb@example.org,14,445,9,4005
