order_id,order_date,customer_name,customer_email,product_id,price,quantity,total
1,2023-02-07 22:05:51.074507,Kyle Moore,smithnicole@example.org,5,398,5,1990
2,2023-02-11 02:33:10.151266,Melinda Keller,jduran@example.com,5,398,6,2388
3,2023-02-10 23:20:17.536132,Nicholas Holloway,kellylee@example.net,15,117,6,702
4,2023-02-08 15:22:03.507099,Matthew Lee,colenicholas@example.org,9,33,5,165
5,2023-02-09 09:40:06.691508,Amanda Marshall,robertriley@example.com,1,44,1,44
6,2023-02-08 12:53:33.216211,Antonio Boyle,mercerdavid@example.net,14,445,3,1335
7,2023-02-16 03:44:50.421848,George Rodriguez,fholmes@example.net,5,398,5,1990
8,2023-02-19 20:49:37.527210,Susan Kent,vanessa26@example.com,13,408,7,2856
9,2023-02-23 16:32:49.210931,Rebecca Kelly,anita51@example.net,19,411,9,3699
10,2023-02-01 19:27:05.264928,Charles Reed,michelle62@example.net,17,123,7,861
11,2023-02-06 11:32:39.590915,Alexis Jacobs,archerkathleen@example.com,7,98,3,294
12,2023-02-23 13:30:26.308833,Thomas Winters,kirsten72@example.net,8,272,9,2448
13,2023-02-18 16:01:17.845055,Ryan Brown,mcfarlandrichard@example.org,3,438,9,3942
14,2023-02-18 21:37:36.314625,Marcus Moody,rodriguezjennifer@example.org,16,466,7,3262
15,2023-02-27 09:55:46.420059,Michael Hernandez,jason75@example.net,6,305,5,1525
16,2023-02-15 11:15:02.075393,Daniel Simpson,stephensonelizabeth@example.org,18,73,9,657
17,2023-02-04 01:27:17.128523,Thomas Pierce,hayesheidi@example.org,2,326,9,2934
18,2023-02-22 07:24:35.974916,Rhonda Herrera,penny48@example.net,15,117,1,117
19,2023-02-09 12:10:07.857787,Caleb Mullins,hardyjoshua@example.org,13,408,3,1224
20,2023-02-26 10:09:02.987385,Frank Allen,moorerobert@example.org,1,44,2,88
21,2023-02-03 07:38:30.160628,Aaron Webb,sharonjohnson@example.org,10,447,7,3129
22,2023-02-02 22:36:21.096182,Joshua King,toddkathryn@example.org,9,33,7,231
23,2023-02-23 11:31:15.985486,Kathy Lee,stephaniegolden@example.com,5,398,6,2388
24,2023-02-10 11:15:25.662356,Emily Garrison,mmiranda@example.org,6,305,8,2440
25,2023-02-17 23:28:43.116565,Amanda Jackson,jacksonjessica@example.net,18,73,5,365
26,2023-02-12 00:42:36.658783,Christine Ramirez,samuelmassey@example.net,8,272,9,2448
27,2023-02-19 19:50:20.735551,James Walker,enunez@example.org,11,33,7,231
28,2023-02-21 08:39:09.715496,Allison Dalton,burgesstina@example.net,6,305,3,915
29,2023-02-11 17:39:53.293133,Steven Lee,hannahmitchell@example.net,16,466,1,466
30,2023-02-26 09:15:43.877037,Nathan Nelson,cnewman@example.org,14,445,6,2670
31,2023-02-15 11:35:20.017525,Samuel Martin,ynguyen@example.com,5,398,6,2388
32,2023-02-16 05:34:21.143343,Shawn Stewart,dyervictor@example.com,14,445,5,2225
33,2023-02-26 03:34:08.833931,Randall Davidson,morenogina@example.com,4,409,6,2454
34,2023-02-19 03:28:44.598582,Miguel Wilson,albert15@example.net,3,438,8,3504
35,2023-02-14 15:08:34.212785,Rodney Peterson,jreynolds@example.org,13,408,6,2448
36,2023-02-19 14:07:28.801072,Kayla Wang,nicole83@example.org,9,33,5,165
37,2023-02-04 05:18:37.885207,Suzanne Green,kelly61@example.com,20,351,6,2106
38,2023-02-25 01:05:28.705224,Michaela Harris,martinezjames@example.com,4,409,5,2045
39,2023-02-15 23:14:28.179597,Alicia Hartman,simpsonmartin@example.org,18,73,4,292
40,2023-02-25 12:05:15.471832,Jacob Wiggins,rfoster@example.com,6,305,2,610
41,2023-02-03 04:16:49.388580,Sarah Ali,stephanie47@example.net,7,98,5,490
42,2023-02-03 08:54:48.905591,Mark Green,jonathan79@example.org,10,447,4,1788
43,2023-02-12 09:53:05.701052,Ryan Ferrell,vmurphy@example.com,19,411,1,411
44,2023-02-13 21:34:02.801822,Michael Chapman,wmelton@example.org,7,98,6,588
45,2023-02-09 23:07:58.939102,Wendy Wilson,brendan17@example.com,6,305,3,915
46,2023-02-15 01:23:37.843743,Colleen Cardenas,gbaker@example.org,19,411,2,822
47,2023-02-25 17:56:16.293844,Daisy Hicks DDS,rhill@example.org,11,33,2,66
48,2023-02-18 01:46:13.224104,Phillip Dyer,mwilliams@example.net,6,305,2,610
49,2023-02-11 00:32:50.350832,Suzanne Dixon,patrickwolf@example.com,10,447,1,447
50,2023-02-15 14:37:49.090141,Erin Juarez,garnerjoshua@example.com,20,351,7,2457
51,2023-02-04 20:29:25.880452,Lisa Roberts,lesliebaker@example.org,16,466,1,466
52,2023-02-23 14:36:06.283395,Robert Moore,jgriffith@example.com,16,466,4,1864
53,2023-02-11 06:42:48.695708,Adam Donaldson,pmurphy@example.net,14,445,6,2670
54,2023-02-12 14:38:59.325361,Joe Thompson,sbass@example.org,19,411,6,2466
55,2023-02-20 05:50:39.962828,Desiree Carter,sharon61@example.com,17,123,4,492
56,2023-02-03 21:57:24.123873,Taylor King,glassjoseph@example.org,14,445,5,2225
57,2023-02-20 17:17:50.148279,Alex Fisher,lauren18@example.org,10,447,2,894
58,2023-02-01 05:58:49.177751,Bruce Griffith,whiteautumn@example.net,3,438,2,876
59,2023-02-10 09:50:17.643692,Andrew Patterson MD,uanderson@example.com,18,73,6,438
60,2023-02-27 02:16:01.840481,Margaret Willis,umaddox@example.org,12,95,6,570
61,2023-02-17 07:15:22.783171,David Johnson,christopher45@example.net,13,408,2,816
62,2023-02-18 02:49:40.422793,Brianna Weaver,tiffany28@example.com,13,408,6,2448
63,2023-02-27 08:24:25.830208,Melanie Clements,steeleallen@example.com,18,73,5,365
64,2023-02-08 13:56:10.730471,Kayla Meyer,justin94@example.com,2,326,8,2608
65,2023-02-12 02:10:08.178262,Paul Wells,clarkjessica@example.org,19,411,2,822
66,2023-02-22 17:00:14.641675,Anthony Waters,farleyjack@example.org,9,33,3,99
67,2023-02-26 17:24:21.554865,Peter Kennedy,tiffany60@example.org,16,466,5,2330
68,2023-02-20 06:32:50.677060,Edward Roach,joseph86@example.com,19,411,7,2877
69,2023-02-17 23:03:04.711414,Elizabeth Walker,fperry@example.org,14,445,7,3115
70,2023-02-11 07:08:48.720435,Teresa Aguirre,larsenmary@example.net,17,123,1,123
71,2023-02-08 19:29:30.826443,Felicia Martinez,shannon15@example.com,18,73,7,511
72,2023-02-17 01:51:44.148578,Amanda Gomez,douglasbarker@example.com,3,438,6,2628
73,2023-02-24 18:01:58.242851,Kelly Palmer,pettyamy@example.net,17,123,1,123
74,2023-02-19 05:51:47.844297,Wendy Hanna,harrismichael@example.org,4,409,6,2454
75,2023-02-07 07:51:06.610011,Cathy Sharp,smithryan@example.org,18,73,2,146
76,2023-02-07 16:51:18.952405,Jacqueline Cruz,cindysnyder@example.net,1,44,6,264
77,2023-02-27 16:12:36.254411,Ashley Wilson,bdixon@example.com,8,272,3,816
78,2023-02-09 21:51:00.175986,Brenda Bridges,colinmills@example.com,19,411,3,1233
79,2023-02-06 19:28:01.491395,Bradley Gray,kristin74@example.org,3,438,9,3942
80,2023-02-15 15:38:10.361856,Ashley Taylor,brendan22@example.com,16,466,8,3728
81,2023-02-10 12:52:28.295388,Donna Burns,edominguez@example.org,18,73,2,146
82,2023-02-01 09:29:14.220739,Krista Sanchez,obrady@example.com,4,409,5,2045
83,2023-02-20 19:30:05.177668,Patricia Wood,mcarroll@example.com,12,95,2,190
84,2023-02-16 02:20:02.791965,Edwin Christensen,asilva@example.org,10,447,4,1788
85,2023-02-12 10:52:16.793759,Tamara Jones,amy35@example.org,18,73,2,146
86,2023-02-04 00:13:11.080807,Marie Russell,vincentschwartz@example.org,2,326,2,652
87,2023-02-22 23:40:10.702505,Brian Sanchez,boydanthony@example.org,14,445,6,2670
88,2023-02-19 00:26:18.878661,Matthew Johnson,james03@example.com,5,398,2,796
89,2023-02-25 06:14:49.119284,Charles Barnes,wardtheresa@example.com,14,445,1,445
90,2023-02-27 18:21:43.689919,Patricia Boyle,ypierce@example.net,12,95,6,570
91,2023-02-09 02:50:32.709552,Charles Taylor,mccarthyadam@example.net,8,272,4,1088
92,2023-02-26 03:46:18.662033,Alicia Lynch,morrisdavid@example.org,16,466,4,1864
93,2023-02-13 01:27:01.993013,Susan Pearson,eblackburn@example.com,2,326,5,1630
94,2023-02-07 07:32:42.761003,Gerald Jones,christianmichael@example.net,8,272,6,1632
95,2023-02-24 21:21:00.665128,Jessica Ruiz,zmatthews@example.com,11,33,6,198
96,2023-02-17 20:33:32.220460,Philip Rodriguez,kristine30@example.com,18,73,1,73
97,2023-02-16 10:06:48.790646,Tony Lawrence,lisahendricks@example.org,4,409,3,1227
98,2023-02-01 00:15:37.630018,Michael Garza,henryandre@example.com,19,411,3,1233
99,2023-02-03 21:32:01.413526,Dana Hensley,bmartinez@example.org,7,98,6,588
100,2023-02-02 21:14:49.844746,Zachary Castillo,crystalfoster@example.org,14,445,9,4005
101,2023-02-04 23:10:24.639847,Matthew Jenkins,ayalamelvin@example.org,1,44,3,132
102,2023-02-23 12:26:20.707105,Peter Lozano Jr.,angela13@example.org,18,73,4,292
103,2023-02-18 11:37:13.424876,Jordan Jones,katherine56@example.net,7,98,2,196
104,2023-02-17 04:17:32.082380,Melissa Taylor,asullivan@example.net,15,117,3,351
105,2023-02-10 00:26:21.492397,Derrick Smith,melissa64@example.com,20,351,1,351
106,2023-02-25 23:32:15.877574,Robert Smith,fullerdebbie@example.org,1,44,2,88
107,2023-02-05 03:59:23.848254,Rebecca Nguyen,ulee@example.com,20,351,5,1755
108,2023-02-19 22:39:07.745819,Samuel Perez,katherine40@example.org,1,44,4,176
109,2023-02-24 13:23:47.667800,Monica Nichols,ramseyjeremy@example.org,4,409,5,2045
110,2023-02-01 18:31:59.375601,Hannah Edwards,brianaallen@example.com,12,95,5,475
111,2023-02-19 23:09:02.212829,Kristopher Newman,lance85@example.net,19,411,4,1644
112,2023-02-23 07:12:08.819432,Angela Williamson,wallen@example.net,6,305,9,2745
113,2023-02-24 15:59:54.445760,Jonathan Wolfe,crobinson@example.org,12,95,8,760
114,2023-02-01 18:58:31.065941,Jeffrey Allen,stafforddavid@example.org,3,438,6,2628
115,2023-02-10 15:51:46.449831,Jessica Crawford,katherine32@example.org,18,73,2,146
116,2023-02-19 19:28:10.113838,Austin Valdez,terrytimothy@example.com,6,305,5,1525
117,2023-02-07 08:20:26.455450,Andrew Anderson,denise78@example.com,17,123,3,369
118,2023-02-19 22:52:01.090076,Jennifer Gilbert,qpage@example.org,2,326,5,1630
119,2023-02-19 18:17:50.698966,Amanda Vega,calhounmelissa@example.org,20,351,3,1053
120,2023-02-13 21:07:44.667260,Curtis Baker,smithpatricia@example.com,7,98,3,294
121,2023-02-08 00:51:15.974022,Richard Johnson,dburgess@example.org,14,445,8,3560
122,2023-02-20 12:56:16.000030,Jay Smith,aellis@example.net,18,73,3,219
123,2023-02-20 13:14:52.699435,Steven Kirk,adamschristy@example.net,4,409,2,818
124,2023-02-07 14:06:41.026482,David Smith,andrew60@example.net,5,398,4,1592
125,2023-02-24 10:48:36.647843,Xavier Irwin,walkerelizabeth@example.com,2,326,1,326
126,2023-02-09 01:26:10.582209,Bradley Brown,gdougherty@example.com,4,409,4,1636
127,2023-02-11 21:17:24.411698,Andrea Curtis,phernandez@example.com,9,33,2,66
128,2023-02-17 22:11:42.565097,Anthony Juarez,bettywatkins@example.org,10,447,4,1788
129,2023-02-22 18:30:33.488470,James Smith,parksrobert@example.net,4,409,6,2454
130,2023-02-12 15:31:01.919641,James Davis,jennifergardner@example.org,9,33,9,297
131,2023-02-26 11:42:47.410867,Crystal Holt,jessicahowell@example.org,16,466,6,2796
132,2023-02-22 08:49:22.476504,Garrett Boone,mark98@example.org,13,408,2,816
133,2023-02-13 16:51:57.902493,Elizabeth Wong,revans@example.org,17,123,6,738
134,2023-02-24 12:48:50.593209,Nathan Joseph,caitlin72@example.com,11,33,8,264
135,2023-02-11 12:42:02.173489,Kaitlin Nichols,psmith@example.net,13,408,5,2040
136,2023-02-09 03:40:32.613047,Mrs. Emily Clarke PhD,jeremiah76@example.com,19,411,5,2055
137,2023-02-19 02:25:20.301105,Joshua Walker,amberwhite@example.org,15,117,1,117
138,2023-02-23 16:46:47.454361,Kyle Kline,rtorres@example.org,12,95,2,190
139,2023-02-10 13:54:40.385482,Richard Medina,fsmith@example.net,9,33,3,99
140,2023-02-03 03:41:53.571040,Edward Phillips,qpotter@example.com,14,445,4,1780
141,2023-02-26 23:19:09.532371,Daniel Walker,paynejames@example.com,14,445,5,2225
142,2023-02-01 16:18:26.416400,Eric Hill,jmoses@example.org,2,326,5,1630
143,2023-02-08 03:17:19.208676,William Leonard,robertsnancy@example.org,2,326,8,2608
144,2023-02-22 19:59:26.253049,Shelby Edwards,sgalloway@example.net,19,411,7,2877
145,2023-02-09 10:58:50.084288,Shane Allen,hallsierra@example.net,17,123,3,369
146,2023-02-25 06:15:54.701176,Angela Mills,fstokes@example.net,11,33,1,33
147,2023-02-17 04:12:26.793416,Theresa Alexander,ncohen@example.net,6,305,4,1220
148,2023-02-16 00:05:17.351452,Tanya Smith,anita51@example.org,15,117,3,351
149,2023-02-16 14:19:28.520071,Jessica Martin,kevinkhan@example.org,18,73,6,438
150,2023-02-22 16:12:36.476071,Rachael Myers,martinezchristina@example.com,13,408,9,3672
151,2023-02-25 09:36:38.097483,Meredith Flores,ttorres@example.org,14,445,2,890
152,2023-02-17 00:23:33.767328,Sheila Bryant,ushepherd@example.org,3,438,2,876
153,2023-02-08 03:02:46.334473,Kevin Campbell,bryancallahan@example.net,3,438,4,1752
154,2023-02-08 05:23:59.875529,Benjamin Hughes,reneesoto@example.net,15,117,2,234
155,2023-02-05 00:36:15.782494,Zachary Rodriguez,brianna89@example.org,12,95,9,855
156,2023-02-17 00:15:38.775832,Teresa Potts,davisharold@example.com,18,73,9,657
157,2023-02-26 01:23:15.715467,Jerry Valencia,aprilflowers@example.net,10,447,5,2235
158,2023-02-17 14:36:56.324250,John Mcclain,ubowen@example.org,4,409,9,3681
159,2023-02-26 07:10:27.039221,Marc Hancock,harrissamantha@example.com,4,409,8,3272
160,2023-02-15 15:08:23.310474,Cody Olson,wilsonscott@example.net,14,445,9,4005
161,2023-02-21 07:53:09.434133,Jay Rodriguez,briggsjohn@example.org,19,411,2,822
162,2023-02-14 20:30:08.285136,Peggy Howard,deannahickman@example.org,11,33,1,33
163,2023-02-27 13:50:05.921445,Gary Gonzalez,fbrooks@example.net,3,438,5,2190
164,2023-02-01 04:42:03.727087,Regina Shepherd,michael88@example.net,3,438,3,1314
165,2023-02-06 21:16:40.905444,Sue Walker,laurahayes@example.com,2,326,9,2934
166,2023-02-03 20:43:43.811193,Sarah Fisher,andreadaniels@example.net,20,351,4,1404
167,2023-02-04 15:39:41.547672,David Castaneda,michaeljohnson@example.org,1,44,3,132
168,2023-02-23 19:20:54.395078,James Clay,sandrathomas@example.com,7,98,3,294
169,2023-02-12 17:24:59.459801,Derrick Gallagher,ldiaz@example.com,17,123,7,861
170,2023-02-05 10:18:34.116548,William Boyd,davidnavarro@example.com,8,272,9,2448
171,2023-02-21 16:42:17.924194,James Jacobs,murraydarius@example.net,6,305,2,610
172,2023-02-27 20:51:32.213888,Erika Martin,yjohnson@example.com,10,447,1,447
173,2023-02-01 22:34:18.784831,Sarah Wright,grayjennifer@example.net,1,44,5,220
174,2023-02-27 10:50:50.405944,John Garcia,sototony@example.com,2,326,1,326
175,2023-02-22 17:33:43.312420,Julie Bartlett,sibarra@example.org,15,117,5,585
176,2023-02-06 09:27:04.539376,Joel Mcdonald,ypayne@example.net,13,408,6,2448
177,2023-02-18 01:20:18.443196,Michael Villa,huntamy@example.com,3,438,1,438
178,2023-02-01 12:55:27.287068,Lawrence Cervantes,garrettdavid@example.com,4,409,1,409
179,2023-02-27 07:13:19.777415,Samuel Carroll,elizabeth64@example.org,11,33,1,33
180,2023-02-27 22:26:42.220681,David Richards,charlene86@example.com,16,466,5,2330
181,2023-02-22 22:25:41.616272,Wendy Snow,darrell61@example.com,16,466,7,3262
182,2023-02-22 17:07:52.192160,Joy Moran,bruceprice@example.net,3,438,4,1752
183,2023-02-27 09:57:40.318355,Shelby Mullins,washingtonadrian@example.com,8,272,1,272
184,2023-02-22 22:33:13.191289,Christopher Humphrey,scott38@example.org,5,398,5,1990
185,2023-02-20 02:07:04.538270,Tamara Elliott,alandavis@example.com,4,409,3,1227
186,2023-02-18 06:48:44.151668,Melissa Lee,zjimenez@example.org,12,95,9,855
187,2023-02-27 09:12:31.889899,John Lloyd,ldavis@example.net,2,326,1,326
188,2023-02-19 04:39:28.384169,Colleen Greer,robert85@example.com,13,408,2,816
189,2023-02-14 06:17:12.692428,Andrew Rodriguez,george30@example.net,7,98,5,490
190,2023-02-26 16:21:01.069856,Daniel Herman,kimberly06@example.com,15,117,1,117
191,2023-02-13 05:05:51.366239,Darlene Kelly,thomas27@example.org,18,73,2,146
192,2023-02-18 13:50:50.947870,Tanner Howell,kreynolds@example.net,1,44,2,88
193,2023-02-16 06:37:41.522887,Jessica Herrera,kimberlywilliams@example.com,1,44,7,308
194,2023-02-03 19:26:09.613531,Julie Smith,thomaskristen@example.org,7,98,1,98
195,2023-02-08 01:36:47.431720,Amanda Brown,blanchardamanda@example.com,17,123,6,738
196,2023-02-17 19:57:31.459579,David Harrison,robertdavis@example.com,6,305,6,1830
197,2023-02-12 18:31:44.482789,Richard King,kellymichael@example.org,9,33,3,99
198,2023-02-23 15:23:19.244516,Andrew Ward,whammond@example.org,13,408,2,816
199,2023-02-25 19:06:58.516828,Joyce Gonzalez,dmitchell@example.com,1,44,8,352
200,2023-02-24 23:48:58.093840,Andrew Cruz,guzmanrobert@example.com,15,117,6,702
201,2023-02-03 17:09:25.586078,Susan Moore,jenningsmichael@example.net,20,351,1,351
202,2023-02-08 17:02:00.543867,Michael Hernandez,patrick06@example.com,14,445,5,2225
203,2023-02-05 13:50:32.767225,John Miller,stevenclark@example.org,4,409,1,409
204,2023-02-03 21:55:11.950486,Michael Hill,dbecker@example.net,6,305,7,2135
205,2023-02-24 19:20:24.972631,Seth Patterson,stevenchang@example.org,5,398,4,1592
206,2023-02-16 11:23:18.655209,Robert White,debrabowman@example.org,2,326,3,978
207,2023-02-06 13:04:40.758182,Adam Harrison,moyerlaura@example.org,9,33,6,198
208,2023-02-05 11:49:41.190780,Karen Lewis,navarrotoni@example.com,7,98,2,196
209,2023-02-20 21:38:04.946634,Thomas Mora,coxgregory@example.org,17,123,6,738
210,2023-02-04 17:52:44.433724,Angela Hernandez,justin55@example.org,2,326,4,1304
211,2023-02-08 11:24:08.996812,Jessica Duncan,janemoore@example.net,11,33,9,297
212,2023-02-19 19:42:44.949574,Angela Armstrong,mario11@example.com,1,44,1,44
213,2023-02-06 00:00:03.415303,Joel Murphy,glopez@example.com,7,98,5,490
214,2023-02-18 05:31:10.132791,Molly Baldwin,liujoshua@example.net,18,73,3,219
215,2023-02-20 13:42:48.550002,Sean Johnson,brownkatie@example.com,8,272,5,1360
216,2023-02-23 20:39:37.317215,Miguel Livingston,smithjustin@example.org,5,398,3,1194
217,2023-02-02 10:44:50.770302,Priscilla Cole,mariamitchell@example.com,13,408,4,1632
218,2023-02-15 07:50:07.635866,Ashley Sullivan,terrimason@example.com,7,98,8,784
219,2023-02-21 18:28:13.874566,Jeffrey Jackson,brandon03@example.com,7,98,4,392
220,2023-02-09 17:07:03.156995,Shawn Campbell,vegamegan@example.net,13,408,3,1224
221,2023-02-17 10:24:38.952419,Alice Alexander,dawn81@example.com,5,398,5,1990
222,2023-02-25 17:52:38.683261,Michael Smith,mary66@example.net,7,98,4,392
223,2023-02-24 11:22:11.473211,John Gray,carloschandler@example.net,18,73,1,73
224,2023-02-16 07:24:16.757855,Seth Lee,woodjessica@example.com,15,117,2,234
225,2023-02-16 21:43:05.948742,Gina Fernandez,vluna@example.net,16,466,2,932
226,2023-02-12 16:08:28.662800,Megan Wallace,devin78@example.org,10,447,6,2682
227,2023-02-11 11:47:43.195765,Kevin Farmer,daniel51@example.org,5,398,5,1990
228,2023-02-22 05:03:25.526318,Diana Rodriguez,john58@example.org,2,326,1,326
229,2023-02-18 16:08:25.324733,Joshua Lamb,garciacharlotte@example.com,5,398,9,3582
230,2023-02-01 06:04:36.223222,Tiffany Harrison,vasquezcollin@example.org,10,447,4,1788
231,2023-02-23 03:52:10.723957,Mr. Robert Johnson,daniel70@example.org,20,351,7,2457
232,2023-02-01 11:19:55.389909,Jason Huff,jo34@example.com,16,466,5,2330
233,2023-02-13 12:08:09.904808,Robert Reyes,jamieramsey@example.com,19,411,4,1644
234,2023-02-13 00:09:56.135244,Chelsea Rhodes,joshua55@example.net,15,117,7,819
235,2023-02-07 07:59:38.917591,Katrina Johns,joseph74@example.org,17,123,4,492
236,2023-02-18 10:51:51.461243,Bethany Brooks,timothy61@example.com,7,98,5,490
237,2023-02-22 02:09:45.027627,Margaret Richards,xthompson@example.org,13,408,5,2040
238,2023-02-22 03:29:53.838652,Frederick Fuller,chris45@example.com,18,73,8,584
239,2023-02-17 03:24:53.994969,Brandon Brewer,xmiller@example.org,18,73,7,511
240,2023-02-17 04:35:57.742262,Michael Eaton,roberttorres@example.net,20,351,6,2106
241,2023-02-04 10:09:03.327852,Angela Campos,veronica46@example.net,14,445,5,2225
242,2023-02-27 22:16:10.398168,Lisa Martin,allen77@example.com,19,411,8,3288
243,2023-02-24 01:00:51.434235,Marie Williams,jamessanchez@example.org,3,438,9,3942
244,2023-02-16 23:32:48.372236,Jodi Garcia,donaldsonstephanie@example.org,13,408,4,1632
245,2023-02-15 16:24:36.134080,Kevin Taylor,thomas79@example.net,9,33,9,297
246,2023-02-17 16:47:03.543945,Ryan Williams,qreynolds@example.net,2,326,4,1304
247,2023-02-07 07:54:43.709903,Jill Finley,hannah42@example.net,5,398,7,2786
248,2023-02-03 02:38:01.651705,Sandra Cain,avilasamantha@example.com,1,44,1,44
249,2023-02-13 15:17:56.176158,Robert Andersen,janice50@example.org,5,398,9,3582
250,2023-02-25 03:09:51.915434,Michael Matthews,anthonyvaughan@example.com,2,326,5,1630
251,2023-02-05 01:38:12.675095,Debbie Brown,stanleybrittany@example.net,11,33,4,132
252,2023-02-11 08:32:24.417520,Samantha Heath,sara04@example.net,18,73,4,292
253,2023-02-08 20:24:45.857598,Bobby Myers,averyjames@example.net,14,445,8,3560
254,2023-02-24 04:19:45.502548,Michelle Davidson,leesabrina@example.com,1,44,3,132
255,2023-02-07 07:01:59.047923,Sherry Parker,pamelahale@example.org,15,117,2,234
256,2023-02-15 10:48:51.598466,Marcus Lewis,wduncan@example.org,5,398,2,796
257,2023-02-27 22:31:31.708697,Crystal Brown,gentrythomas@example.com,18,73,9,657
258,2023-02-05 08:46:09.487448,Whitney Reynolds,cbrown@example.com,6,305,7,2135
259,2023-02-21 13:42:47.580843,Nicole Reilly,justinperez@example.org,14,445,6,2670
260,2023-02-04 11:32:29.280550,Tasha Moore,jeffery58@example.com,12,95,4,380
261,2023-02-01 07:04:01.305790,Mary Ali,sierramcconnell@example.org,8,272,1,272
262,2023-02-01 01:33:53.252944,Tony Lee,gsmith@example.org,4,409,7,2863
263,2023-02-07 04:54:33.585648,James Myers,stewartdenise@example.org,14,445,8,3560
264,2023-02-21 09:23:43.075732,Dr. Russell Atkinson,isanchez@example.com,5,398,2,796
265,2023-02-24 19:46:56.207616,Roger Murray,david72@example.com,5,398,7,2786
266,2023-02-23 15:59:55.193809,John Wilson,marcher@example.com,11,33,3,99
267,2023-02-14 06:44:05.723492,Adam Burton MD,davismelanie@example.net,12,95,8,760
268,2023-02-16 19:22:37.859858,Douglas Ramos,ajimenez@example.com,18,73,6,438
269,2023-02-25 12:50:40.379363,Jeffery Escobar,adam44@example.org,14,445,1,445
270,2023-02-04 01:21:13.032819,Stacey Gonzalez,gonzalescharles@example.net,6,305,3,915
271,2023-02-09 12:37:51.204078,Nancy Padilla,cathystephenson@example.org,1,44,2,88
272,2023-02-16 02:11:45.649009,Kevin Henry,randyhancock@example.net,5,398,3,1194
273,2023-02-02 01:57:08.929947,Joshua Brown,ricardo63@example.net,11,33,6,198
274,2023-02-08 21:03:20.486835,Melanie Carter,jherrera@example.net,19,411,3,1233
275,2023-02-08 05:54:41.340679,Curtis Lee,krystal34@example.net,17,123,6,738
276,2023-02-05 14:16:10.239968,Michelle Baker,cynthia39@example.com,9,33,7,231
277,2023-02-17 14:27:16.837390,Rebecca Mack,wheelerjames@example.net,19,411,3,1233
278,2023-02-25 12:44:10.453328,Sabrina Baker,sheryl22@example.com,13,408,9,3672
279,2023-02-05 16:01:17.063983,Daniel Robinson,pchase@example.net,6,305,3,915
280,2023-02-07 06:33:24.783667,Jason Becker,colleenmoore@example.com,8,272,3,816
281,2023-02-24 16:32:22.424864,Perry Mccoy,goodwinjames@example.net,14,445,8,3560
282,2023-02-15 14:13:31.813846,Jonathan Hernandez,jaylozano@example.net,16,466,8,3728
283,2023-02-17 04:50:13.135116,Adam Smith,ashley26@example.com,12,95,8,760
284,2023-02-22 04:51:37.553330,Kimberly Davila,kristen83@example.org,11,33,3,99
285,2023-02-21 21:47:51.321645,Haley Roman,andersonjeremy@example.com,17,123,4,492
286,2023-02-03 12:07:42.696116,Linda Malone,jennifer62@example.com,16,466,4,1864
287,2023-02-26 03:20:10.489200,Charles Harris,hallshane@example.com,7,98,4,392
288,2023-02-14 17:29:38.678821,Mary Morrison,walsheric@example.org,16,466,2,932
289,2023-02-11 04:11:00.172185,Fred Lin,fosterdominique@example.com,14,445,2,890
290,2023-02-04 11:40:42.581016,Cindy Thomas,christopher80@example.com,11,33,1,33
291,2023-02-14 23:12:45.103091,William Bullock,rsanders@example.com,2,326,9,2934
292,2023-02-01 22:15:50.089206,Daniel Roach,mtrujillo@example.com,4,409,1,409
293,2023-02-17 05:43:43.394314,Joshua Hansen,racheldavis@example.net,6,305,1,305
294,2023-02-07 21:17:18.745974,Troy Murphy,leah23@example.com,19,411,2,822
295,2023-02-24 11:23:46.247908,Jesse Wilkinson,tamarapeters@example.com,4,409,7,2863
296,2023-02-19 03:00:34.824724,Christina Hogan,sparksscott@example.com,2,326,9,2934
297,2023-02-17 05:21:33.305616,Nicole Williams,catherine27@example.com,17,123,2,246
298,2023-02-23 22:46:52.503598,Chris Goodwin,amandarobinson@example.org,17,123,3,369
299,2023-02-20 15:00:09.203116,Gregory Reed,yhamilton@example.net,2,326,5,1630
300,2023-02-17 11:25:09.261624,Angela Miller,christopher00@example.net,14,445,5,2225
301,2023-02-23 15:23:11.113712,Hannah Anderson,derrick31@example.com,18,73,6,438
302,2023-02-26 14:16:24.535471,Holly Bennett,shannoncannon@example.org,6,305,9,2745
303,2023-02-12 04:56:08.507603,Daniel King,stephendavis@example.org,8,272,5,1360
304,2023-02-25 20:51:07.448115,Laura Sullivan,rbrock@example.org,18,73,3,219
305,2023-02-14 08:02:42.985844,Chad Smith,ryan61@example.org,9,33,1,33
306,2023-02-13 15:12:00.766993,Kimberly Bell,dominiquefisher@example.net,15,117,1,117
307,2023-02-02 20:59:21.819577,Alexis Hood,angela79@example.org,14,445,1,445
