order_id,order_date,customer_name,customer_email,product_id,price,quantity,total
1,2023-04-03 03:35:48.776918,Barbara Reyes,taylortiffany@example.org,15,117,2,234
2,2023-04-14 13:23:22.106795,Matthew Garcia,higginseric@example.com,11,33,5,165
3,2023-04-21 23:22:09.612490,Benjamin Sanford,gaustin@example.org,1,44,5,220
4,2023-04-20 16:06:21.883903,Jessica Gonzalez DDS,lrichard@example.net,17,123,4,492
5,2023-04-11 14:42:24.151465,Jennifer Ward,timothygonzalez@example.com,18,73,5,365
6,2023-04-16 15:10:41.982994,Jaime Nash,lynnphillips@example.net,19,411,5,2055
7,2023-04-27 23:03:09.970175,Sheryl Sexton,gibsoncarl@example.com,4,409,7,2863
8,2023-04-03 08:54:05.026629,Henry Young,pmendoza@example.net,17,123,9,1107
9,2023-04-05 22:31:03.549471,Jacqueline Vang,angela61@example.net,17,123,9,1107
10,2023-04-13 23:14:37.274295,Valerie Jones,david84@example.org,6,305,3,915
11,2023-04-01 03:36:47.690293,Jacob Hayes,craig22@example.net,12,95,2,190
12,2023-04-26 11:11:24.024429,Benjamin Smith,wongkevin@example.com,2,326,2,652
13,2023-04-15 23:59:40.019356,Angela Rogers,dthomas@example.org,6,305,7,2135
14,2023-04-19 01:26:04.758853,Alexis Rodgers,fryemark@example.com,20,351,3,1053
15,2023-04-21 06:41:14.426492,Christopher Simpson,jamesmurphy@example.com,8,272,3,816
16,2023-04-25 01:02:29.560552,James Payne,gonzalesmichelle@example.net,5,398,5,1990
17,2023-04-07 13:36:22.088877,Micheal Adams,amberpratt@example.net,1,44,2,88
18,2023-04-19 01:13:48.935297,Derek Perez,smithkaren@example.org,2,326,6,1956
19,2023-04-19 02:35:53.322251,Leah Singleton,sarah89@example.com,18,73,6,438
20,2023-04-20 21:03:42.603131,Jennifer Yang,ericanguyen@example.net,20,351,6,2106
21,2023-04-02 08:48:31.413563,Johnny Schultz,joan65@example.com,1,44,5,220
22,2023-04-17 06:55:56.050783,Jonathan Lee DDS,jesse34@example.net,12,95,3,285
23,2023-04-08 21:02:46.300577,John Henry,gbarnett@example.net,15,117,6,702
24,2023-04-29 14:59:54.712106,Duane Mendoza,cmartinez@example.org,6,305,8,2440
25,2023-04-08 08:27:44.999095,Chris Brown,chadjohnson@example.net,6,305,2,610
26,2023-04-13 20:29:09.106667,Carla Maynard,nicole03@example.org,19,411,8,3288
27,2023-04-22 09:46:10.108713,David Phillips,robert57@example.org,1,44,1,44
28,2023-04-03 23:43:56.549220,Christina Mejia,sanchezrobert@example.net,9,33,9,297
29,2023-04-18 18:54:28.929350,Evan Garcia,stephaniemunoz@example.net,20,351,8,2808
30,2023-04-09 22:14:02.391276,Christina Weaver,graymeghan@example.net,19,411,4,1644
31,2023-04-05 01:50:04.216559,Carrie Harris,qdavis@example.org,10,447,1,447
32,2023-04-21 22:35:25.107199,Lauren Day,swansontony@example.com,2,326,4,1304
33,2023-04-19 00:43:06.527749,Monique Ryan,marybender@example.org,6,305,2,610
34,2023-04-08 13:56:27.886724,Jonathan Roberts,lambaaron@example.com,8,272,9,2448
35,2023-04-18 22:13:03.128355,Traci Terry,igregory@example.org,12,95,5,475
36,2023-04-25 13:02:32.358497,Jason Sweeney,yjohnson@example.org,4,409,3,1227
37,2023-04-22 11:06:53.663647,Eric Clark,helen51@example.net,4,409,4,1636
38,2023-04-01 09:21:38.904296,Timothy Morris,chris92@example.org,18,73,9,657
39,2023-04-09 01:15:32.502355,Daniel Harris,michaelroy@example.net,1,44,2,88
40,2023-04-16 18:32:29.505775,Kevin Cooper,kwagner@example.org,10,447,9,4023
41,2023-04-02 12:57:19.325952,Tammy Rose,baileymark@example.net,13,408,9,3672
42,2023-04-03 06:27:43.349600,William Allison,ashley16@example.net,6,305,6,1830
43,2023-04-20 16:15:50.169093,Joshua Johnson,cochranchristine@example.org,11,33,7,231
44,2023-04-06 10:21:46.908758,Justin Weiss,longjames@example.com,14,445,1,445
45,2023-04-12 22:09:04.951780,Randy Moss,amandajones@example.com,7,98,5,490
46,2023-04-26 12:54:08.319376,Kim Garcia,paulknight@example.net,15,117,4,468
47,2023-04-26 14:38:24.232949,Cory Herrera,mooresusan@example.com,10,447,5,2235
48,2023-04-18 12:51:52.453966,Desiree Chan,colemanjillian@example.net,17,123,9,1107
49,2023-04-26 04:53:58.593283,Dennis Ayers,goodmangilbert@example.com,16,466,1,466
50,2023-04-15 08:41:30.415629,Julie Baker,ugarcia@example.com,19,411,4,1644
51,2023-04-15 19:24:36.191477,Deborah Riggs,smithshane@example.net,9,33,9,297
52,2023-04-22 21:39:10.639573,Mary Frank,josephfowler@example.org,16,466,3,1398
53,2023-04-18 06:23:35.483003,Joseph Shannon,palmerhenry@example.org,5,398,4,1592
54,2023-04-11 23:31:40.416581,Renee Rodriguez,jacquelinesmith@example.net,1,44,7,308
55,2023-04-09 09:11:52.823126,Jerry Williams,ythomas@example.com,19,411,5,2055
56,2023-04-17 20:29:14.108533,Brittany Molina,pgarcia@example.com,12,95,1,95
57,2023-04-16 23:38:46.842234,Kevin Parker,rtorres@example.org,20,351,2,702
58,2023-04-25 01:27:13.819332,Amanda Andrews,coxdarlene@example.com,4,409,8,3272
59,2023-04-21 23:52:40.266075,Angela Olson,tboone@example.net,6,305,9,2745
60,2023-04-07 17:37:20.165528,Clayton Dennis,christine66@example.org,10,447,9,4023
61,2023-04-01 23:28:01.414388,Amy Walker,glennjohn@example.net,2,326,4,1304
62,2023-04-27 15:40:37.943472,Taylor Brown,briankelly@example.com,16,466,6,2796
63,2023-04-08 17:17:43.507250,Melissa Walker,ggarcia@example.com,8,272,3,816
64,2023-04-01 10:34:57.899778,Alexandra Ramirez,angela97@example.org,13,408,1,408
65,2023-04-22 15:54:26.401516,Lisa Mendez,rday@example.net,14,445,5,2225
66,2023-04-22 07:15:38.471626,Joseph Scott,johnstonjacqueline@example.net,5,398,3,1194
67,2023-04-19 08:37:44.379559,Larry Smith,perezrhonda@example.net,10,447,4,1788
68,2023-04-20 07:21:15.559462,Jimmy Sosa,nicholasgarcia@example.net,14,445,3,1335
69,2023-04-15 11:10:57.387401,William Matthews,morrisonzachary@example.net,18,73,1,73
70,2023-04-06 11:23:21.874310,Laura Solis,candaceyoung@example.com,6,305,6,1830
71,2023-04-18 11:08:21.915859,Christina Russell,michael64@example.org,7,98,4,392
72,2023-04-10 06:06:18.828953,Russell Gutierrez,rhondacaldwell@example.org,2,326,9,2934
73,2023-04-24 12:59:10.395221,Ryan Hall,ajackson@example.net,16,466,8,3728
74,2023-04-29 13:54:23.670823,Maria Greer,gibsondanielle@example.org,17,123,4,492
75,2023-04-15 23:32:14.743025,Karen Cruz,max56@example.net,14,445,7,3115
76,2023-04-18 06:15:10.585887,John Miller,tshaw@example.org,2,326,5,1630
77,2023-04-17 18:57:49.249143,Margaret Blair,jason47@example.com,14,445,1,445
78,2023-04-10 14:35:43.622933,Tina Randolph,robert20@example.net,6,305,4,1220
79,2023-04-20 22:03:39.721384,Michael Gutierrez,rwilliams@example.com,13,408,8,3264
80,2023-04-12 02:32:39.493693,Kenneth Collins,kbartlett@example.org,17,123,7,861
81,2023-04-26 08:01:33.313101,Joan Rodriguez MD,whitneyday@example.com,14,445,8,3560
82,2023-04-08 22:20:09.572433,Steven Stout,robert90@example.net,4,409,2,818
83,2023-04-01 05:22:27.279545,Linda Smith,stephenosborn@example.org,17,123,9,1107
84,2023-04-08 16:37:38.264666,Stephanie Nguyen,jameschapman@example.org,16,466,3,1398
85,2023-04-04 13:36:18.294629,Barbara Smith,james64@example.com,15,117,8,936
86,2023-04-22 09:00:40.065732,Robert Dunn,onealevan@example.org,20,351,2,702
87,2023-04-09 00:47:10.653912,Christian Kirby,ysmith@example.com,6,305,9,2745
88,2023-04-25 10:00:06.373073,Thomas Graham,evanmarsh@example.com,12,95,7,665
89,2023-04-24 14:10:17.713613,Christopher Allen,kimberlyhouse@example.net,17,123,6,738
90,2023-04-17 07:57:52.590891,Ryan Schneider,danielleray@example.org,10,447,1,447
91,2023-04-17 07:00:23.790277,Laurie Frank,wwright@example.org,13,408,6,2448
92,2023-04-17 15:27:34.452070,Dennis Davenport,scottangela@example.org,20,351,5,1755
93,2023-04-17 07:25:42.710511,Kristen Tucker,teresawalters@example.org,4,409,5,2045
94,2023-04-03 15:56:27.984040,Jessica Cole,charlesjohnson@example.org,17,123,3,369
95,2023-04-26 08:12:00.297896,Mrs. Shelly Hamilton PhD,nvasquez@example.org,10,447,4,1788
96,2023-04-10 13:45:17.120913,Maria Pope,amanda71@example.com,6,305,4,1220
97,2023-04-20 14:06:41.708821,Bryan Jones,fmurray@example.net,20,351,8,2808
98,2023-04-19 12:19:01.580676,Kathy Nguyen,jamesrobin@example.org,2,326,5,1630
99,2023-04-27 06:48:57.011750,Parker Vang,diazethan@example.com,20,351,7,2457
100,2023-04-11 19:43:00.112854,Thomas Boyd,larry66@example.com,19,411,6,2466
101,2023-04-25 17:04:11.244702,Ethan Phillips,ybranch@example.net,13,408,5,2040
102,2023-04-22 21:42:29.647241,Alexandra Montgomery,nathan45@example.org,18,73,7,511
103,2023-04-19 07:02:39.379944,Carl Jackson,rachelruiz@example.com,15,117,6,702
104,2023-04-13 19:53:43.355545,Claire Reese,jonathansimmons@example.com,7,98,2,196
105,2023-04-29 18:48:42.356015,Joshua Cooper,kennethgalloway@example.org,9,33,9,297
106,2023-04-03 21:44:22.748284,Ryan Rodriguez,kennedydaniel@example.com,16,466,9,4194
107,2023-04-22 08:33:45.768827,Andrew Holt,mcollier@example.org,4,409,2,818
108,2023-04-29 12:09:47.225025,Sara Rodgers,joelmorgan@example.com,11,33,5,165
109,2023-04-28 10:18:53.966056,Terri Lynn,ohood@example.com,4,409,7,2863
110,2023-04-16 17:58:01.604612,Jennifer Lopez,jonathanturner@example.net,5,398,2,796
111,2023-04-22 14:24:42.442469,George Norman,william66@example.org,20,351,8,2808
112,2023-04-22 04:27:11.836567,Jacob Keller,woodardstephen@example.com,11,33,1,33
113,2023-04-07 11:14:43.293250,Melissa Anderson,noah36@example.net,19,411,4,1644
114,2023-04-11 20:02:27.591622,Elijah Rivera,cvaldez@example.net,20,351,4,1404
115,2023-04-25 13:03:31.671405,Jessica Hernandez,zknight@example.com,4,409,5,2045
116,2023-04-19 00:22:32.109842,Allen Andrews,veronica46@example.org,2,326,3,978
117,2023-04-19 13:31:04.312915,Christian Valdez,john55@example.net,3,438,4,1752
118,2023-04-13 04:36:04.364237,Carl Wilson,chadclark@example.com,13,408,1,408
119,2023-04-04 19:19:22.672429,Jared Contreras,robertdavis@example.org,9,33,1,33
120,2023-04-24 02:23:24.979584,Michael Robinson,qbrown@example.net,18,73,3,219
121,2023-04-03 21:42:24.086894,Sean Miller,diazsamantha@example.com,1,44,3,132
122,2023-04-11 05:21:59.417678,Jessica Powers,angela24@example.com,8,272,1,272
123,2023-04-27 22:56:02.983666,Jose Perkins,hahnanthony@example.org,19,411,9,3699
124,2023-04-14 20:36:16.401876,Shaun Wilson,wmartinez@example.org,19,411,6,2466
125,2023-04-13 15:09:36.403784,Donald Williamson,carterchristina@example.net,13,408,7,2856
126,2023-04-17 20:48:13.779630,Anthony Moyer,bowerspaul@example.com,3,438,5,2190
127,2023-04-07 06:01:37.604241,Ricky Bridges,zbender@example.net,17,123,4,492
128,2023-04-18 20:35:45.071722,Stephanie Porter,jacksonemma@example.net,13,408,2,816
129,2023-04-18 10:47:33.375792,Michael Lopez,djenkins@example.net,7,98,1,98
130,2023-04-08 19:46:17.486275,Kimberly Carson,zhart@example.net,6,305,6,1830
131,2023-04-07 08:38:30.776245,Emma Hanson,stonemichael@example.org,6,305,6,1830
132,2023-04-11 08:44:46.031595,Adam Fuentes,debragilbert@example.com,13,408,2,816
133,2023-04-04 19:28:47.158710,Allison Dunn,vincentperkins@example.org,4,409,2,818
134,2023-04-29 03:29:50.171098,Mr. Herbert Yang,wsingleton@example.net,11,33,2,66
135,2023-04-18 20:37:59.184135,Susan Wright,bradshawkristy@example.com,10,447,7,3129
136,2023-04-11 07:47:48.509144,Michael Bailey,ksmith@example.com,2,326,6,1956
137,2023-04-28 07:09:36.700481,Brandy Perez,cherylalexander@example.org,10,447,4,1788
138,2023-04-14 14:22:26.799671,Susan Malone,holly64@example.org,8,272,7,1904
139,2023-04-07 04:24:08.553116,Shane Garcia,dylan41@example.com,2,326,1,326
140,2023-04-24 07:42:34.824196,Katherine Morris,codyvillegas@example.org,15,117,6,702
141,2023-04-07 00:32:12.171563,William Bailey,shafferelizabeth@example.org,4,409,5,2045
142,2023-04-14 22:26:56.776748,Lori Willis,jonathanking@example.org,16,466,9,4194
143,2023-04-12 21:09:22.671117,Dr. Shannon Blackwell,james08@example.org,9,33,5,165
144,2023-04-03 15:11:51.390501,Paul Allen,ethompson@example.org,11,33,8,264
145,2023-04-10 22:49:37.681714,Robert Smith,cjohnson@example.org,11,33,2,66
146,2023-04-04 05:44:00.994434,John Weiss,cruzsean@example.org,19,411,3,1233
147,2023-04-04 06:01:59.857991,Peter Fernandez,hooperjulie@example.com,9,33,5,165
148,2023-04-29 09:44:18.394332,Ann Lopez,chasenelson@example.com,7,98,2,196
149,2023-04-29 04:11:26.026807,Jason Porter,rreed@example.net,14,445,9,4005
150,2023-04-06 04:39:26.174910,Todd Brown,kayla34@example.net,13,408,2,816
151,2023-04-22 06:58:36.010375,Kaitlyn Jones,john80@example.org,14,445,5,2225
152,2023-04-14 18:56:25.799002,Matthew Compton,mollycox@example.org,1,44,3,132
153,2023-04-14 05:25:32.689770,Tina Fisher,samuelvasquez@example.com,8,272,4,1088
154,2023-04-10 18:08:11.720233,James Hartman,taylor41@example.com,3,438,6,2628
155,2023-04-16 04:58:34.958566,Vincent Conner,tonigarcia@example.com,20,351,6,2106
156,2023-04-03 14:17:47.888378,Brian Payne,kevinhamilton@example.org,12,95,8,760
157,2023-04-09 11:20:48.248249,Denise Wright,reynoldsmichael@example.org,10,447,1,447
158,2023-04-26 21:41:07.902661,Rhonda Joyce,nbauer@example.com,20,351,3,1053
159,2023-04-12 20:01:16.289665,Brian Ramsey,fdennis@example.com,4,409,7,2863
160,2023-04-07 17:40:38.638339,Brenda Lee,patelamy@example.net,13,408,5,2040
161,2023-04-24 04:48:47.774234,Kenneth Hendricks,kennedykathy@example.com,20,351,2,702
162,2023-04-16 04:53:19.618795,Jonathan Chase,brittanybush@example.org,17,123,8,984
163,2023-04-28 11:09:12.773911,Matthew Jacobs,clayton16@example.com,2,326,4,1304
164,2023-04-27 21:26:42.035785,Suzanne Fisher,stephaniehart@example.com,16,466,1,466
165,2023-04-05 05:34:55.525119,Jose Jenkins,jonathanblack@example.org,9,33,7,231
166,2023-04-28 14:38:53.475999,Kristy Gamble,qclark@example.org,17,123,8,984
167,2023-04-13 23:26:52.500425,Carrie Brown,martintiffany@example.com,12,95,1,95
168,2023-04-08 09:54:54.913824,Connor Hill,eric11@example.org,2,326,7,2282
169,2023-04-23 06:31:04.767197,Travis Lewis,shelbybenson@example.org,19,411,9,3699
170,2023-04-06 14:48:59.306300,Barbara Raymond,robert67@example.org,13,408,3,1224
171,2023-04-17 23:19:07.547461,Darlene Cline,veronicajones@example.org,15,117,6,702
172,2023-04-21 01:59:24.104921,Stacey Thomas,uyoung@example.org,10,447,6,2682
173,2023-04-08 05:03:01.443465,Alexander Peters,gonzalesheidi@example.net,14,445,8,3560
174,2023-04-02 12:13:26.634140,Robert Hale,matthewmcdonald@example.com,15,117,5,585
175,2023-04-17 02:13:43.037045,Kelly Preston,shanecollier@example.net,2,326,4,1304
176,2023-04-04 20:43:03.268871,Billy Villa,shepherdkendra@example.com,4,409,9,3681
177,2023-04-01 11:35:44.667640,Alexandra Underwood,darrenboyd@example.org,13,408,6,2448
178,2023-04-08 21:55:51.695195,James York,andrew03@example.com,10,447,3,1341
179,2023-04-13 06:08:55.114034,Sarah Morgan,edwardbarry@example.org,7,98,1,98
180,2023-04-14 18:24:53.304867,Jerry Banks,nanderson@example.org,10,447,3,1341
181,2023-04-05 20:25:36.265888,Casey Fitzpatrick,mreeves@example.org,3,438,6,2628
182,2023-04-01 10:14:43.808480,Anna Herring,andrew78@example.org,11,33,8,264
183,2023-04-07 08:53:42.187181,Bridget Huffman,martinezdavid@example.org,4,409,4,1636
184,2023-04-03 03:20:07.098961,Christopher Martin,buckdeborah@example.org,19,411,9,3699
185,2023-04-28 06:50:22.242117,Jeremy Jones,simmonsjonathan@example.net,18,73,2,146
186,2023-04-13 13:07:07.024677,Jamie Wagner,perezandrea@example.net,16,466,1,466
187,2023-04-15 17:05:51.617784,Rachel Anderson,dianenunez@example.org,20,351,6,2106
188,2023-04-02 18:16:07.256331,Jeffrey Bowman,ramossamantha@example.org,3,438,6,2628
189,2023-04-08 12:10:47.251213,Chris Roberts,summer10@example.net,16,466,4,1864
190,2023-04-12 17:00:54.998912,David Moore,danielross@example.org,7,98,3,294
191,2023-04-26 03:42:23.709779,Robert Thomas,maryvasquez@example.net,5,398,2,796
192,2023-04-18 12:18:22.101898,Rhonda Rogers,jennifer73@example.net,1,44,3,132
193,2023-04-25 19:38:43.526328,Victoria Jackson,shawlori@example.org,10,447,5,2235
194,2023-04-29 07:37:08.437387,Katherine Davis,rivasrobin@example.net,12,95,7,665
195,2023-04-06 10:51:17.684141,Robert Sanders,msandoval@example.com,16,466,7,3262
196,2023-04-25 00:06:54.005870,Brittany Williams,uewing@example.org,7,98,3,294
197,2023-04-01 10:10:54.170569,Kathy Butler,kimberly42@example.net,5,398,6,2388
198,2023-04-10 06:07:03.185839,Stephanie Phillips,reginald48@example.org,17,123,2,246
199,2023-04-16 18:59:45.401719,Wanda Brown,allencindy@example.net,4,409,4,1636
200,2023-04-15 13:03:58.646107,Tyler Poole,garciamichael@example.net,15,117,8,936
201,2023-04-10 15:46:21.237230,Stacey Blackburn,xmckay@example.com,10,447,2,894
202,2023-04-16 05:35:28.883665,Christina Ray,robert48@example.org,11,33,9,297
203,2023-04-12 16:01:22.317903,Gabriel Wilson Jr.,callahanmarvin@example.org,15,117,6,702
204,2023-04-12 19:11:50.985956,John Quinn PhD,brandi39@example.com,4,409,5,2045
205,2023-04-11 07:41:19.595756,Amanda Osborn,christopher45@example.net,13,408,3,1224
206,2023-04-06 07:19:47.907465,David Lopez,gabriel50@example.org,19,411,2,822
207,2023-04-07 11:19:13.983855,Katherine Anderson,tylernixon@example.net,7,98,6,588
208,2023-04-11 16:52:16.541870,Peggy Arnold,ajensen@example.net,4,409,8,3272
209,2023-04-27 07:42:51.781566,Sierra Castro,ngreen@example.org,12,95,2,190
210,2023-04-02 10:40:12.077068,Robert Martin,phamronald@example.net,3,438,1,438
211,2023-04-13 14:57:08.608190,Scott Marshall,kimberlylowe@example.com,6,305,1,305
212,2023-04-02 22:03:43.546824,Sheri Henderson,sarawalker@example.org,16,466,6,2796
213,2023-04-22 23:05:35.869044,John Soto,michael35@example.net,4,409,6,2454
214,2023-04-29 15:21:13.050890,Jay Collins,gabriel28@example.net,8,272,3,816
215,2023-04-25 09:17:02.129784,Erik Mccall,james06@example.org,2,326,6,1956
216,2023-04-26 05:17:07.012362,Anna Howell,julieclark@example.com,1,44,8,352
217,2023-04-03 17:33:54.068442,Christopher Gonzales,joshua34@example.org,18,73,3,219
218,2023-04-24 04:01:55.585562,Antonio Jacobson,nathanfarley@example.net,9,33,3,99
219,2023-04-09 16:07:04.780443,Laura Gonzalez,dianehardy@example.com,15,117,7,819
220,2023-04-14 12:53:11.110480,Jennifer Wilson,cody39@example.com,12,95,9,855
221,2023-04-11 12:28:11.639632,Elizabeth Frost,jwilson@example.net,15,117,1,117
222,2023-04-16 15:29:50.807245,Kimberly Thompson,justinsteele@example.org,1,44,9,396
223,2023-04-24 20:18:39.828123,Stephanie Medina,martinelizabeth@example.net,4,409,6,2454
224,2023-04-12 05:44:23.433760,Judy Cortez,oscarjohnson@example.net,19,411,7,2877
225,2023-04-03 07:30:06.776336,Trevor Abbott,kmurphy@example.com,4,409,5,2045
226,2023-04-10 08:18:20.358941,Brittney Carlson,megan89@example.com,12,95,8,760
227,2023-04-20 01:44:03.789113,Sarah Scott,zoekane@example.org,15,117,1,117
228,2023-04-29 22:30:58.542395,Brittany Howard,travisparrish@example.org,9,33,7,231
229,2023-04-28 09:33:48.116454,Monique Hernandez,zmartinez@example.com,1,44,9,396
230,2023-04-28 22:27:24.866432,Sophia Hurst,levi27@example.com,1,44,3,132
231,2023-04-13 08:12:16.298919,Brian Peterson,pamela57@example.com,17,123,9,1107
232,2023-04-07 11:10:03.451488,Aaron Aguilar,sean27@example.com,20,351,8,2808
233,2023-04-09 09:38:55.181403,Michael Johnson,barbarajones@example.org,19,411,1,411
234,2023-04-28 20:42:57.438082,Jeremy Pham,natalie94@example.net,20,351,5,1755
235,2023-04-15 18:21:20.811079,Heather Smith,catherine96@example.net,15,117,4,468
236,2023-04-09 01:36:00.210325,Julie Cunningham,christopher64@example.org,12,95,1,95
237,2023-04-07 02:06:27.790047,Troy Lee,sriley@example.org,13,408,6,2448
238,2023-04-02 16:16:24.314192,Kristen Brown MD,qjohnson@example.net,8,272,1,272
239,2023-04-13 14:04:58.678663,Ariel Forbes,gkennedy@example.net,2,326,4,1304
240,2023-04-10 23:58:29.745761,Mark Cameron,ryan77@example.net,15,117,1,117
241,2023-04-27 05:26:48.037744,Kelly James,markwoodard@example.org,16,466,8,3728
242,2023-04-19 20:29:10.690754,Brenda Whitehead,nicholas20@example.org,14,445,9,4005
243,2023-04-14 22:36:41.366109,Marcus Buck,bsmith@example.com,16,466,7,3262
244,2023-04-15 11:40:44.667398,Michelle Gray,juanwilliams@example.net,11,33,8,264
245,2023-04-17 00:07:17.232575,Danielle Calhoun,smithstephanie@example.com,8,272,9,2448
246,2023-04-10 15:16:29.730540,Charles Preston,gfowler@example.org,11,33,9,297
247,2023-04-27 22:53:47.008099,David Rogers,heatherbird@example.net,19,411,2,822
248,2023-04-13 04:26:47.573592,Yesenia Jimenez,arthur95@example.net,20,351,2,702
249,2023-04-19 21:37:03.211962,Tina Walker,jennifer62@example.com,10,447,7,3129
250,2023-04-09 12:28:56.616866,Bianca Thomas,dustinwilliams@example.com,14,445,8,3560
251,2023-04-22 08:58:52.255417,Dr. Gabriel Gallagher DDS,fpadilla@example.org,12,95,7,665
252,2023-04-06 21:50:56.267878,Virginia Medina,pameladavis@example.com,16,466,6,2796
253,2023-04-11 07:33:31.918403,Megan Cummings,ericcase@example.net,2,326,7,2282
254,2023-04-23 06:55:31.441372,Tara King,bookercynthia@example.com,8,272,4,1088
255,2023-04-27 01:10:40.758322,Anthony Williams,kevinward@example.net,8,272,6,1632
256,2023-04-26 12:16:42.475772,Victoria Smith,sarah33@example.net,2,326,2,652
257,2023-04-28 11:23:32.510159,Brian Williams,haleyjasmine@example.net,1,44,9,396
258,2023-04-24 20:59:51.321303,Mr. Billy Salas,shafferjessica@example.net,19,411,2,822
259,2023-04-25 00:28:05.050914,Kayla Hanson,nielsencharles@example.com,5,398,2,796
260,2023-04-05 20:30:30.534687,Jessica Butler,jennifer35@example.com,14,445,6,2670
261,2023-04-08 16:57:57.898958,Travis Dickerson,zrangel@example.net,11,33,5,165
262,2023-04-09 19:04:06.129061,Jessica Freeman,laurajohnson@example.net,1,44,2,88
263,2023-04-14 11:00:30.957587,Dr. Matthew Juarez,franklarry@example.net,12,95,1,95
264,2023-04-29 11:09:26.512270,Sara Adams,katherinecampbell@example.com,8,272,7,1904
265,2023-04-23 14:28:41.906823,Paul Banks,regina68@example.org,12,95,1,95
266,2023-04-13 16:21:20.765951,Billy Johnson,cookandrew@example.org,15,117,3,351
267,2023-04-18 12:49:00.144129,Philip Miller,ramosjulia@example.org,5,398,2,796
268,2023-04-06 23:12:54.632740,Suzanne Ingram,rcrawford@example.com,19,411,8,3288
269,2023-04-14 08:20:41.302671,Faith Gonzalez,angela98@example.net,17,123,6,738
270,2023-04-06 20:41:51.905443,Joseph Martinez,casey94@example.org,1,44,1,44
271,2023-04-16 16:12:47.671614,Christopher Martin,michellehowe@example.org,9,33,9,297
272,2023-04-22 06:03:43.628689,Erik Garcia,charlesbrown@example.net,15,117,4,468
273,2023-04-11 21:59:23.273857,Angela Wright,jonesjonathan@example.com,16,466,1,466
274,2023-04-03 09:50:36.323853,John Faulkner,teverett@example.net,17,123,7,861
275,2023-04-12 05:53:46.726292,Matthew Jackson,tdiaz@example.org,17,123,7,861
276,2023-04-01 07:22:18.095084,Jessica Rivera,gabrielleatkins@example.com,2,326,4,1304
277,2023-04-01 08:53:37.047136,Kimberly Lynch,jacquelinewalker@example.com,3,438,6,2628
278,2023-04-17 05:17:30.240196,Michelle Rosales,williamallen@example.com,2,326,4,1304
279,2023-04-05 19:31:02.255929,Kimberly Duncan,pmontgomery@example.net,19,411,8,3288
280,2023-04-03 16:59:31.359926,Tara Turner,krystallittle@example.com,18,73,9,657
281,2023-04-11 00:37:47.930411,Joel Pruitt,yduran@example.com,9,33,3,99
282,2023-04-08 03:13:54.914592,Brandon Davis,waltersmith@example.org,4,409,6,2454
283,2023-04-09 02:25:31.112532,Brenda Gentry,nicholewilson@example.com,18,73,3,219
284,2023-04-15 04:47:05.461963,William Miller,shaunhoward@example.net,4,409,9,3681
285,2023-04-23 07:39:37.409759,Kim Glover,cassandra72@example.com,15,117,8,936
286,2023-04-10 19:22:59.316069,Janet Pope,conleynatalie@example.net,3,438,4,1752
287,2023-04-19 07:49:07.505097,Leslie Erickson,jamiefrost@example.org,16,466,1,466
288,2023-04-22 11:26:12.652276,Amy Irwin,kevinreyes@example.com,16,466,4,1864
289,2023-04-04 12:47:46.727708,Kelli Hill,nathaniel08@example.org,1,44,9,396
290,2023-04-01 23:29:26.606012,Nicholas Hayes,smithmichelle@example.net,8,272,8,2176
291,2023-04-28 07:05:21.040861,Brenda Cortez,melissarobertson@example.org,20,351,9,3159
292,2023-04-13 01:16:15.098478,Katrina Mullins,michaelbrown@example.org,9,33,1,33
293,2023-04-09 15:00:23.700658,Antonio Berger,thompsonandrew@example.org,7,98,1,98
294,2023-04-29 23:16:38.795158,Brittany Munoz,edward01@example.com,18,73,8,584
295,2023-04-04 11:54:11.736563,Melinda Flores,cramos@example.net,13,408,2,816
296,2023-04-11 07:51:56.236770,Carolyn Murray,joseph36@example.org,12,95,4,380
297,2023-04-09 09:01:08.326970,Angela Mann,danieltaylor@example.org,9,33,4,132
298,2023-04-25 05:38:03.151933,Michael Herrera,nguyenjoseph@example.org,18,73,6,438
299,2023-04-19 21:21:09.645959,Anna Perez,zimmermaneugene@example.com,11,33,7,231
300,2023-04-10 01:43:31.629711,Laura Collins,dflores@example.com,8,272,4,1088
301,2023-04-08 07:52:08.079553,Lori Morris,weberlawrence@example.org,4,409,3,1227
302,2023-04-11 05:14:11.971017,Scott Gillespie,garyreed@example.org,2,326,4,1304
303,2023-04-28 14:30:57.830040,Joshua Huber,alicia17@example.net,2,326,8,2608
304,2023-04-27 15:34:21.902283,Daniel Smith,ncontreras@example.net,4,409,6,2454
305,2023-04-01 02:31:15.429067,Brett Frazier,rbrooks@example.com,19,411,7,2877
306,2023-04-24 15:48:13.778336,Charles Wallace,seanhernandez@example.org,18,73,9,657
307,2023-04-05 06:19:32.767513,Bradley Mccormick,dillondavid@example.com,17,123,5,615
308,2023-04-10 20:08:54.562216,Thomas Doyle,stephanie84@example.net,20,351,5,1755
309,2023-04-05 16:21:02.498197,Bernard Lucas,clarkmatthew@example.net,2,326,7,2282
310,2023-04-29 13:16:12.700824,Teresa Conner,ukane@example.org,7,98,8,784
311,2023-04-14 11:59:25.833694,Michelle Cruz,omanning@example.org,10,447,2,894
312,2023-04-27 22:20:42.939360,Bobby Reyes,alexanderharris@example.com,14,445,1,445
313,2023-04-11 09:51:36.144782,William Rosario,rmoreno@example.net,9,33,9,297
314,2023-04-04 00:29:29.802783,Christine Brennan,lancekelley@example.com,15,117,1,117
315,2023-04-03 02:31:33.122871,Rebecca Stout,lisasmith@example.org,5,398,5,1990
316,2023-04-11 07:15:09.424714,Teresa Walker,ruizcandice@example.net,14,445,3,1335
317,2023-04-15 20:03:51.416834,Pedro Schaefer,johnsonjason@example.com,1,44,9,396
318,2023-04-02 00:26:25.950666,Joseph Page,stevenstammy@example.org,13,408,6,2448
319,2023-04-17 17:25:54.624812,Michael Stone,timothywalker@example.net,3,438,8,3504
320,2023-04-05 16:53:23.697592,Haley Myers,david15@example.com,12,95,3,285
321,2023-04-17 02:26:33.769108,James Copeland,xsmith@example.org,17,123,3,369
322,2023-04-16 10:11:47.479736,Robert Henry,jack23@example.org,19,411,2,822
323,2023-04-26 21:56:55.762173,Jill Wood,caleb98@example.org,14,445,1,445
324,2023-04-26 20:03:49.817712,Sara Wyatt,wellsjason@example.com,14,445,2,890
325,2023-04-17 07:27:19.469815,Anna Phillips,flin@example.net,9,33,4,132
326,2023-04-06 21:01:23.014391,Kristina Howard,john29@example.org,6,305,7,2135
327,2023-04-03 01:59:52.570852,Cindy Gill,qlester@example.com,10,447,5,2235
328,2023-04-15 09:44:10.309016,Gloria Jacobs,rhernandez@example.org,4,409,2,818
329,2023-04-12 06:36:45.557527,Michelle Bradley,brittneyarcher@example.org,5,398,4,1592
330,2023-04-08 00:21:38.105417,Lisa Hoffman,john17@example.com,18,73,5,365
331,2023-04-24 21:59:21.084277,Matthew Kirby,barrettaaron@example.com,8,272,8,2176
332,2023-04-18 03:26:04.297829,Corey Lewis MD,wsingh@example.com,4,409,9,3681
333,2023-04-13 13:05:29.648054,Johnathan Andrews,kmorris@example.org,18,73,2,146
334,2023-04-28 04:08:56.643975,Scott Dominguez,brennanjason@example.com,14,445,8,3560
335,2023-04-21 06:38:09.843040,Angela White,oconnormaria@example.org,20,351,1,351
336,2023-04-10 18:43:28.492205,Brandi King,daniellegolden@example.net,4,409,5,2045
337,2023-04-08 02:42:18.501579,Maria Perez,lphillips@example.com,15,117,8,936
338,2023-04-16 21:10:15.227065,Nicole Jones,michealherrera@example.com,7,98,5,490
339,2023-04-20 06:06:00.686417,Matthew Vaughn,millerjeffrey@example.org,6,305,1,305
340,2023-04-01 20:06:46.185555,Christopher Jackson,elizabethking@example.com,20,351,2,702
341,2023-04-04 18:15:52.742411,Dana Cabrera,davidcarter@example.net,20,351,5,1755
342,2023-04-08 16:12:12.516270,Jasmine Singh,cmorrison@example.net,7,98,2,196
343,2023-04-01 15:35:51.047806,Kenneth Hall,erica07@example.net,2,326,4,1304
344,2023-04-07 01:29:45.050926,Penny Thomas,jessicawallace@example.net,2,326,9,2934
345,2023-04-10 15:38:34.846607,Crystal Roberts,sarahgrant@example.net,10,447,6,2682
346,2023-04-03 04:07:17.482346,Adrian Torres,jwalker@example.org,4,409,9,3681
347,2023-04-27 14:55:59.440176,Christine Powell,meganparker@example.org,4,409,8,3272
348,2023-04-06 16:57:39.387175,Mary Sanchez,chughes@example.org,9,33,6,198
349,2023-04-27 14:22:24.129084,David Lambert,lewisjoshua@example.org,10,447,6,2682
350,2023-04-23 14:40:55.800611,Leah Adkins,davisbrian@example.com,15,117,7,819
351,2023-04-23 17:42:42.697349,Andrew Fields,cynthiahogan@example.com,3,438,7,3066
352,2023-04-15 09:38:19.383564,Victoria Jackson,halljennifer@example.com,7,98,9,882
353,2023-04-14 22:05:38.545532,Benjamin Ayers,brent99@example.net,1,44,5,220
354,2023-04-29 17:17:31.209200,Dustin Lane,aliciachristian@example.net,20,351,4,1404
355,2023-04-05 19:06:31.409019,Aaron Boone,colemanjesse@example.net,15,117,3,351
356,2023-04-27 23:11:34.254909,Katherine Sanchez,ashley16@example.net,5,398,6,2388
357,2023-04-17 23:34:54.676900,Carlos Peterson,scottjohn@example.com,16,466,7,3262
358,2023-04-28 12:21:12.820217,Amy Krause,jean96@example.com,3,438,4,1752
359,2023-04-18 22:10:07.073504,Mary Steele,ndickson@example.org,18,73,7,511
360,2023-04-01 05:58:07.781295,Jared Atkins,sabrinanovak@example.net,19,411,3,1233
361,2023-04-03 10:28:59.720679,Jacob Villanueva,williambrown@example.net,7,98,2,196
362,2023-04-24 09:58:32.070956,Daniel Stevens,zjackson@example.com,16,466,8,3728
363,2023-04-23 22:27:43.208162,Karen Landry,nguyenjennifer@example.org,12,95,1,95
364,2023-04-27 12:42:59.084223,Jason Lane,johnjames@example.org,2,326,8,2608
365,2023-04-26 17:37:24.712186,William Boyd,landrytyrone@example.org,17,123,4,492
366,2023-04-08 22:53:04.190957,Allison Hicks,hnavarro@example.org,8,272,3,816
367,2023-04-01 16:30:53.443591,Miguel Lang,sandrawalker@example.net,16,466,1,466
368,2023-04-25 06:09:36.246571,Melanie Brown,tamarastewart@example.net,12,95,2,190
369,2023-04-18 17:34:18.631016,Jeffrey Clarke,brianahaynes@example.org,7,98,4,392
370,2023-04-20 15:31:44.157724,Amber Cameron,michaelrivera@example.org,9,33,2,66
371,2023-04-06 17:59:36.687523,Patricia Nunez,michaelarnold@example.com,2,326,1,326
372,2023-04-06 16:04:33.489080,Timothy Schaefer,hartjerry@example.com,5,398,6,2388
373,2023-04-28 09:55:40.661874,Kathleen Keith,wayneriley@example.net,11,33,9,297
374,2023-04-15 09:02:30.470176,Justin Ellis,robertflores@example.org,2,326,1,326
375,2023-04-12 22:11:00.188537,John Reed,dolsen@example.com,9,33,5,165
376,2023-04-08 19:35:06.440732,Henry King,mjones@example.com,16,466,5,2330
377,2023-04-27 05:09:41.280188,Heather Campbell,andrewcardenas@example.org,19,411,9,3699
378,2023-04-02 21:24:13.599713,Samantha Knapp,whill@example.org,13,408,3,1224
379,2023-04-21 22:48:01.478510,Richard Ayala,casey41@example.com,3,438,1,438
380,2023-04-27 02:42:19.902724,Michael Moses,vincentjohn@example.org,19,411,1,411
381,2023-04-06 11:55:01.086114,Philip Williams,jacksonpaul@example.net,1,44,7,308
382,2023-04-10 11:25:31.057662,Mallory Melton,hjacobs@example.com,16,466,5,2330
