order_id,order_date,customer_name,customer_email,product_id,price,quantity,total
1,2023-03-08 04:59:11.137992,Katherine Nguyen,vmora@example.org,18,73,3,219
2,2023-03-03 05:06:19.962427,Samuel Dominguez,gomezconnor@example.com,17,123,8,984
3,2023-03-25 07:07:09.233677,Joshua Morrow,nneal@example.com,6,305,7,2135
4,2023-03-17 18:27:54.856679,Katrina Bryant,scottchang@example.net,13,408,8,3264
5,2023-03-22 08:21:22.530033,Diana Cummings,kevin06@example.com,7,98,2,196
6,2023-03-10 00:03:32.060908,Jennifer Foster,dawn24@example.org,3,438,3,1314
7,2023-03-27 21:45:37.977905,Justin Sawyer,deckermisty@example.org,19,411,4,1644
8,2023-03-24 05:18:09.492110,Tracy Hill,johnhernandez@example.org,12,95,6,570
9,2023-03-09 20:06:15.889612,Andrew Ortiz,jill45@example.com,20,351,6,2106
10,2023-03-25 15:57:43.376753,Shelley Morgan,wmiller@example.com,19,411,5,2055
11,2023-03-05 10:15:40.353959,Stefanie Lawson,bryanwilliams@example.net,4,409,5,2045
12,2023-03-08 23:06:28.216501,Travis Yu,clarkolivia@example.net,14,445,8,3560
13,2023-03-28 13:25:44.010615,Stephanie Snyder,jessica79@example.org,2,326,9,2934
14,2023-03-20 18:41:39.908782,Bryan Spencer,huynhcharles@example.net,16,466,1,466
15,2023-03-04 17:44:06.313664,Emily Sutton,davidvelasquez@example.net,15,117,6,702
16,2023-03-18 06:46:29.507853,Rachel Thornton,xjones@example.net,18,73,1,73
17,2023-03-18 03:08:57.287089,Joshua Perkins,johnsonxavier@example.com,5,398,8,3184
18,2023-03-09 02:43:33.421995,Lori Miller,ncervantes@example.net,19,411,7,2877
19,2023-03-24 02:41:50.414316,Stephanie Wilson,anthonytheresa@example.net,11,33,7,231
20,2023-03-29 05:29:40.489840,Natalie Mayer,butlersamantha@example.org,20,351,3,1053
21,2023-03-24 08:40:36.893344,Ryan Blake,amy34@example.com,4,409,5,2045
22,2023-03-01 18:34:00.805893,Douglas Graves,zamorasarah@example.net,9,33,1,33
23,2023-03-28 22:13:03.020043,Anthony Ross,stevenmalone@example.net,18,73,1,73
24,2023-03-17 19:18:38.484031,Katelyn Sullivan,rwalters@example.com,14,445,7,3115
25,2023-03-14 11:17:22.025617,Kaitlyn Perry,george46@example.net,1,44,5,220
26,2023-03-24 10:20:41.195064,Jessica Garcia,kim57@example.com,6,305,6,1830
27,2023-03-20 17:30:10.397720,Julian Rhodes,haleypalmer@example.net,4,409,1,409
28,2023-03-20 04:05:42.753293,Sara Watts,hlopez@example.com,17,123,3,369
29,2023-03-12 10:37:27.824650,Michael Rogers,keverett@example.org,14,445,4,1780
30,2023-03-11 17:33:39.687713,Cindy Smith,moorepeter@example.com,8,272,4,1088
31,2023-03-15 20:29:47.073209,Jacqueline Sanchez,pearsonzachary@example.org,14,445,4,1780
32,2023-03-04 14:49:28.978083,Kenneth Russo,erica79@example.org,19,411,5,2055
33,2023-03-16 13:40:54.243272,Andrea Flores,ferrelljohnathan@example.net,17,123,8,984
34,2023-03-20 20:14:58.958124,Jeffery Leonard,markodonnell@example.net,3,438,4,1752
35,2023-03-18 20:10:13.573841,Ryan Schwartz,sandrabryant@example.net,2,326,8,2608
36,2023-03-13 12:32:21.397053,Wanda Walton,bmelendez@example.org,12,95,3,285
37,2023-03-09 16:03:30.205216,Brandon Anderson,melinda68@example.net,17,123,1,123
38,2023-03-14 17:32:02.964117,Zachary Ramirez,juliaosborne@example.com,7,98,8,784
39,2023-03-24 02:44:22.418139,Eddie Lee,eugene95@example.net,5,398,1,398
40,2023-03-22 17:35:53.076018,Sarah Patel,shelby48@example.com,6,305,4,1220
41,2023-03-03 15:24:28.614393,Alexandra Jordan,ericsmith@example.net,5,398,7,2786
42,2023-03-28 07:29:50.352612,Lisa English,fschultz@example.com,7,98,1,98
43,2023-03-03 12:33:07.897584,Shirley Harrison,jodi42@example.org,17,123,4,492
44,2023-03-12 09:55:31.241559,Brandon Henderson,mcgeetammie@example.org,1,44,9,396
45,2023-03-10 11:08:32.332088,Heather Cooper,james62@example.net,3,438,7,3066
46,2023-03-25 16:28:38.706396,Jo Scott,williamskurt@example.org,18,73,5,365
47,2023-03-01 05:20:11.855843,Fernando Robinson,rfletcher@example.com,11,33,1,33
48,2023-03-15 13:16:38.763542,Michael Murphy,linda93@example.com,16,466,5,2330
49,2023-03-25 09:33:49.147084,Julie Lee,carterlinda@example.net,12,95,7,665
50,2023-03-08 07:31:57.257403,Megan Mccoy,vsmith@example.org,1,44,9,396
51,2023-03-16 02:30:28.684646,Gabriel Benson,glennhobbs@example.org,3,438,3,1314
52,2023-03-08 05:33:43.849659,Mary Le,james17@example.com,6,305,1,305
53,2023-03-11 01:36:42.999197,Joyce Simon,fanderson@example.com,2,326,7,2282
54,2023-03-20 03:15:54.565024,Melissa Clayton,rebecca60@example.org,5,398,9,3582
55,2023-03-26 08:46:33.424460,Karen Lyons,johnsoncasey@example.net,16,466,2,932
56,2023-03-28 00:54:57.730179,Willie Morales,brianna67@example.com,2,326,3,978
57,2023-03-23 20:44:25.968701,Tracy Valenzuela,wardshane@example.com,5,398,5,1990
58,2023-03-09 17:33:46.436198,Ricardo Murray,gravesjulie@example.com,7,98,3,294
59,2023-03-20 09:14:05.612862,Henry Owen,johnsondana@example.org,15,117,3,351
60,2023-03-02 01:59:35.013645,Ashley Miller,maryzhang@example.net,19,411,6,2466
61,2023-03-08 04:25:58.817731,Allison Flores,vincent88@example.net,2,326,7,2282
62,2023-03-10 21:52:46.578834,Michelle Reed,danielle46@example.net,16,466,8,3728
63,2023-03-20 07:23:13.856942,Lisa Rosales,jesusmcdonald@example.com,7,98,1,98
64,2023-03-03 20:06:35.789191,Alan Powell,samanthasmith@example.com,5,398,9,3582
65,2023-03-28 00:11:07.883685,Brian Hunter,james52@example.net,14,445,3,1335
66,2023-03-13 09:53:19.233192,Joshua Martin,scrosby@example.org,10,447,5,2235
67,2023-03-29 23:28:22.192010,Julie Farley,ithompson@example.com,1,44,3,132
68,2023-03-04 05:21:22.043943,Jasmine Potts,julie77@example.org,10,447,4,1788
69,2023-03-10 00:10:08.339172,Heather Cameron,obriendavid@example.org,12,95,1,95
70,2023-03-14 00:30:37.793884,Carl Mack MD,shannonamy@example.org,20,351,5,1755
71,2023-03-12 04:15:12.932971,Jason Mueller,clarkbrian@example.com,3,438,9,3942
72,2023-03-05 12:16:53.336555,Kayla Weiss,janet59@example.net,2,326,7,2282
73,2023-03-29 01:24:20.260675,Eric King,crystal30@example.net,19,411,1,411
74,2023-03-23 09:18:12.276026,Evan Thomas,emercado@example.org,11,33,1,33
75,2023-03-23 15:47:21.243032,Colton Love,nward@example.com,10,447,8,3576
76,2023-03-11 13:24:25.302936,Megan Garcia,eknight@example.net,10,447,7,3129
77,2023-03-28 23:37:31.109893,Kenneth Sullivan,cindy48@example.org,9,33,1,33
78,2023-03-21 08:48:47.725737,Andrea Bennett,theresatran@example.org,16,466,8,3728
79,2023-03-21 00:17:02.652944,Scott Anderson,mmcgee@example.com,14,445,5,2225
80,2023-03-28 23:44:24.419746,Anthony Burton,wilkinssandra@example.org,16,466,4,1864
81,2023-03-12 11:17:00.722319,Robert Jennings,aking@example.org,5,398,4,1592
82,2023-03-08 10:52:04.714643,Diane Allen,zacharyedwards@example.net,17,123,9,1107
83,2023-03-26 11:07:16.553761,Angie Trevino,matthew08@example.org,5,398,1,398
84,2023-03-07 07:18:20.547940,Brenda Wright,amandamartin@example.net,16,466,2,932
85,2023-03-11 18:33:40.726019,Alexa Sutton,elizabeth60@example.com,4,409,7,2863
86,2023-03-20 21:39:21.004045,William Davis,brianclark@example.net,12,95,9,855
87,2023-03-04 13:09:20.650587,David Lewis,thomasray@example.org,10,447,4,1788
88,2023-03-23 11:16:17.645912,Carolyn Burke,wbell@example.com,19,411,9,3699
89,2023-03-06 10:09:53.090216,Robert Miller,stoneronald@example.net,14,445,7,3115
90,2023-03-16 14:19:30.412003,Jared Edwards,michelle29@example.com,16,466,8,3728
91,2023-03-26 00:07:14.847352,Hannah Larson,lisaschmidt@example.net,12,95,8,760
92,2023-03-05 06:21:50.481166,Casey Lozano,williamssamuel@example.com,14,445,2,890
93,2023-03-19 14:26:09.986214,Jennifer Wells,baileylaura@example.org,2,326,9,2934
94,2023-03-16 02:30:02.762690,Todd Allen,jilliancharles@example.org,16,466,2,932
95,2023-03-20 21:39:45.736257,Matthew Harris,brian49@example.com,1,44,4,176
96,2023-03-27 11:37:42.797413,Charles Smith,andersonjason@example.com,12,95,7,665
97,2023-03-16 06:56:48.794196,Jonathon Evans,crystal70@example.net,11,33,9,297
98,2023-03-10 23:05:15.758038,Edward Ward,heather82@example.com,8,272,7,1904
99,2023-03-05 00:04:26.326944,Richard Henry,paulrose@example.org,11,33,1,33
100,2023-03-22 21:02:56.361933,William Mclaughlin,fwebb@example.com,4,409,1,409
101,2023-03-08 06:27:28.757554,Mr. Timothy Acosta,cruzteresa@example.com,3,438,4,1752
102,2023-03-16 11:11:05.653848,Laura Cannon,jessica70@example.com,17,123,7,861
103,2023-03-28 05:04:16.088457,Sharon Perry,andrea26@example.com,9,33,4,132
104,2023-03-15 21:55:05.175557,Lisa Norris,troyzimmerman@example.org,1,44,1,44
105,2023-03-05 08:58:23.759589,Angela Wong,ashleyperez@example.org,9,33,1,33
106,2023-03-26 08:31:51.227921,Nathan Wilkerson,istephens@example.org,20,351,5,1755
107,2023-03-04 08:16:43.288226,Renee Johnson,dpatel@example.net,8,272,4,1088
108,2023-03-01 03:08:22.247440,Casey Anderson,goodleon@example.com,9,33,9,297
109,2023-03-07 19:30:07.254757,Jessica Parker,cynthiaramirez@example.com,16,466,8,3728
110,2023-03-26 18:32:07.333616,Tracy Graham,akaufman@example.org,13,408,9,3672
111,2023-03-28 19:53:01.090766,Jocelyn Cross,anthony32@example.org,17,123,2,246
112,2023-03-06 03:06:03.245966,John Morgan,opugh@example.net,14,445,7,3115
113,2023-03-27 11:09:44.871048,Matthew Young,schwartzstephanie@example.net,17,123,2,246
114,2023-03-08 03:01:22.080381,Thomas Russo,carol87@example.net,17,123,3,369
115,2023-03-26 20:51:45.779839,Charles Wright,markmurphy@example.com,20,351,3,1053
116,2023-03-06 13:03:56.840368,Leslie Coffey,gking@example.net,20,351,9,3159
117,2023-03-01 08:07:41.494048,Charles Schultz Jr.,ejackson@example.com,3,438,2,876
118,2023-03-09 20:00:29.413184,Peter Williams,joshua82@example.org,12,95,8,760
119,2023-03-06 02:33:32.110316,Laura Gutierrez,lewisdavid@example.net,7,98,5,490
120,2023-03-13 13:13:47.535636,Melanie Roy,edward50@example.org,10,447,6,2682
121,2023-03-08 17:18:55.349803,Sharon King MD,jordanedwards@example.com,17,123,8,984
122,2023-03-05 23:14:47.207808,Javier Erickson Jr.,michaeldean@example.net,5,398,6,2388
123,2023-03-16 07:04:38.133751,Amanda Snyder,hfry@example.com,5,398,3,1194
124,2023-03-09 17:31:19.838190,Jessica Bowers,dmartin@example.net,14,445,8,3560
125,2023-03-11 01:53:33.424595,Kimberly Marshall,thomasbrown@example.com,8,272,8,2176
126,2023-03-26 10:42:53.230348,Carolyn Rose,daniel95@example.net,4,409,4,1636
127,2023-03-14 04:18:03.025140,Connor Rubio,cory86@example.net,18,73,3,219
128,2023-03-13 23:53:38.936005,Stephanie Salinas,josephsmith@example.com,6,305,2,610
129,2023-03-05 18:06:24.901668,Kimberly Walker,bradleymelissa@example.com,17,123,9,1107
130,2023-03-03 09:51:26.261025,Randy Larsen,harveyaaron@example.org,14,445,6,2670
131,2023-03-05 14:22:39.950928,Brandon Olson,martinezerika@example.org,15,117,4,468
132,2023-03-24 22:56:39.826445,Janice Williams,jermaineneal@example.net,1,44,4,176
133,2023-03-28 06:51:48.731772,Maria Wall,duffyregina@example.com,18,73,7,511
134,2023-03-16 17:45:28.799500,Jose Hampton,omatthews@example.com,12,95,8,760
135,2023-03-03 06:06:37.482447,Cody Anderson,mmonroe@example.org,7,98,7,686
136,2023-03-22 15:36:57.648507,Haley Walker,jennifer01@example.net,13,408,2,816
137,2023-03-15 05:19:41.863662,Allison Rodriguez,robert39@example.org,18,73,9,657
138,2023-03-09 10:57:52.297768,Teresa Keller,margaret75@example.net,3,438,7,3066
139,2023-03-01 06:03:50.077124,Johnny Figueroa PhD,ricky22@example.com,9,33,9,297
140,2023-03-17 09:19:12.802663,Kristy Davis,lmunoz@example.com,1,44,8,352
141,2023-03-21 08:18:49.547479,Elizabeth Hernandez,johnsoncatherine@example.net,2,326,2,652
142,2023-03-18 14:44:08.516879,Teresa Reyes,whitedavid@example.net,17,123,8,984
143,2023-03-26 06:22:55.319013,Jeffrey Wright,hallhaley@example.com,1,44,8,352
144,2023-03-03 09:26:15.519439,Sabrina Garner,ndaniels@example.com,1,44,8,352
145,2023-03-24 15:41:12.798256,Michael Powell,wellsdebra@example.net,9,33,9,297
146,2023-03-06 05:30:17.025984,Sarah Parker,favery@example.net,20,351,8,2808
147,2023-03-09 01:51:31.926123,Brooke Logan,omcdonald@example.net,10,447,3,1341
148,2023-03-26 20:08:01.618688,Denise Mcdonald,farrellmckenzie@example.org,14,445,9,4005
149,2023-03-26 12:02:20.573026,Rodney Glass,erikgreen@example.com,13,408,5,2040
150,2023-03-21 16:58:38.377762,Phillip Henderson,clementsbenjamin@example.com,5,398,3,1194
151,2023-03-09 04:31:34.084574,Jermaine Warner,hgraves@example.org,15,117,1,117
152,2023-03-06 03:08:16.553874,William Thomas,brandon14@example.com,8,272,2,544
153,2023-03-28 09:24:25.338960,Kimberly Duke,john09@example.com,18,73,6,438
154,2023-03-08 09:51:38.259175,Jacob Jenkins,adamkennedy@example.org,3,438,2,876
155,2023-03-10 03:02:20.700394,Laurie York,jackcrosby@example.org,6,305,6,1830
156,2023-03-25 19:14:53.742870,Jacob Watson,jessica97@example.com,17,123,3,369
157,2023-03-16 16:27:38.433186,Kathryn Daniels,antonio33@example.org,9,33,9,297
158,2023-03-18 07:46:08.689879,Steven Long,james56@example.org,7,98,6,588
159,2023-03-13 20:35:29.523721,Ronald Garcia,ehoward@example.net,19,411,3,1233
160,2023-03-26 23:27:12.034303,John Davis,murphyjacob@example.com,18,73,9,657
161,2023-03-23 22:30:15.240305,Justin Weber,amanda49@example.net,15,117,7,819
162,2023-03-04 21:13:08.434179,Jose Harris,lauren28@example.org,3,438,4,1752
163,2023-03-03 10:47:54.591876,Jonathan Alexander,francistracy@example.net,2,326,4,1304
164,2023-03-26 11:13:03.813178,Mark Cooper,johnjohnson@example.net,5,398,8,3184
165,2023-03-20 09:03:45.406411,Mary Hughes,bakermichael@example.net,19,411,2,822
166,2023-03-12 09:23:48.867083,Peter Sullivan,patriciabaird@example.net,13,408,3,1224
167,2023-03-25 03:49:09.397109,Vanessa Johnson,melanie19@example.org,18,73,9,657
168,2023-03-20 16:04:19.687305,Nicholas King,ywilkerson@example.org,1,44,3,132
169,2023-03-13 12:05:15.882288,Jonathan George,ucarson@example.net,19,411,2,822
170,2023-03-05 05:39:42.094842,Rose Vasquez,georgestephen@example.net,17,123,1,123
171,2023-03-10 16:45:03.618226,Kayla Lynch,pearsonpaula@example.org,20,351,5,1755
172,2023-03-23 05:02:10.819985,Mary Smith,charlessantiago@example.org,20,351,5,1755
173,2023-03-09 23:10:54.219816,Crystal Cross,millerjoseph@example.org,11,33,5,165
174,2023-03-06 07:59:36.579059,Adam Berger,david00@example.com,1,44,4,176
175,2023-03-03 22:11:55.581702,Brian Boyer,tina49@example.org,19,411,1,411
176,2023-03-22 13:33:32.635487,Michelle Munoz,ian34@example.net,11,33,6,198
177,2023-03-02 07:57:45.566648,Adam Johnson,jennifermarsh@example.org,17,123,1,123
178,2023-03-27 23:04:52.563805,Robert Allison,nhall@example.org,4,409,4,1636
179,2023-03-01 13:47:44.781434,Bruce Ramsey,richardjuarez@example.net,4,409,3,1227
180,2023-03-25 13:29:48.962455,Joel Roberts,reyesdebra@example.net,16,466,6,2796
181,2023-03-21 03:27:12.878605,Lisa Ford,esparzabrooke@example.org,11,33,1,33
182,2023-03-01 22:24:39.075950,Alyssa Jenkins,paul65@example.org,5,398,3,1194
183,2023-03-03 09:40:31.494146,Ryan Ponce,karen02@example.net,3,438,8,3504
184,2023-03-20 01:10:40.891867,Kathy Decker,brianvaughn@example.net,2,326,4,1304
185,2023-03-02 16:16:14.391927,Dr. Jessica Gates,qsantos@example.net,18,73,9,657
186,2023-03-14 00:39:31.224936,Russell Campbell,andrew50@example.net,13,408,1,408
187,2023-03-26 01:01:49.272530,Brandon Peck,brian56@example.com,1,44,1,44
188,2023-03-24 19:03:19.986980,Katherine Lin,jonathan67@example.org,2,326,9,2934
189,2023-03-07 11:12:37.409043,Gregory Miller,ashleywilliams@example.com,10,447,9,4023
190,2023-03-26 15:41:42.197136,Tina Miller,knorris@example.net,4,409,4,1636
191,2023-03-21 11:20:15.150107,Alicia Johnson,carpenterraymond@example.net,2,326,7,2282
192,2023-03-11 02:04:53.451631,Shannon Alexander,bartlettmelissa@example.com,13,408,8,3264
193,2023-03-09 03:07:11.304643,William Webster,yelliott@example.net,20,351,8,2808
194,2023-03-09 18:12:46.310203,Cynthia Bishop,simsbrandy@example.net,4,409,1,409
195,2023-03-18 14:34:53.744960,Danielle Whitaker,washingtonjocelyn@example.net,10,447,4,1788
196,2023-03-11 00:12:49.170651,Anna Bradley,wjohnson@example.net,5,398,2,796
197,2023-03-08 01:37:48.247322,Jordan Gordon,luis39@example.com,15,117,8,936
198,2023-03-25 16:11:39.864844,David Perez,deborah21@example.org,14,445,7,3115
199,2023-03-25 03:07:55.322530,Alexandria Wright,joelpowell@example.net,7,98,4,392
200,2023-03-11 19:37:30.351097,Joshua Weaver,omorris@example.net,4,409,1,409
201,2023-03-04 06:55:08.945698,Erika Pham,raven95@example.net,19,411,3,1233
202,2023-03-27 20:52:37.244276,Kristie Moreno,johnzuniga@example.net,6,305,6,1830
203,2023-03-19 08:14:00.171090,Linda White,bradchambers@example.org,16,466,9,4194
204,2023-03-18 04:57:38.409464,Tim Harper,michael48@example.org,16,466,8,3728
205,2023-03-07 21:18:11.638859,Cindy Soto,schwartztimothy@example.net,4,409,3,1227
206,2023-03-19 16:54:38.411848,Antonio Herring,odavidson@example.org,1,44,2,88
207,2023-03-03 04:14:35.579783,Vincent Davis,daniel30@example.com,20,351,8,2808
208,2023-03-24 00:30:56.554001,Mr. John Camacho,raymondhouse@example.org,4,409,2,818
209,2023-03-23 09:26:50.773623,Joshua Harris,anthony40@example.org,17,123,5,615
210,2023-03-16 12:26:24.545577,Michael Cunningham,plee@example.org,2,326,3,978
211,2023-03-10 20:18:06.055930,Heather Mitchell,andreadorsey@example.net,10,447,6,2682
212,2023-03-04 14:45:29.296928,Dylan Jones,careymatthew@example.net,7,98,3,294
213,2023-03-04 12:02:49.942252,Shawn Gonzalez,dunnbradley@example.org,1,44,2,88
214,2023-03-05 20:53:01.437675,Clifford Atkinson,jason09@example.net,18,73,4,292
215,2023-03-21 01:03:23.728133,Susan Hicks,davisdebra@example.net,18,73,3,219
216,2023-03-14 18:44:47.232147,Lori Pope,ricardo38@example.net,11,33,5,165
217,2023-03-28 07:24:03.365607,Peter Graham,kowens@example.com,20,351,1,351
218,2023-03-24 16:29:31.865983,Tamara Matthews,sarahgalloway@example.net,15,117,8,936
219,2023-03-07 06:08:37.449004,Jason Salazar,robert32@example.com,14,445,1,445
220,2023-03-10 22:14:25.689946,Samuel Shelton,bburns@example.net,17,123,4,492
221,2023-03-24 18:25:43.372341,Jennifer Bentley,sextonkevin@example.org,9,33,3,99
222,2023-03-28 01:04:33.371022,Paul Perry,juanjordan@example.org,7,98,9,882
223,2023-03-21 21:04:46.149017,Jacob Mcdonald,victoria69@example.org,6,305,3,915
224,2023-03-03 13:24:07.434993,Michael Murray,blankenshipfelicia@example.net,20,351,5,1755
225,2023-03-17 15:46:41.528073,Laura Fleming,williamhunter@example.net,3,438,9,3942
226,2023-03-25 22:15:26.477322,Mr. Gary Horton,justin86@example.org,2,326,2,652
227,2023-03-29 18:25:11.719788,Steven Martinez,hardyashley@example.com,8,272,4,1088
228,2023-03-11 19:10:59.086069,Danielle Keller,jonathonallen@example.org,18,73,5,365
229,2023-03-02 16:24:17.740489,Angela Williams,ellischad@example.com,7,98,3,294
230,2023-03-20 13:45:37.605324,Christopher Simpson,lisa96@example.org,9,33,2,66
231,2023-03-27 12:23:06.187410,Kristen Morgan,jeremycrawford@example.net,13,408,2,816
232,2023-03-11 11:39:51.012659,Melissa Gutierrez,leecarlos@example.net,12,95,2,190
233,2023-03-14 11:18:13.938777,Robin Smith,justinknight@example.net,2,326,3,978
234,2023-03-27 13:35:54.917627,Matthew Price,erinross@example.net,3,438,9,3942
235,2023-03-21 16:14:33.399189,Billy Jones,jillmoore@example.net,10,447,2,894
236,2023-03-27 00:58:57.609301,Gina Clark,zhart@example.net,4,409,8,3272
237,2023-03-21 07:30:57.734178,Linda Fuller,imendez@example.net,1,44,4,176
238,2023-03-05 05:27:08.362444,Wendy Lyons,brooke51@example.net,8,272,8,2176
239,2023-03-09 10:22:29.021128,Kendra Pitts,douglassanchez@example.com,19,411,6,2466
240,2023-03-22 11:27:56.921394,Amy Vasquez,melaniemedina@example.org,20,351,1,351
241,2023-03-14 09:11:31.527111,Derrick Werner,perrysmith@example.net,16,466,9,4194
242,2023-03-28 06:49:56.935172,Stephen Johnson,zgomez@example.com,11,33,6,198
243,2023-03-28 20:32:55.628337,Mrs. Margaret Torres,tammy26@example.net,5,398,6,2388
244,2023-03-21 00:46:06.360061,Kathleen Johnson,chad15@example.org,10,447,8,3576
245,2023-03-14 00:02:09.720951,Jacqueline Thompson,samanthapierce@example.com,17,123,2,246
246,2023-03-05 03:30:11.381413,Kimberly Wilson,dhale@example.net,7,98,2,196
247,2023-03-14 20:15:31.452445,Michael Vega,ujennings@example.com,8,272,5,1360
248,2023-03-28 03:09:49.531037,Christopher Jones,nfarmer@example.com,1,44,2,88
249,2023-03-21 13:28:58.770322,Christopher Lester,briancline@example.org,6,305,3,915
250,2023-03-27 10:27:27.229527,David Nguyen,jamesmiller@example.net,20,351,3,1053
251,2023-03-17 11:53:06.675648,Melissa Cruz,jeffrey52@example.com,17,123,1,123
252,2023-03-27 15:55:03.004642,Franklin Hammond,juan39@example.net,18,73,3,219
253,2023-03-07 10:13:00.086544,Sandra Jimenez,ktaylor@example.org,13,408,8,3264
254,2023-03-19 06:02:27.432156,Caleb Sandoval,klopez@example.org,19,411,9,3699
255,2023-03-23 08:12:37.567193,Jennifer Yang MD,melindafuller@example.org,7,98,2,196
256,2023-03-15 13:43:21.108881,Allison Brock,boyermichelle@example.org,9,33,8,264
257,2023-03-21 14:27:15.540148,Michelle Lee,nashhenry@example.com,11,33,5,165
258,2023-03-14 18:09:11.310669,Jerome Jordan,robertanderson@example.net,1,44,5,220
259,2023-03-22 01:24:22.221860,Victoria Black,wjones@example.com,6,305,1,305
260,2023-03-22 18:51:00.304238,Richard Kim,westtonya@example.com,17,123,7,861
261,2023-03-28 21:13:31.152740,Cameron Meyer,xjenkins@example.com,8,272,9,2448
262,2023-03-09 22:45:04.071609,Joshua Figueroa,zkaiser@example.com,20,351,6,2106
263,2023-03-05 20:45:48.658775,Heather Allen,alicialewis@example.org,9,33,3,99
264,2023-03-29 15:26:55.351613,John Patel,christine26@example.org,1,44,4,176
265,2023-03-12 23:03:03.975989,William Sanchez,willisrobert@example.com,13,408,9,3672
266,2023-03-11 20:50:01.755036,Jeffrey Mitchell,bwood@example.org,17,123,1,123
267,2023-03-11 06:26:50.918686,Michelle Moore,john82@example.com,3,438,8,3504
268,2023-03-11 16:42:42.117007,Jordan Hoffman,hinesdaniel@example.com,3,438,2,876
269,2023-03-28 15:27:53.242720,Angela Owens,petercastro@example.com,9,33,6,198
270,2023-03-06 18:58:31.350186,Craig Johnson PhD,gouldryan@example.net,2,326,4,1304
271,2023-03-05 03:36:11.387313,Dawn Richards,laurenbaker@example.com,15,117,8,936
272,2023-03-29 09:26:08.627498,Brandon Williams,davismichelle@example.com,13,408,3,1224
273,2023-03-05 22:11:23.026938,Todd Burnett,misty50@example.com,4,409,5,2045
274,2023-03-27 05:57:07.934141,Dalton Robinson,kylestrong@example.org,15,117,6,702
275,2023-03-18 04:42:17.033113,Diane Ward,wilsonsarah@example.net,7,98,7,686
276,2023-03-06 09:31:08.787182,Tom Henry,kaitlyncarpenter@example.net,13,408,9,3672
277,2023-03-20 08:07:44.554388,Jill Morrow,peter25@example.org,16,466,9,4194
278,2023-03-25 04:51:26.680986,Jesus Smith,gonzalesjulie@example.net,13,408,8,3264
279,2023-03-01 09:49:00.481288,Jacob Williams,garysmith@example.org,3,438,3,1314
280,2023-03-11 22:45:53.890754,Roger Sandoval,patrick81@example.com,19,411,6,2466
281,2023-03-17 21:16:37.853527,Ronald Hill,nhopkins@example.net,12,95,6,570
282,2023-03-19 09:40:04.755317,Rhonda Black,kaitlynwillis@example.com,15,117,8,936
283,2023-03-04 04:44:10.891387,Maria Hall,sethgraves@example.com,20,351,2,702
284,2023-03-11 22:03:39.884847,Thomas Grant,trosales@example.net,4,409,2,818
285,2023-03-19 01:27:40.763549,John Stewart,lauren05@example.com,13,408,3,1224
286,2023-03-29 15:00:49.974969,Patrick Delacruz,jeffrey00@example.net,16,466,8,3728
287,2023-03-03 01:42:22.938460,Edwin Harrell,westpaula@example.net,6,305,6,1830
288,2023-03-06 07:34:15.458856,Mitchell Ramirez,christineleonard@example.com,1,44,6,264
289,2023-03-26 03:33:31.823015,Theodore Leon,zamorachelsea@example.net,10,447,8,3576
290,2023-03-03 02:00:52.031101,Crystal Ramirez,kjones@example.net,11,33,4,132
291,2023-03-16 02:01:42.690758,Mrs. Erika Smith,tiffany31@example.org,19,411,3,1233
292,2023-03-29 01:14:56.258517,Scott Taylor,keith91@example.org,18,73,9,657
293,2023-03-17 07:16:15.887261,Steve Petty,vpham@example.org,5,398,4,1592
294,2023-03-04 03:20:23.231471,Brittney Pitts,jenny57@example.net,4,409,9,3681
295,2023-03-26 08:24:52.772282,Michael Taylor,sharpjoseph@example.org,5,398,9,3582
296,2023-03-29 04:13:59.551335,Angela Cooper,umcclain@example.org,4,409,6,2454
297,2023-03-20 22:44:44.030712,Kristin Patel,sterrell@example.org,20,351,1,351
298,2023-03-15 04:03:44.435052,Kathryn Armstrong,meganmendoza@example.net,4,409,6,2454
299,2023-03-13 17:22:16.175043,Michael Cooper,wterry@example.com,6,305,9,2745
300,2023-03-28 18:07:54.110256,Edward Evans,davidshaw@example.org,3,438,8,3504
301,2023-03-05 08:35:45.297658,Carl Yates,royperez@example.net,11,33,4,132
302,2023-03-10 11:04:06.033206,Danielle Callahan,stephen23@example.com,14,445,5,2225
303,2023-03-23 12:16:35.937992,Shelley Bauer,danny50@example.com,11,33,6,198
304,2023-03-29 19:37:11.958468,David Orozco,jessicapalmer@example.com,6,305,5,1525
305,2023-03-16 12:31:29.253224,Lisa Smith,dduran@example.com,5,398,1,398
306,2023-03-11 15:38:31.313333,Brittney Rich,jacob98@example.com,13,408,1,408
307,2023-03-01 18:34:59.506325,Victoria Barrera,mhines@example.net,5,398,7,2786
308,2023-03-21 07:00:12.094468,Andrea Ali,swillis@example.org,7,98,3,294
309,2023-03-28 17:59:52.859398,Daniel Aguilar,bfernandez@example.org,12,95,7,665
310,2023-03-23 22:01:49.354741,Dr. Larry Oliver,kramirez@example.com,2,326,2,652
311,2023-03-09 10:11:11.950519,Olivia Jarvis,hartmary@example.net,7,98,2,196
312,2023-03-11 01:47:41.009635,Allison Davis,audrey60@example.org,14,445,1,445
313,2023-03-25 16:39:59.079005,Louis Trevino,edavis@example.com,11,33,8,264
314,2023-03-07 17:48:16.051300,Victoria Fields,zsimmons@example.com,19,411,2,822
315,2023-03-26 04:07:09.116592,Christopher Brown,gbennett@example.org,6,305,8,2440
316,2023-03-23 23:42:29.882761,Jennifer Martin,janetnewman@example.org,7,98,9,882
317,2023-03-09 18:49:14.741257,Ethan Hunter,millerjames@example.com,5,398,4,1592
318,2023-03-12 16:31:08.455452,Jill Andrade,molly79@example.net,2,326,5,1630
319,2023-03-14 04:30:11.133974,Daniel Cantu,littledaniel@example.com,1,44,3,132
320,2023-03-05 23:02:47.617751,Charles Morgan,cooperdeanna@example.com,2,326,5,1630
321,2023-03-22 14:36:38.042917,Latasha Woods,christopherfields@example.com,3,438,6,2628
322,2023-03-09 00:07:28.873612,Brianna Mckee,anthony07@example.com,14,445,2,890
323,2023-03-10 18:13:52.477149,Erin Smith,sarabryant@example.com,9,33,3,99
324,2023-03-19 11:41:15.140165,Eric Douglas,williamsyvette@example.com,16,466,4,1864
325,2023-03-17 05:07:36.980036,Carla Smith,davisbridget@example.com,11,33,5,165
326,2023-03-01 07:56:38.290059,Jennifer Hernandez,pamela26@example.com,4,409,5,2045
327,2023-03-22 21:54:35.294237,Eric Arnold,james68@example.com,5,398,8,3184
328,2023-03-17 12:47:30.678748,Alexander Smith,robertcummings@example.net,5,398,7,2786
329,2023-03-01 09:12:49.487012,Ashley Wheeler,emmagallagher@example.org,15,117,2,234
330,2023-03-26 13:50:12.592533,Abigail Watkins,marcussmith@example.com,15,117,5,585
331,2023-03-24 14:59:31.581765,Matthew Woods,dylancampbell@example.com,20,351,9,3159
332,2023-03-18 18:18:25.196084,Jon Fernandez,andersonanthony@example.com,4,409,5,2045
333,2023-03-06 07:38:36.154256,Heather Fox,whitakerivan@example.net,7,98,7,686
334,2023-03-16 16:54:19.556588,Lisa Bailey,huntalexa@example.com,1,44,3,132
335,2023-03-15 04:59:47.001081,Caroline Gamble,meltonanthony@example.com,16,466,9,4194
336,2023-03-24 03:24:48.244244,Daniel Johnson,bakerlatasha@example.org,12,95,4,380
337,2023-03-11 01:32:57.628535,Willie Page,amanda31@example.net,3,438,4,1752
338,2023-03-22 23:08:11.880292,James Wood,amandabennett@example.net,7,98,9,882
339,2023-03-04 07:55:42.565692,Patrick Taylor,fchan@example.org,5,398,2,796
340,2023-03-18 02:49:43.696911,George Joseph,nphillips@example.com,6,305,5,1525
341,2023-03-23 16:00:53.300943,Angela Flores,underwoodkaren@example.net,6,305,7,2135
342,2023-03-09 16:57:21.896463,Tasha Morris,iadams@example.org,5,398,1,398
343,2023-03-08 22:11:57.842178,Sheila Henderson,daniel91@example.org,12,95,2,190
344,2023-03-01 03:30:55.049646,Larry Richards,emma86@example.com,3,438,1,438
345,2023-03-07 10:03:55.593795,Connor Hancock,fthomas@example.net,8,272,2,544
346,2023-03-11 10:43:11.012355,Jason Hanna,sdavis@example.org,13,408,8,3264
347,2023-03-17 08:06:36.099029,Brian Torres,emilydavis@example.net,4,409,2,818
348,2023-03-01 12:08:45.922733,Lauren Wright,stephen17@example.org,2,326,2,652
349,2023-03-26 06:41:09.513589,George Walters,bakerbrittney@example.org,16,466,4,1864
350,2023-03-27 15:27:45.662848,Christopher Harris,brodriguez@example.com,18,73,8,584
351,2023-03-06 02:26:21.743729,Lori Hull,fgonzalez@example.com,15,117,2,234
352,2023-03-21 12:07:54.413464,Sarah Romero,sabrina26@example.net,18,73,5,365
353,2023-03-26 01:56:44.969442,Michael Warren,wallleslie@example.com,19,411,5,2055
354,2023-03-21 15:49:02.577027,Kristen Harris,bryce86@example.com,3,438,3,1314
355,2023-03-15 11:52:54.539300,Richard Castro,gwendolynschneider@example.com,8,272,1,272
356,2023-03-19 19:20:53.635721,Patrick Graham,hwalker@example.com,3,438,6,2628
357,2023-03-12 17:08:08.004530,Brooke Davidson,brookstheresa@example.net,7,98,4,392
358,2023-03-02 16:27:50.598654,Tina Bush,youngkaren@example.net,18,73,7,511
359,2023-03-05 23:56:36.845594,Kayla Sanchez,glennmaria@example.net,5,398,6,2388
360,2023-03-02 23:54:47.532212,John Gonzales,michaelschwartz@example.org,7,98,2,196
361,2023-03-28 20:35:30.240356,Adam Pham,krauselisa@example.net,2,326,5,1630
362,2023-03-06 20:52:24.177395,Maria King,brownalison@example.com,17,123,1,123
363,2023-03-20 00:49:08.627319,Amanda Mcknight,tranjohn@example.net,5,398,5,1990
364,2023-03-15 21:04:41.200835,William Lin,smithjanet@example.net,9,33,9,297
365,2023-03-18 05:44:27.983534,Amanda Jackson,jamessnyder@example.com,1,44,8,352
366,2023-03-13 05:34:24.232630,Jordan Williams,cohenveronica@example.net,1,44,1,44
367,2023-03-11 21:28:22.473929,Wendy Hoffman,whitneyperez@example.com,1,44,4,176
368,2023-03-28 07:34:33.295579,Casey Taylor,sharon82@example.com,6,305,4,1220
369,2023-03-16 21:19:23.657291,Claudia Bailey,srobbins@example.com,10,447,2,894
