order_id,order_date,customer_name,customer_email,product_id,price,quantity,total
1,2023-10-08 01:36:40.223746,Stephanie Garcia,andrew20@example.org,4,409,6,2454
2,2023-10-13 11:21:35.730918,Anna Stephenson,mstephenson@example.org,17,123,2,246
3,2023-10-25 23:36:24.604094,Rhonda Pugh,jasonowens@example.org,3,438,1,438
4,2023-10-22 04:45:32.189595,Gloria Johnson,deleonolivia@example.com,4,409,8,3272
5,2023-10-29 09:10:55.985640,Amanda Williams,rebeccabrown@example.com,9,33,3,99
6,2023-10-01 07:01:41.751046,Andrew Lopez,smithjustin@example.com,4,409,9,3681
7,2023-10-26 23:27:03.853815,Christopher Neal,ejones@example.org,14,445,7,3115
8,2023-10-20 20:54:41.353494,Bryan Schwartz,jessica00@example.org,8,272,9,2448
9,2023-10-06 12:58:42.783613,Cory Barker,yangnicholas@example.com,19,411,7,2877
10,2023-10-29 20:02:02.632504,Jasmine Jackson,peterstout@example.org,6,305,1,305
11,2023-10-24 09:11:10.711564,Justin Padilla,tryan@example.com,20,351,3,1053
12,2023-10-03 05:32:48.730151,Jason Rubio,imyers@example.org,15,117,3,351
13,2023-10-04 16:49:27.851248,Jeffrey Rios,smithkristen@example.net,10,447,8,3576
14,2023-10-26 16:08:49.085248,Diana Reed,thomaslopez@example.net,15,117,1,117
15,2023-10-17 06:40:46.957158,Ms. Whitney Shah,brandon75@example.com,2,326,2,652
16,2023-10-15 11:57:50.766726,Andrew York,kevincoffey@example.net,17,123,4,492
17,2023-10-15 04:19:33.846845,Jacob Jones,qadams@example.org,11,33,5,165
18,2023-10-15 12:36:04.060898,Alicia Glenn,joannaadkins@example.org,1,44,6,264
19,2023-10-14 15:22:34.000679,Mrs. Sierra Parks,mdixon@example.com,15,117,9,1053
20,2023-10-28 13:03:03.612471,Steven Yoder,jeremycantrell@example.org,2,326,3,978
21,2023-10-13 16:45:00.621997,Julia Wiggins,petersonmatthew@example.net,4,409,9,3681
22,2023-10-27 15:17:07.694643,Dawn Nelson,jessicahanson@example.org,9,33,2,66
23,2023-10-04 08:36:12.474815,Julie Stark,ygregory@example.com,3,438,9,3942
24,2023-10-27 10:29:01.966847,Tiffany Hart,wgregory@example.org,11,33,7,231
25,2023-10-21 18:44:40.455944,Krista Hale,htucker@example.com,15,117,9,1053
26,2023-10-04 19:30:55.583635,Gary Rush,kimjames@example.com,15,117,7,819
27,2023-10-17 12:29:18.966841,Mitchell Rose Jr.,michaelewing@example.net,11,33,3,99
28,2023-10-13 18:51:56.816567,Kyle Washington,juanolson@example.org,3,438,7,3066
29,2023-10-15 09:24:25.308049,Madison Davis,timothywilliams@example.com,5,398,1,398
30,2023-10-11 16:56:53.343234,Taylor House,sarah92@example.org,19,411,3,1233
31,2023-10-09 05:18:49.086575,Ryan Morales,caseyvillanueva@example.org,6,305,4,1220
32,2023-10-24 00:34:27.304479,Maria Brown,mgibbs@example.org,9,33,9,297
33,2023-10-06 19:04:07.305485,Phillip Yang,douglashodge@example.org,13,408,4,1632
34,2023-10-26 19:20:50.054820,Julie Branch,andersonbrian@example.org,11,33,2,66
35,2023-10-22 20:58:48.849601,Tracy Rodriguez,sue08@example.net,7,98,5,490
36,2023-10-16 07:49:20.231501,Jason Stanley,ariel44@example.org,4,409,3,1227
37,2023-10-18 17:19:26.604668,Greg Pratt,michelle76@example.net,4,409,2,818
38,2023-10-24 08:24:47.855724,Andrew Johnson,rogerskelly@example.net,9,33,5,165
39,2023-10-12 01:37:55.035078,Jeffrey Patterson,kennethherrera@example.com,14,445,7,3115
40,2023-10-01 05:27:35.916960,Jamie Clark,wsnyder@example.net,12,95,6,570
41,2023-10-16 07:15:05.998234,Stuart Wilson,elizabeth16@example.org,9,33,3,99
42,2023-10-23 19:59:27.620389,Crystal Bennett,amberdaniel@example.com,16,466,6,2796
43,2023-10-03 13:46:47.903419,Stephen Cannon,wschneider@example.com,9,33,1,33
44,2023-10-29 15:37:50.175823,Fernando Johnson,emily53@example.net,13,408,2,816
45,2023-10-06 22:04:20.199200,Joseph James,jpena@example.org,12,95,3,285
46,2023-10-22 16:18:28.122265,Jamie Lewis,ophillips@example.org,4,409,7,2863
47,2023-10-07 15:32:10.155538,Susan Lewis,darren85@example.net,7,98,2,196
48,2023-10-17 23:09:55.736225,Colleen Bishop,crossdebra@example.com,12,95,4,380
49,2023-10-02 20:38:51.916595,Derek Beasley,chadwoods@example.org,16,466,9,4194
50,2023-10-01 23:48:59.977131,Alyssa Jackson,kayla02@example.com,5,398,4,1592
51,2023-10-21 13:50:02.653999,Kyle Shepherd,brianmendez@example.com,1,44,6,264
52,2023-10-21 07:20:27.779181,Crystal Franklin,chenangela@example.net,3,438,7,3066
53,2023-10-23 21:31:34.779720,Mary Patrick,jennifer33@example.net,9,33,3,99
54,2023-10-22 19:06:08.341214,Susan Suarez,michele28@example.net,14,445,9,4005
55,2023-10-12 19:04:07.685166,Stephen Ruiz,cprince@example.net,18,73,5,365
56,2023-10-01 23:59:44.434391,Marissa Heath,matthewbenton@example.org,3,438,1,438
57,2023-10-03 08:21:39.088185,Mike Moore,robert33@example.net,13,408,8,3264
58,2023-10-19 19:40:33.657741,Tiffany Estes,tammie07@example.org,17,123,2,246
59,2023-10-05 12:27:53.932114,Lindsay Davidson,brianvilla@example.org,3,438,2,876
60,2023-10-05 08:41:42.813133,Erin Banks,nking@example.org,4,409,3,1227
61,2023-10-17 22:17:40.793433,Laura Price,jasonmoore@example.net,12,95,7,665
62,2023-10-12 01:01:49.940729,Jamie Robbins,mccoyabigail@example.org,4,409,7,2863
63,2023-10-14 18:21:13.868409,Joseph Green,mmckee@example.net,2,326,3,978
64,2023-10-27 16:13:41.840205,James Bell,gschneider@example.com,18,73,8,584
65,2023-10-02 13:43:11.623671,Joshua Kelley,kylejimenez@example.net,10,447,6,2682
66,2023-10-05 13:33:01.481803,Paula Reeves,seanduffy@example.com,2,326,8,2608
67,2023-10-14 14:06:32.486574,Betty Hall,toddholly@example.org,4,409,9,3681
68,2023-10-01 10:06:03.401900,Erin Ortiz,fletchererica@example.org,8,272,6,1632
69,2023-10-07 07:59:40.767093,Richard Jacobs,brian89@example.org,6,305,4,1220
70,2023-10-02 04:03:18.852358,Suzanne Blair,thomas62@example.net,15,117,3,351
71,2023-10-26 20:40:57.588500,Anthony Gallegos,patelamanda@example.com,18,73,8,584
72,2023-10-07 11:37:51.213043,Paige Acosta,lori15@example.net,11,33,3,99
73,2023-10-07 18:29:26.367033,Heather Figueroa,richard83@example.org,18,73,9,657
74,2023-10-14 03:35:09.835256,Karen Lowe,zcollins@example.org,4,409,8,3272
75,2023-10-07 04:43:51.103443,David Lamb,askinner@example.com,12,95,3,285
76,2023-10-03 17:14:43.020084,Drew Phelps,jonathanbrandt@example.net,18,73,5,365
77,2023-10-06 00:25:16.485090,Tammy Rivera,bwilliamson@example.net,10,447,7,3129
78,2023-10-19 12:09:22.314101,Theresa Moses,mjones@example.com,4,409,6,2454
79,2023-10-14 13:19:03.891886,Ronald Boyd,nbarnett@example.org,20,351,3,1053
80,2023-10-25 18:21:27.034000,Ashley Simpson,ayerslisa@example.org,10,447,4,1788
81,2023-10-05 13:03:51.121692,Derrick Becker,alynn@example.com,12,95,7,665
82,2023-10-19 18:28:06.600330,Lisa Cook,billy52@example.net,19,411,9,3699
83,2023-10-19 08:39:29.529613,Andrew Gilbert,patrick42@example.org,8,272,6,1632
84,2023-10-19 14:19:53.731646,Zachary Cline,gutierrezsydney@example.org,7,98,7,686
85,2023-10-03 06:23:00.245641,Kathleen Thompson,aking@example.net,2,326,3,978
86,2023-10-26 05:53:37.812539,Christian Garner,riveraanna@example.net,20,351,7,2457
87,2023-10-06 04:47:17.325485,Mary Jackson,bradleyjackson@example.net,13,408,1,408
88,2023-10-02 09:02:26.384886,Anne Bell,maureenwise@example.org,13,408,3,1224
89,2023-10-12 05:31:04.459990,Kevin Larson,kristen54@example.net,6,305,6,1830
90,2023-10-20 13:28:29.137576,Tonya Bradford,jessica06@example.net,8,272,8,2176
91,2023-10-29 11:02:37.873247,Mark Grimes,castrodestiny@example.net,1,44,3,132
92,2023-10-21 02:33:18.359307,Andrea Paul,daniel63@example.org,12,95,4,380
93,2023-10-06 22:44:07.892818,Kendra Copeland,jonesjose@example.net,16,466,4,1864
94,2023-10-10 09:49:23.353809,Aaron Huffman,delgadoelizabeth@example.com,13,408,4,1632
95,2023-10-11 03:30:46.512621,Robert Perez,james72@example.com,10,447,3,1341
96,2023-10-06 15:44:27.972790,Brenda Kidd,damonowens@example.com,14,445,2,890
97,2023-10-18 21:47:01.017754,Edwin Alvarez,leeariel@example.org,11,33,9,297
98,2023-10-02 15:10:10.852714,Hannah Foster,jordanjudy@example.org,2,326,7,2282
99,2023-10-29 17:49:06.264307,John James,livingstonsara@example.com,8,272,2,544
100,2023-10-13 07:22:03.247802,Amanda Lee,lauren69@example.com,20,351,1,351
101,2023-10-20 16:51:17.549087,Connor Kline,ejohnson@example.net,1,44,3,132
102,2023-10-08 01:58:58.916610,Crystal Gross,sarahjohnson@example.org,7,98,9,882
103,2023-10-19 11:45:20.355276,Brandi Wilson,courtney52@example.org,12,95,1,95
104,2023-10-13 13:51:12.155308,Bryce Marsh DVM,johnwashington@example.com,19,411,2,822
105,2023-10-20 23:21:47.973448,James Harris,newmansandra@example.org,11,33,9,297
106,2023-10-01 06:20:04.389202,Andrea Nelson,anthonymalone@example.com,17,123,6,738
107,2023-10-23 23:50:40.897367,Justin Browning,adammcdowell@example.org,17,123,7,861
108,2023-10-03 17:41:04.794517,Sherry Fox,colesharon@example.org,6,305,8,2440
109,2023-10-20 00:47:03.151488,Allen Chavez,scottstephen@example.org,4,409,7,2863
110,2023-10-17 06:10:03.046152,Joseph Barrett DDS,barbaraknight@example.net,5,398,3,1194
111,2023-10-26 00:41:11.596983,Ronnie Cole,kevinphillips@example.com,8,272,2,544
112,2023-10-28 20:57:43.903520,Jennifer Cummings,jennifer41@example.net,5,398,5,1990
113,2023-10-03 02:01:02.305462,Christie Nelson,johnsonchristopher@example.net,20,351,8,2808
114,2023-10-07 14:46:04.891013,Katelyn Brown,xmcguire@example.org,16,466,8,3728
115,2023-10-28 13:11:00.296224,Kristi Cruz,arnoldgrace@example.net,14,445,8,3560
116,2023-10-26 04:43:29.947034,Jacob Park,courtney48@example.net,12,95,8,760
117,2023-10-19 06:38:57.616378,Heather Conrad,woodsara@example.org,4,409,2,818
118,2023-10-14 01:16:37.769944,Vicki Carr,xlindsey@example.net,1,44,8,352
119,2023-10-11 05:32:14.586475,Andrew Kelly,riveragabriel@example.org,8,272,3,816
120,2023-10-28 13:33:22.897759,Tonya Hurley,sergio00@example.com,6,305,6,1830
121,2023-10-21 04:45:48.589462,Juan Taylor,alexander82@example.com,19,411,9,3699
122,2023-10-13 04:31:35.952594,Elizabeth Bradford,greenpatrick@example.org,1,44,3,132
123,2023-10-29 12:06:44.451650,Kelli Sherman,brandonadams@example.com,15,117,1,117
124,2023-10-11 06:53:58.760479,Vanessa Graham,danapatel@example.org,8,272,3,816
125,2023-10-29 19:49:41.643069,Richard Wolfe,josephmoran@example.net,3,438,5,2190
126,2023-10-13 02:06:31.283086,Daniel Jones,wongabigail@example.net,1,44,3,132
127,2023-10-21 08:26:00.930865,Tony Roberts,bfox@example.org,9,33,7,231
128,2023-10-09 13:44:03.474031,Thomas Sanchez,acole@example.com,1,44,8,352
129,2023-10-16 16:36:13.745237,Laura Bird,ricky62@example.com,12,95,4,380
130,2023-10-17 07:06:52.231547,Hayden Hale,wendycampbell@example.com,6,305,9,2745
131,2023-10-08 02:06:50.227240,Nicholas Mitchell,brian01@example.com,17,123,1,123
132,2023-10-22 21:39:07.874050,Joseph Nguyen,epena@example.org,14,445,7,3115
133,2023-10-01 05:51:40.133076,Alan Gillespie,robert26@example.com,15,117,2,234
134,2023-10-14 03:15:32.774558,David Harris,philip20@example.net,20,351,9,3159
135,2023-10-28 19:26:04.504283,Zachary Evans,wellssean@example.org,13,408,6,2448
136,2023-10-27 17:24:58.077427,Lindsay Leblanc,gonzalesmelissa@example.com,11,33,3,99
137,2023-10-02 02:49:52.979038,Jessica Wagner,lisa22@example.org,4,409,3,1227
138,2023-10-04 19:14:10.085553,Dana Ward,gonzalesangela@example.org,18,73,3,219
139,2023-10-05 07:15:06.527472,Elijah Robinson,vmcconnell@example.com,5,398,1,398
140,2023-10-09 17:15:14.788021,Aaron Jensen,stacygill@example.net,13,408,6,2448
141,2023-10-24 19:47:38.191604,Richard Morrow,alisonparker@example.com,7,98,1,98
142,2023-10-02 04:04:30.546468,William Murphy,reidalexis@example.com,1,44,2,88
143,2023-10-10 16:26:06.798479,Barbara Fowler,zbutler@example.com,17,123,1,123
144,2023-10-15 21:37:09.833335,Keith Williams,uingram@example.org,7,98,4,392
145,2023-10-13 03:09:37.041611,Joseph Johnson,lshah@example.net,19,411,6,2466
146,2023-10-14 16:24:32.991551,Joshua Hill,john34@example.com,4,409,3,1227
147,2023-10-10 10:28:05.292613,Daniel Fields,vmiller@example.net,15,117,3,351
148,2023-10-26 15:02:38.324346,Darin Castaneda,brandonwoodard@example.org,5,398,5,1990
149,2023-10-04 06:41:12.706475,Mary Sullivan,gail94@example.org,17,123,2,246
150,2023-10-09 22:54:45.006291,Stephanie Alvarado,amandalewis@example.com,13,408,9,3672
151,2023-10-23 06:45:06.859445,Jasmine Ramsey,jessicastewart@example.org,14,445,6,2670
152,2023-10-19 08:48:01.676669,Janet Boyd,eburns@example.net,1,44,6,264
153,2023-10-01 13:45:07.245908,Jacqueline Day,mary94@example.org,8,272,2,544
154,2023-10-28 06:05:28.253726,Sabrina Santana,cynthia86@example.net,14,445,4,1780
155,2023-10-23 00:57:27.306974,Erin Gallagher,davisadam@example.org,11,33,8,264
156,2023-10-05 22:17:43.077119,Leslie Jefferson,barnettthomas@example.org,10,447,4,1788
157,2023-10-12 10:13:43.954758,Todd Larsen,hernandezkaren@example.net,12,95,1,95
158,2023-10-06 16:11:30.743884,Brian Lee,yvette13@example.com,12,95,5,475
159,2023-10-07 05:55:27.090736,Melissa Miller,millerdeanna@example.org,20,351,4,1404
160,2023-10-21 14:36:46.731884,Gregory Davis,hubbardangela@example.org,4,409,2,818
161,2023-10-12 07:15:41.526301,Devon Smith,evansmaria@example.com,5,398,2,796
162,2023-10-02 06:46:30.326159,Alicia Watkins,amyfisher@example.org,19,411,1,411
163,2023-10-23 17:27:05.379611,Frederick Wood,xjohnson@example.com,19,411,5,2055
164,2023-10-14 09:06:12.109990,Timothy Acosta,gabriellecole@example.com,19,411,1,411
165,2023-10-09 02:32:33.964955,Andrew Duncan,ashleyhunter@example.org,11,33,3,99
166,2023-10-21 07:34:17.648713,Gary Ibarra,joanvance@example.net,13,408,3,1224
167,2023-10-29 22:45:37.336781,Corey Lee,kristopherrice@example.net,10,447,1,447
168,2023-10-16 20:58:16.522361,Aaron Collins,rachelmccarthy@example.net,5,398,1,398
169,2023-10-20 10:17:15.420735,Blake Casey,vsmith@example.com,16,466,3,1398
170,2023-10-21 21:05:47.713331,Elizabeth Moses,danielle52@example.com,12,95,5,475
171,2023-10-12 14:12:16.684623,Valerie Young,anna61@example.net,13,408,7,2856
172,2023-10-04 16:18:34.036477,Megan Wu,stacymiller@example.net,8,272,9,2448
173,2023-10-23 16:04:03.704681,Kerri Nolan,rodriguezjessica@example.net,20,351,6,2106
174,2023-10-07 08:43:01.919829,Amy Salazar,kellyrichardson@example.org,16,466,4,1864
175,2023-10-23 05:59:52.839907,Brandi Wyatt,mayerjacob@example.com,4,409,1,409
176,2023-10-21 01:07:17.444704,Bradley Williams,rlawrence@example.net,5,398,7,2786
177,2023-10-29 01:54:44.215802,Julie Peck,kmurphy@example.net,6,305,7,2135
178,2023-10-03 18:05:50.563138,Daniel Jackson,lsmith@example.com,17,123,3,369
179,2023-10-20 02:32:15.712761,Daniel Davis,kennedygary@example.org,20,351,2,702
180,2023-10-20 17:30:16.156827,Travis Holt,kristen06@example.com,2,326,7,2282
181,2023-10-27 04:04:01.303409,Nicole Rogers,joel05@example.org,19,411,9,3699
182,2023-10-18 20:20:23.832350,Mary Jackson,pwong@example.org,14,445,5,2225
183,2023-10-21 11:33:45.220580,Robert Cummings,masseykyle@example.com,12,95,3,285
184,2023-10-25 22:21:22.821971,Steve Summers,mayssarah@example.net,18,73,1,73
185,2023-10-10 11:21:43.779145,Kyle Garcia,fvasquez@example.org,8,272,4,1088
186,2023-10-07 13:14:37.067937,Mr. Brandon Castaneda DVM,mark89@example.net,9,33,4,132
187,2023-10-02 20:48:47.263930,Steven Wright,robin39@example.net,19,411,2,822
188,2023-10-14 08:52:40.992159,Jessica Cook,rodriguezkristen@example.org,17,123,6,738
189,2023-10-10 01:30:04.643993,Jeremy Moore,wrightmathew@example.net,14,445,4,1780
190,2023-10-18 10:00:22.281141,Kelsey Burnett,christian77@example.org,15,117,1,117
191,2023-10-17 03:51:01.930648,Angela Lewis,perryjanice@example.com,6,305,8,2440
192,2023-10-18 15:40:06.293635,Lauren Wallace,kenneth35@example.net,11,33,1,33
193,2023-10-06 06:03:32.596708,Philip Mcknight,taylorturner@example.net,18,73,6,438
194,2023-10-27 08:00:37.354634,Adam Rodriguez,peckmelanie@example.net,12,95,7,665
195,2023-10-20 04:40:50.590958,Tanya Price,elizabeth16@example.net,8,272,8,2176
196,2023-10-05 23:45:09.182544,James Hill,qmartinez@example.net,7,98,1,98
197,2023-10-10 04:10:57.839562,Jessica Jackson,randy45@example.com,4,409,3,1227
198,2023-10-27 17:13:29.091952,William Simon,erincasey@example.org,11,33,5,165
199,2023-10-07 02:45:56.452614,Luke Hayes,sherryanderson@example.net,14,445,5,2225
200,2023-10-07 03:59:18.853961,Steven Perkins,samuelhawkins@example.com,7,98,9,882
201,2023-10-01 06:57:19.502261,Richard Davis,psantiago@example.com,7,98,8,784
202,2023-10-25 05:52:57.498943,Thomas Fisher,scott10@example.org,16,466,5,2330
203,2023-10-24 17:48:52.364834,Gina Doyle,mary27@example.com,3,438,3,1314
204,2023-10-23 04:02:46.513680,John Young,micheal48@example.org,13,408,4,1632
205,2023-10-02 13:37:43.170426,Tiffany Cook,adam49@example.org,19,411,7,2877
206,2023-10-27 04:28:14.555325,James Harrell,murphythomas@example.com,8,272,9,2448
207,2023-10-04 07:21:54.674085,Carol Pittman,tcameron@example.com,18,73,7,511
208,2023-10-13 15:25:58.486555,Connor Lee,burgessmichael@example.com,7,98,4,392
209,2023-10-21 22:52:14.474363,Brian Lewis,operkins@example.com,10,447,8,3576
210,2023-10-26 05:46:20.346057,Karen Moses,ajohnson@example.com,11,33,5,165
211,2023-10-28 20:52:25.738022,Stephanie Howell,raymond98@example.com,16,466,8,3728
212,2023-10-21 03:43:59.534715,Claire Lee,richardgreer@example.com,17,123,2,246
213,2023-10-28 17:10:38.521542,Lisa Finley,kevin41@example.net,20,351,6,2106
214,2023-10-03 01:13:57.329398,Joshua Robinson,lukeandersen@example.net,15,117,7,819
215,2023-10-07 08:59:03.184816,Emma Castillo,susanwilliams@example.com,10,447,5,2235
216,2023-10-14 07:31:42.675086,Joseph Garcia,rachel66@example.net,5,398,5,1990
217,2023-10-08 18:09:40.105149,Melissa Callahan,onunez@example.net,2,326,9,2934
218,2023-10-19 14:13:02.453277,Timothy Gilbert,david15@example.net,12,95,8,760
219,2023-10-12 13:41:54.975074,Kimberly Hopkins,marymitchell@example.org,2,326,6,1956
220,2023-10-19 13:30:40.845153,Deborah Boone,william68@example.net,3,438,5,2190
221,2023-10-24 03:34:03.255566,Christopher Wright,amandamann@example.net,2,326,9,2934
222,2023-10-20 06:58:10.965091,Emily Turner,tonygarza@example.org,6,305,9,2745
223,2023-10-20 09:25:50.047136,Rebecca Smith,kristopherclements@example.com,10,447,2,894
224,2023-10-19 03:15:45.506802,Jerry Acevedo,ldougherty@example.com,17,123,5,615
225,2023-10-02 13:52:46.965112,Scott Lopez,estanley@example.org,5,398,3,1194
226,2023-10-04 22:30:11.508499,John Bailey,collinsdavid@example.com,16,466,2,932
227,2023-10-27 22:51:15.336623,Elizabeth Cortez,qedwards@example.com,4,409,1,409
228,2023-10-02 14:46:44.001102,Sherry Rodriguez,juliacox@example.net,10,447,7,3129
229,2023-10-26 06:32:08.608896,Tonya Kelly DDS,craig85@example.org,16,466,6,2796
230,2023-10-02 07:53:36.100840,Shawn Smith,susanevans@example.com,18,73,4,292
231,2023-10-19 09:44:14.796540,Rhonda Osborne,stoutjennifer@example.org,9,33,5,165
232,2023-10-10 18:34:47.571217,David Moore,karen97@example.com,15,117,3,351
233,2023-10-17 20:13:51.308238,Anthony Hamilton,qorr@example.org,8,272,7,1904
234,2023-10-09 09:46:02.386236,Rhonda Smith,gomezjennifer@example.org,15,117,7,819
235,2023-10-16 10:58:52.397978,Wendy Green,timothy77@example.net,18,73,5,365
236,2023-10-07 23:54:26.569321,Samantha Camacho,iwade@example.com,9,33,2,66
237,2023-10-25 22:22:55.495605,Jordan Rivera DDS,fgarcia@example.net,6,305,2,610
238,2023-10-23 12:15:11.550673,Michael Simpson,hartkimberly@example.org,5,398,6,2388
239,2023-10-22 12:52:17.223383,Kendra Oconnor,afaulkner@example.net,4,409,8,3272
240,2023-10-22 19:43:28.232994,Joanna Harris,shieldslonnie@example.net,15,117,9,1053
241,2023-10-01 02:02:21.297677,Brooke Hamilton,holtkenneth@example.com,17,123,7,861
242,2023-10-16 07:54:29.691295,Kristin Gordon,wilsonmargaret@example.net,2,326,9,2934
243,2023-10-23 06:03:30.721940,Terri Chen,ijacobs@example.org,1,44,7,308
244,2023-10-14 05:16:20.422584,Traci Ho,johnsonallison@example.com,5,398,4,1592
245,2023-10-19 14:03:26.416285,Joseph Haynes,kimberly87@example.com,8,272,6,1632
246,2023-10-02 10:22:30.907989,Bradley Key,stephaniepetersen@example.com,18,73,3,219
247,2023-10-06 11:05:22.715202,Laura Nunez,jenningstammy@example.org,1,44,8,352
248,2023-10-03 19:23:47.526959,Melissa Williams,hbailey@example.com,7,98,4,392
249,2023-10-05 03:33:44.969866,Cheryl Richmond,patkins@example.net,19,411,6,2466
250,2023-10-04 22:12:31.998189,Rachel Jensen,jonesrobert@example.com,4,409,6,2454
251,2023-10-28 19:26:42.792914,Tonya Poole,paigediaz@example.org,14,445,5,2225
252,2023-10-07 06:33:27.789991,Grace Barrett,carpentersergio@example.org,19,411,6,2466
253,2023-10-14 15:07:53.406750,Laura Perry,umcintyre@example.org,14,445,6,2670
254,2023-10-25 13:23:16.318988,Alex Jackson,courtneyavila@example.org,4,409,6,2454
255,2023-10-15 08:53:38.743216,Marissa Ross,marynelson@example.net,8,272,4,1088
256,2023-10-24 16:27:54.774163,Susan Davis,chadtaylor@example.com,8,272,5,1360
257,2023-10-07 09:38:27.552543,Victor Petty,brookecase@example.net,4,409,9,3681
258,2023-10-03 17:35:52.253236,Melissa Terry,xmiller@example.net,10,447,1,447
259,2023-10-07 19:50:34.720731,Jessica Oconnor,evan69@example.org,9,33,1,33
260,2023-10-08 05:50:24.215478,Jeanette Flores,schneiderrachael@example.net,10,447,3,1341
261,2023-10-16 13:24:54.721874,Denise Marshall,phillipslori@example.net,1,44,9,396
262,2023-10-11 05:18:51.486867,Daniel Taylor,jenniferdrake@example.org,6,305,6,1830
263,2023-10-24 19:48:44.615363,Lori Lopez,joanna19@example.org,14,445,4,1780
264,2023-10-03 15:06:42.126714,Sandra Chavez,johnfrost@example.com,3,438,8,3504
265,2023-10-23 21:39:00.978219,Emily Reyes,leslienguyen@example.org,10,447,9,4023
266,2023-10-25 16:23:39.762658,Jon Ramirez,ufoster@example.com,13,408,7,2856
267,2023-10-18 04:55:08.529772,Eric Woods,colleenstrickland@example.org,15,117,8,936
268,2023-10-16 10:16:39.770124,Michael Diaz,antonio24@example.net,15,117,9,1053
269,2023-10-07 15:24:39.013559,Sandra Rogers,nicholas35@example.com,18,73,4,292
270,2023-10-24 16:41:01.213908,Brad White,natasha41@example.org,17,123,3,369
271,2023-10-28 21:06:16.267906,Angela Butler,qlowe@example.net,6,305,5,1525
272,2023-10-10 10:23:00.291489,Michelle Collins,obuck@example.com,15,117,9,1053
273,2023-10-11 04:07:06.836209,James Lee,pittsanna@example.net,16,466,4,1864
274,2023-10-22 15:31:12.728801,Michael Zimmerman,amanda95@example.net,12,95,1,95
275,2023-10-22 19:39:14.014002,Zachary Vincent,upadilla@example.com,20,351,2,702
276,2023-10-10 22:59:43.723458,Tiffany Barnes,pleach@example.net,19,411,6,2466
277,2023-10-24 04:02:20.224646,James Zimmerman,qpalmer@example.org,11,33,4,132
278,2023-10-14 05:01:19.508048,Jessica Wells,vasquezchad@example.org,19,411,4,1644
279,2023-10-05 08:20:41.948371,Janice Mendez,andersonnancy@example.com,20,351,9,3159
280,2023-10-15 03:02:20.333925,Jonathan Edwards,freymichael@example.org,11,33,2,66
281,2023-10-15 18:03:38.908738,Dr. Kelly Morgan,stevenhoward@example.org,8,272,8,2176
282,2023-10-02 14:23:50.773382,Andrea West,zwelch@example.org,4,409,2,818
283,2023-10-29 13:13:54.834389,Mrs. Elizabeth Diaz,terri63@example.com,20,351,8,2808
284,2023-10-23 18:24:34.895288,Jessica Paul,shelby26@example.org,5,398,7,2786
285,2023-10-24 05:12:00.492447,Jay Cook,jenna94@example.net,9,33,5,165
286,2023-10-05 03:16:15.523385,Erik Benitez,ofox@example.org,18,73,4,292
287,2023-10-04 21:03:16.554049,Gabriel Johnson,rodney88@example.org,4,409,5,2045
288,2023-10-04 01:38:05.176555,Lindsay Jimenez,rebecca65@example.org,17,123,9,1107
289,2023-10-14 22:18:40.258419,Misty Thompson,pgarcia@example.net,4,409,7,2863
290,2023-10-19 05:40:18.126382,Jesse Dominguez,dustinacevedo@example.net,2,326,4,1304
291,2023-10-21 06:21:54.226127,Felicia Holt,donald85@example.com,10,447,4,1788
292,2023-10-01 22:41:42.368478,Joshua Shaw,dtorres@example.com,1,44,1,44
293,2023-10-23 08:17:09.996208,Daniel Gomez,smithbryan@example.org,7,98,8,784
294,2023-10-03 04:47:18.962728,Daniel Garza,jonathanhowell@example.com,3,438,9,3942
295,2023-10-13 12:10:38.317862,Thomas Morris,ashleymitchell@example.net,5,398,6,2388
296,2023-10-17 12:57:00.721236,Rebecca Davis,obaldwin@example.net,6,305,8,2440
297,2023-10-25 09:17:43.245318,Dana Wells,deborah29@example.net,17,123,1,123
298,2023-10-11 01:18:06.242543,Nathan Harrell,vicki71@example.org,7,98,1,98
299,2023-10-27 06:55:36.851085,Christian Roberts,grodriguez@example.com,4,409,7,2863
300,2023-10-08 10:19:55.805036,Kelly Walker,uduncan@example.org,14,445,9,4005
301,2023-10-10 17:18:58.410091,Nicholas Montgomery,patrickreynolds@example.net,8,272,3,816
302,2023-10-25 12:59:32.827904,Timothy Gibson,baileybeth@example.com,15,117,1,117
303,2023-10-23 10:49:12.739867,John Mitchell,anna06@example.com,18,73,5,365
304,2023-10-22 11:33:37.444565,Christopher Sullivan,davismelissa@example.net,19,411,3,1233
305,2023-10-14 03:01:46.424679,Melanie Cruz,kurt74@example.org,10,447,8,3576
306,2023-10-27 02:54:57.304820,Michael Smith,kim24@example.net,20,351,6,2106
307,2023-10-02 17:30:50.492721,Sarah Anderson,barbara57@example.net,5,398,6,2388
308,2023-10-21 18:26:14.482787,Vincent Gates,erin89@example.com,19,411,7,2877
309,2023-10-18 05:46:43.914454,Kendra Bell,brandon09@example.net,19,411,4,1644
310,2023-10-05 04:32:11.983403,Derek Ross,tracithomas@example.org,11,33,8,264
311,2023-10-19 01:32:44.877256,William Bass,steven21@example.com,19,411,4,1644
312,2023-10-04 12:30:23.987698,Judy Fisher,qberger@example.com,20,351,7,2457
313,2023-10-18 01:35:59.203104,Marcus Moon,zrose@example.com,11,33,7,231
314,2023-10-01 20:41:50.090023,Stephanie Alexander,perezdavid@example.com,6,305,3,915
315,2023-10-01 02:00:11.387124,Tyler Brown,cperez@example.com,9,33,5,165
316,2023-10-13 11:59:34.872593,Margaret Willis,zbennett@example.org,4,409,9,3681
317,2023-10-07 05:59:49.914244,Robert Webb,lindaserrano@example.net,16,466,4,1864
318,2023-10-15 09:59:07.413560,Mr. Jason Stone,xatkins@example.com,12,95,6,570
319,2023-10-20 02:45:57.311202,William Hughes,jessica74@example.com,11,33,9,297
320,2023-10-08 13:23:32.191556,Michael Yoder,matthewsmith@example.org,14,445,4,1780
321,2023-10-19 15:43:38.671507,Dustin Lewis,brian86@example.net,5,398,5,1990
322,2023-10-27 02:46:54.456085,Peter Davis,kristen35@example.net,14,445,8,3560
323,2023-10-16 07:06:39.046475,Melissa Singh,warmstrong@example.net,18,73,6,438
324,2023-10-23 05:08:56.991470,Randy Johnson,vlopez@example.org,4,409,4,1636
325,2023-10-10 02:04:27.945943,Crystal Stafford,smithsusan@example.com,14,445,1,445
326,2023-10-15 18:47:05.627284,Scott Sullivan,russell73@example.net,6,305,5,1525
327,2023-10-27 08:30:19.985998,Cameron Green,vgarcia@example.com,15,117,4,468
328,2023-10-13 09:17:34.358906,Christopher Boyle,nguyenmatthew@example.net,1,44,8,352
329,2023-10-08 23:00:44.199149,Mark Fisher,melissa71@example.org,18,73,6,438
330,2023-10-18 13:25:40.541218,Mr. Johnny Moore PhD,wholden@example.com,8,272,3,816
331,2023-10-29 23:48:57.367521,Ronald Mcdonald,brownisaac@example.com,20,351,7,2457
332,2023-10-16 23:29:02.873761,Paul Andrade,richardsshane@example.com,8,272,6,1632
333,2023-10-10 02:08:08.114977,Kevin Peters,arivera@example.org,9,33,9,297
334,2023-10-28 13:56:29.347779,Michele Rice,joshuahensley@example.net,20,351,1,351
335,2023-10-03 11:09:55.823804,Michael Brooks,josephodom@example.com,20,351,4,1404
336,2023-10-12 07:09:29.840065,Ashley Pruitt,yleonard@example.com,17,123,2,246
337,2023-10-02 08:02:25.288736,Alicia Lucas,matthewsims@example.net,18,73,8,584
338,2023-10-07 07:11:11.913015,Michael Lopez,abrock@example.org,13,408,7,2856
339,2023-10-25 10:06:56.662042,Megan Wood,josewalker@example.net,19,411,8,3288
340,2023-10-29 20:31:52.703756,Sonya Walters,sherry10@example.org,3,438,2,876
341,2023-10-13 17:14:35.604216,Christopher Curtis,margaretvilla@example.net,15,117,7,819
342,2023-10-22 22:55:02.110766,Frank Smith,longdevin@example.com,18,73,7,511
343,2023-10-07 08:53:40.079496,Anthony Boyle,kmathis@example.net,20,351,1,351
344,2023-10-23 18:26:54.403896,Jane Wright,andreahamilton@example.org,11,33,7,231
345,2023-10-12 21:58:44.325979,Brian Camacho,williamsmaria@example.org,20,351,7,2457
346,2023-10-11 11:39:26.185818,Adam Perez,alexis98@example.org,5,398,7,2786
347,2023-10-03 15:09:44.989847,Christopher Smith,lisahill@example.com,8,272,3,816
348,2023-10-17 02:20:03.141542,Paul Moore,meyersrobert@example.com,1,44,6,264
349,2023-10-28 09:06:55.214025,Pamela Gonzales,floresdenise@example.net,1,44,2,88
350,2023-10-29 22:28:02.731474,Steve Reid,madams@example.net,11,33,2,66
351,2023-10-12 19:23:53.599735,Kayla Johnson,georgehall@example.com,20,351,4,1404
352,2023-10-16 10:29:01.854842,Richard Baker,bdominguez@example.net,5,398,4,1592
353,2023-10-26 07:43:57.759463,Cody Robinson,hrios@example.org,15,117,7,819
354,2023-10-26 22:03:03.668041,Gregory Nguyen,garciajames@example.com,9,33,5,165
355,2023-10-25 16:59:33.428714,Kent Soto,wandafuller@example.net,6,305,4,1220
356,2023-10-12 14:30:58.543450,Megan Mendez,davisjulie@example.org,15,117,3,351
357,2023-10-18 00:19:02.574281,Brandi Allison,kingmadison@example.net,6,305,4,1220
358,2023-10-23 18:42:28.549560,Tanya Kim,seanfreeman@example.net,15,117,3,351
359,2023-10-23 05:25:38.151856,Jacob Mccoy,karen77@example.org,19,411,1,411
360,2023-10-06 02:03:58.258819,Michelle Thompson,brendacunningham@example.net,10,447,2,894
361,2023-10-18 11:29:41.865901,Anthony Brewer,progers@example.org,14,445,4,1780
362,2023-10-08 16:28:10.780289,Monica Greene,benjaminzamora@example.com,11,33,5,165
363,2023-10-28 11:34:20.035139,Monica Scott,danielyoung@example.com,3,438,1,438
364,2023-10-17 16:53:52.816623,Taylor Nicholson,chenryan@example.com,17,123,4,492
365,2023-10-20 08:39:49.047207,Thomas Montgomery,kiarawest@example.com,10,447,7,3129
366,2023-10-13 20:37:08.447183,Lauren Morgan,hansonchad@example.net,1,44,8,352
367,2023-10-07 17:21:29.423284,Traci Ortiz,nancy68@example.com,8,272,7,1904
368,2023-10-04 19:07:23.436924,David Madden,amber89@example.org,11,33,9,297
369,2023-10-11 00:35:09.054864,Anna Stewart,vaughanashley@example.net,5,398,4,1592
370,2023-10-15 07:45:37.809976,Joseph Reyes,feliciagray@example.org,12,95,5,475
371,2023-10-23 21:05:12.084627,Teresa Figueroa,nthomas@example.com,4,409,1,409
372,2023-10-10 18:06:55.292405,Teresa Carter,delgadorobert@example.com,4,409,6,2454
373,2023-10-19 10:20:12.824623,Gregory White,hlarsen@example.org,7,98,7,686
374,2023-10-07 08:16:50.027711,Charles Reed,mblair@example.com,3,438,9,3942
375,2023-10-15 04:40:04.022907,Daniel Holt,schultzjake@example.com,20,351,6,2106
376,2023-10-21 08:49:24.368039,Kevin Smith,bobrien@example.org,19,411,2,822
377,2023-10-02 04:22:13.550941,Rodney Dudley,austindeborah@example.org,15,117,5,585
378,2023-10-01 01:56:48.856907,Travis Cole,psuarez@example.net,20,351,3,1053
379,2023-10-11 19:18:43.347018,Mark Galvan,lisa44@example.com,1,44,2,88
380,2023-10-19 05:19:24.245006,Jeffery Nelson PhD,markwallace@example.net,20,351,1,351
381,2023-10-26 17:54:24.823590,Justin Morris,dannyedwards@example.com,20,351,4,1404
382,2023-10-16 15:22:49.284603,Dr. Jenna Torres,greg07@example.com,2,326,6,1956
383,2023-10-01 03:06:17.405127,Andrea Rivera,gruiz@example.net,5,398,5,1990
384,2023-10-14 14:37:14.841349,Stephanie Cannon,burtonmichael@example.com,20,351,5,1755
385,2023-10-19 15:12:16.886937,Shannon Martin,jonathanhernandez@example.org,14,445,9,4005
386,2023-10-20 07:13:55.951885,Alex White,andrew45@example.org,9,33,6,198
387,2023-10-12 01:54:30.900770,Amy Myers,bondjose@example.net,10,447,2,894
388,2023-10-21 12:41:57.187584,Paul Kelly,williamsanders@example.org,16,466,2,932
389,2023-10-09 17:48:17.493642,Steven Arnold,timothymorgan@example.org,13,408,1,408
390,2023-10-04 21:55:15.558252,Eric Parks,kristinakelly@example.com,16,466,2,932
391,2023-10-03 04:08:09.090350,Sean Marshall,anthonychristina@example.com,15,117,5,585
392,2023-10-29 05:44:28.597127,Richard Sanchez,brownbruce@example.com,15,117,9,1053
393,2023-10-03 18:04:33.851017,Michael Jordan,andersonjasmine@example.org,2,326,8,2608
394,2023-10-03 23:37:17.276382,Curtis Mays,kimberly26@example.net,7,98,6,588
395,2023-10-12 18:59:21.184903,Kimberly Campbell,nealbrian@example.net,5,398,8,3184
396,2023-10-26 19:52:10.526125,Thomas Valdez,turnerlaura@example.com,10,447,5,2235
397,2023-10-16 21:18:34.597847,Jared Fox,rodriguezpaula@example.net,12,95,8,760
398,2023-10-25 03:02:34.654106,Scott Stark,patriciaortiz@example.org,2,326,7,2282
399,2023-10-11 21:53:03.353233,Jason Elliott,fmurray@example.net,14,445,6,2670
400,2023-10-16 00:06:48.325082,Melanie Smith,ocox@example.net,19,411,7,2877
401,2023-10-20 04:24:19.426019,Claire Riley,vkelly@example.com,8,272,3,816
402,2023-10-27 08:45:59.981121,Sara Bautista,linda26@example.net,14,445,4,1780
403,2023-10-23 09:06:15.738117,Ms. Amber Collins,hailey81@example.com,15,117,6,702
404,2023-10-07 11:10:06.318237,Richard Edwards,davismelissa@example.org,4,409,9,3681
405,2023-10-04 01:08:39.945051,John Stanton,grahamchristopher@example.org,6,305,4,1220
406,2023-10-10 12:32:22.484602,Steven Fleming,rdavid@example.org,1,44,1,44
407,2023-10-27 21:32:22.697040,Michael Flowers,yanderson@example.net,4,409,2,818
408,2023-10-21 18:44:38.117123,Bradley Roth,jarvismark@example.org,18,73,7,511
409,2023-10-03 02:10:40.441213,Beth Gilbert,shaneatkins@example.com,20,351,7,2457
410,2023-10-14 14:22:05.540674,Jason Gomez,fmorrison@example.com,5,398,3,1194
411,2023-10-04 04:12:12.004742,Carrie Dalton,cannonkimberly@example.org,1,44,6,264
412,2023-10-04 19:40:12.048443,Jacob Hernandez,lgreene@example.org,11,33,8,264
413,2023-10-04 19:02:34.358066,Diane Miller,royramirez@example.org,19,411,3,1233
414,2023-10-26 23:27:48.337895,Kara Wolfe,walkersheila@example.org,18,73,2,146
415,2023-10-11 00:17:02.827813,Mary Little,jeffreywilliams@example.com,9,33,9,297
416,2023-10-22 05:32:26.103092,Thomas Roberts,tward@example.org,11,33,3,99
417,2023-10-12 11:33:32.264812,Matthew Austin,mhernandez@example.org,10,447,4,1788
418,2023-10-16 02:29:26.933934,Jamie Taylor,mgarcia@example.org,1,44,6,264
419,2023-10-04 09:11:11.967741,Brian Garrison,hendrickslawrence@example.org,9,33,7,231
420,2023-10-21 22:28:28.951483,Adam Morris,silvatony@example.org,16,466,9,4194
421,2023-10-10 05:16:57.168161,Chase Buck,jonesvictor@example.com,2,326,9,2934
422,2023-10-02 11:30:54.629927,Christian Wright,ewelch@example.net,11,33,4,132
423,2023-10-13 01:48:29.022360,Patrick Wade,melissashaw@example.org,20,351,9,3159
424,2023-10-09 21:33:03.447843,Emily Mack,dananewman@example.com,20,351,7,2457
425,2023-10-03 19:44:57.966571,Lauren Sutton,nancybecker@example.com,11,33,7,231
426,2023-10-28 02:10:32.879483,Heather King,trhodes@example.com,7,98,2,196
427,2023-10-02 22:10:59.014385,Jonathan Phillips,xlowe@example.com,4,409,1,409
428,2023-10-27 15:09:50.139557,George Villegas,limike@example.net,16,466,1,466
429,2023-10-13 09:13:20.804392,Samuel Spears,warnereugene@example.org,11,33,3,99
430,2023-10-15 00:46:34.363735,George Sims,ysoto@example.org,16,466,3,1398
431,2023-10-23 14:57:05.754949,Mariah Porter,lwoodward@example.org,8,272,4,1088
432,2023-10-25 23:53:08.196458,Nicholas Cook,raymondscott@example.org,17,123,4,492
433,2023-10-25 02:28:48.007991,Ronald Rivera,oliviawiley@example.com,7,98,4,392
434,2023-10-20 16:15:43.875312,Laura Walker,scott89@example.com,14,445,3,1335
435,2023-10-28 09:11:05.961504,Jeremy Simpson,brittanysmith@example.org,4,409,3,1227
436,2023-10-11 13:10:59.756531,Joshua Stevens,harringtonlisa@example.org,19,411,3,1233
437,2023-10-15 22:56:01.410982,Peggy White,rodriguezmelissa@example.org,16,466,9,4194
438,2023-10-19 02:41:29.573601,Jamie Williams,meadowsmichael@example.net,9,33,1,33
439,2023-10-18 08:27:39.209600,Jeff Prince,fwallace@example.org,19,411,9,3699
440,2023-10-04 12:36:24.194963,Karen Jordan,sburnett@example.org,9,33,6,198
441,2023-10-23 10:41:53.073210,Kelly Cooper,smithariana@example.net,11,33,3,99
442,2023-10-18 14:46:38.149092,Amber Lynn,rcook@example.com,8,272,7,1904
443,2023-10-20 12:46:04.089501,Elizabeth Anderson,debramorrison@example.com,14,445,1,445
444,2023-10-16 08:53:48.080975,Robert Taylor,hamiltonandrew@example.net,6,305,8,2440
445,2023-10-11 22:58:46.291899,Lori Hays,qhenson@example.org,2,326,4,1304
446,2023-10-18 19:23:49.532969,Bryan Franklin,dianaward@example.net,7,98,5,490
447,2023-10-28 17:17:21.171081,Joseph Bennett,robert20@example.org,3,438,9,3942
448,2023-10-18 11:44:03.574192,Nicole Bullock,williammay@example.org,3,438,2,876
449,2023-10-21 22:32:07.848833,Deborah Downs,pricefernando@example.net,17,123,2,246
450,2023-10-26 15:17:06.559001,Nicholas Young,baileysteven@example.com,20,351,7,2457
451,2023-10-05 05:44:24.958438,Nicole Levy,shelbywilliams@example.net,18,73,7,511
452,2023-10-27 03:26:28.282692,Anthony Fernandez,sandrabaxter@example.org,8,272,4,1088
453,2023-10-24 23:17:46.195704,Kim Nelson,john14@example.com,8,272,2,544
454,2023-10-19 02:30:08.453167,Leslie Castro,bonillaryan@example.net,7,98,2,196
455,2023-10-12 20:52:07.080019,Alexander Leonard,jacobprice@example.org,4,409,2,818
456,2023-10-16 14:22:46.362759,Diane Garcia,crystalayala@example.net,18,73,2,146
457,2023-10-27 00:22:04.406556,Dennis Hicks,david00@example.net,3,438,3,1314
458,2023-10-29 00:44:39.877757,Brian Mitchell,bross@example.net,10,447,8,3576
459,2023-10-09 12:19:12.129512,John Foster,scottlyons@example.org,1,44,1,44
460,2023-10-17 08:33:13.422134,Lauren Rivera,anne76@example.net,2,326,1,326
461,2023-10-23 19:50:47.340452,Virginia Johnson,qjones@example.org,19,411,8,3288
462,2023-10-05 07:33:40.519951,Shelby Burns,lindsay59@example.org,10,447,3,1341
463,2023-10-04 19:39:14.573370,Carlos Rhodes,victoria18@example.net,12,95,2,190
464,2023-10-28 12:37:00.724522,Erin Pierce,meyersbelinda@example.org,14,445,2,890
465,2023-10-11 20:37:48.952070,Brittany Bell,cynthiarodriguez@example.org,14,445,5,2225
466,2023-10-16 17:38:55.411755,Dr. Brittney Carroll,julia93@example.com,17,123,5,615
467,2023-10-23 00:25:49.149732,Henry Donovan,sbrooks@example.net,15,117,2,234
468,2023-10-25 18:25:29.407771,Michael Hoffman,diana34@example.com,3,438,6,2628
469,2023-10-21 19:43:07.748788,Dean Brandt,jonalvarado@example.com,4,409,6,2454
470,2023-10-08 18:22:14.604574,Johnny Castro,shelbylewis@example.org,20,351,9,3159
471,2023-10-12 10:33:51.987844,Jeffrey Lee,katherinenelson@example.org,1,44,7,308
472,2023-10-22 23:47:58.393577,Anita Allison,fostermichael@example.net,15,117,4,468
473,2023-10-24 15:38:19.367190,Jennifer Holden,cobblaura@example.com,3,438,3,1314
474,2023-10-03 16:16:13.822450,Brian Hart,daviselizabeth@example.net,19,411,3,1233
475,2023-10-09 21:17:48.432040,Mr. Micheal Hamilton,simpsonnicole@example.org,10,447,9,4023
476,2023-10-11 17:19:44.114424,Sharon Peterson,rubiosusan@example.org,16,466,9,4194
477,2023-10-23 05:14:01.062911,Ashley Wright,qhoward@example.org,18,73,1,73
478,2023-10-22 21:48:15.577953,John Sutton,zmarquez@example.com,18,73,5,365
479,2023-10-13 23:01:26.604111,Amanda Carpenter,taylor03@example.org,7,98,3,294
480,2023-10-27 23:12:06.338312,Victoria Glass,christophergalloway@example.org,9,33,3,99
481,2023-10-04 23:33:28.736753,Theresa Fisher,michaeljones@example.com,10,447,7,3129
482,2023-10-02 23:57:12.282975,Faith Johnson,gentryamy@example.com,19,411,4,1644
483,2023-10-29 04:48:55.257519,Michelle Williams,juan04@example.com,2,326,1,326
484,2023-10-23 15:04:26.407651,Bonnie Maldonado,boydbailey@example.org,19,411,1,411
485,2023-10-11 18:54:48.012176,Paul Campbell,jessicajames@example.com,6,305,3,915
486,2023-10-24 21:25:29.349092,Evan Orr,mthomas@example.net,7,98,7,686
487,2023-10-12 23:29:25.816784,Danielle Johnston,adrian83@example.net,2,326,1,326
488,2023-10-16 20:08:46.681275,Ryan Smith,zachary55@example.net,13,408,7,2856
489,2023-10-19 16:18:14.284502,Steven Cooper,nathanielclements@example.net,18,73,5,365
490,2023-10-19 00:31:29.504602,Stacey Fowler,christinawalker@example.com,19,411,7,2877
491,2023-10-21 00:48:49.616599,Jacob Hall,wendy33@example.net,17,123,4,492
492,2023-10-25 20:12:58.749089,Ashley Roach,kimberlycruz@example.com,2,326,5,1630
493,2023-10-09 10:08:50.681608,Richard Miller,howarderic@example.org,11,33,5,165
494,2023-10-12 23:53:03.888495,Joshua Garcia,ldavis@example.com,16,466,4,1864
495,2023-10-01 05:58:05.395228,Gregory Edwards,jameskey@example.com,3,438,8,3504
496,2023-10-07 15:56:42.900646,Bob Glenn,victoria12@example.net,12,95,3,285
497,2023-10-27 16:16:54.923730,Kyle Vargas,hortiz@example.org,15,117,6,702
498,2023-10-15 16:17:25.400356,Kimberly Martinez,michaelwillis@example.net,10,447,3,1341
499,2023-10-03 15:13:05.434444,Pedro Moses,vjackson@example.com,19,411,3,1233
500,2023-10-05 13:08:54.204173,Jennifer Villegas,mjones@example.org,16,466,3,1398
501,2023-10-04 10:01:09.475987,Michael Spence,ibrown@example.com,18,73,8,584
502,2023-10-01 10:08:16.001673,Devin Williams,carloswatson@example.org,12,95,2,190
503,2023-10-26 03:08:41.510326,Courtney Fox,karl08@example.org,13,408,2,816
504,2023-10-22 08:09:10.831361,Zachary Douglas,raymond08@example.com,2,326,3,978
505,2023-10-01 23:50:14.461416,Justin Bowman,rodriguezdonald@example.net,18,73,9,657
506,2023-10-06 23:14:27.971826,Natalie Brown,david63@example.com,3,438,4,1752
507,2023-10-03 08:33:54.386739,Brandon Morse,hughestimothy@example.com,14,445,1,445
508,2023-10-05 17:04:29.263691,Ethan White,veronicaphillips@example.org,7,98,7,686
509,2023-10-27 23:39:52.048310,Jeffrey Mathews,jennifer90@example.org,4,409,9,3681
510,2023-10-28 08:05:20.057082,Jim Stanton,traceyramirez@example.net,10,447,3,1341
511,2023-10-23 11:42:17.751105,Tamara Gonzales DVM,mason56@example.org,6,305,9,2745
512,2023-10-06 10:13:27.965810,Lisa Jones,scott74@example.net,14,445,9,4005
513,2023-10-18 15:27:56.873756,Jeremy Henderson,crystal98@example.org,4,409,3,1227
514,2023-10-04 17:21:16.937082,Nicole Allen,kayla73@example.com,5,398,7,2786
515,2023-10-17 08:30:44.170390,Michele Smith,brittanyowens@example.net,20,351,4,1404
516,2023-10-28 12:46:38.328264,Rodney Jones,brandonjohnson@example.org,4,409,2,818
517,2023-10-29 01:52:18.969494,Amanda Hill,turnerangela@example.org,16,466,7,3262
518,2023-10-21 03:19:50.213862,Micheal Kennedy,kmorris@example.com,17,123,9,1107
519,2023-10-11 16:44:16.941236,Susan Sanders,rebeccajohnson@example.com,2,326,2,652
520,2023-10-23 13:23:14.980723,Gregory Clark,jeffreybrown@example.com,13,408,6,2448
521,2023-10-15 08:25:05.164276,Janet Orozco,nwells@example.org,17,123,8,984
522,2023-10-15 20:20:54.906736,Jesse Foster,renee61@example.com,1,44,1,44
523,2023-10-02 21:12:34.033173,Daniel Hernandez,lauren40@example.com,5,398,7,2786
524,2023-10-15 13:38:07.166850,Toni Patel,cody12@example.net,18,73,6,438
525,2023-10-07 08:02:51.218611,Elizabeth Roberts,danielle73@example.com,12,95,4,380
526,2023-10-16 06:34:29.477963,Ashley Dunn,donaldmckee@example.org,14,445,3,1335
527,2023-10-25 19:49:26.671778,Hunter Taylor,stricklandscott@example.com,15,117,1,117
528,2023-10-24 13:12:39.993851,Valerie Johnson,lori58@example.com,2,326,7,2282
529,2023-10-19 21:20:30.948627,Steven Rodriguez,danielwilliams@example.com,18,73,5,365
530,2023-10-05 14:21:38.989662,Amber Austin,kcarter@example.net,10,447,4,1788
531,2023-10-07 01:11:14.039900,Rebecca Smith,brittneyhenderson@example.net,14,445,8,3560
532,2023-10-24 23:21:07.036289,Andrew Sanchez,bmayer@example.com,20,351,2,702
533,2023-10-24 20:26:57.599568,Amy Baird,juliahaas@example.net,18,73,3,219
534,2023-10-22 20:08:33.859689,Justin Navarro,edward82@example.net,15,117,7,819
535,2023-10-11 04:05:17.710810,Daniel Harper,gstrickland@example.net,8,272,8,2176
536,2023-10-20 05:31:09.259938,Lori Richmond,nicole97@example.org,6,305,1,305
537,2023-10-25 16:54:04.182662,Stephanie Rodriguez,richard86@example.org,2,326,2,652
538,2023-10-04 21:00:32.162161,Nicole Diaz,rscott@example.org,6,305,8,2440
539,2023-10-19 17:09:25.004265,Jessica Davis,john32@example.com,2,326,3,978
540,2023-10-25 09:34:21.687191,Robert Bowen,jennifergallagher@example.com,9,33,9,297
541,2023-10-28 14:01:09.984934,Trevor Kline,zhall@example.net,17,123,7,861
542,2023-10-24 05:30:05.488740,Taylor Peterson,shannon46@example.org,12,95,5,475
543,2023-10-21 18:36:39.402903,Stephanie Thompson,llowe@example.net,1,44,3,132
544,2023-10-15 15:10:03.924062,Brian Lambert,joseph48@example.net,20,351,1,351
545,2023-10-25 01:49:19.802913,Mary Wall,blackwellkelli@example.com,3,438,3,1314
546,2023-10-14 20:21:11.035847,Ashley Peterson,johnsonjennifer@example.com,13,408,5,2040
547,2023-10-08 20:43:20.135754,Megan Edwards,caitlin83@example.org,19,411,8,3288
548,2023-10-03 00:31:00.191795,Cynthia Duncan,jmorrow@example.com,2,326,1,326
549,2023-10-22 13:33:04.718755,Anthony Vaughn,michelle66@example.org,13,408,6,2448
550,2023-10-01 01:00:28.910188,Randy Ford,zwilliams@example.org,8,272,7,1904
551,2023-10-20 15:19:16.407171,Mary Miller,edwardserika@example.net,11,33,7,231
552,2023-10-17 19:49:32.438510,Steven Roberts,wgomez@example.net,2,326,8,2608
553,2023-10-20 06:31:05.236033,James Stout,barkerlaurie@example.org,20,351,3,1053
554,2023-10-17 14:14:22.957881,Eric Peters,clayton52@example.org,14,445,1,445
555,2023-10-23 04:40:42.746669,Marissa Hall,millerrichard@example.org,7,98,6,588
556,2023-10-29 20:43:03.625170,Jennifer Diaz,onealnorma@example.org,11,33,9,297
557,2023-10-03 22:38:55.274113,John Green,avilatimothy@example.org,1,44,9,396
558,2023-10-29 20:38:41.502918,Austin Jenkins,glarson@example.org,16,466,5,2330
559,2023-10-17 01:02:48.097207,Logan Wood,crystalhughes@example.org,14,445,1,445
560,2023-10-22 23:26:28.034186,Brian Lewis,jamieacosta@example.org,13,408,2,816
561,2023-10-28 14:02:19.696981,Larry Robinson,margarethawkins@example.net,16,466,1,466
562,2023-10-10 13:49:54.384299,Patricia Powell,vincentthomas@example.com,2,326,9,2934
563,2023-10-04 03:52:17.546303,Vanessa Wright,brittanyoconnor@example.org,9,33,4,132
564,2023-10-09 23:46:06.749149,Tanya Kennedy,sullivanjeffrey@example.org,4,409,6,2454
565,2023-10-02 12:20:44.587081,Andrew Carrillo,markmassey@example.com,13,408,4,1632
566,2023-10-16 19:37:43.876178,Shawn Hall,irwinaaron@example.net,14,445,2,890
567,2023-10-02 00:50:51.128264,Kayla Davila,abenjamin@example.com,16,466,6,2796
568,2023-10-09 11:34:51.848074,Dylan Williams,vknox@example.com,1,44,5,220
569,2023-10-12 20:48:04.807134,Eric Smith,ntaylor@example.net,20,351,3,1053
570,2023-10-05 21:42:04.866189,Michael Simpson,sgarcia@example.com,9,33,1,33
571,2023-10-28 18:06:46.493832,Kevin Savage,nicole59@example.net,14,445,2,890
572,2023-10-09 04:37:33.130883,Pamela Costa,cynthia30@example.net,9,33,7,231
573,2023-10-22 03:53:54.124023,Michael Bridges,amanda31@example.net,16,466,7,3262
574,2023-10-22 05:37:45.983698,James Vasquez,brayjeanette@example.org,9,33,5,165
575,2023-10-25 10:37:55.866434,Mark Melendez,jeffrey51@example.net,9,33,9,297
