order_id,order_date,customer_name,customer_email,product_id,price,quantity,total
1,2023-06-28 13:03:53.361403,Travis Olsen,jessicachang@example.com,8,272,8,2176
2,2023-06-17 20:55:50.020674,Douglas Holmes,john94@example.net,19,411,9,3699
3,2023-06-15 19:34:13.160317,Oscar Gallegos,john99@example.net,11,33,2,66
4,2023-06-06 05:41:26.671627,Anthony Brown,sherivelazquez@example.com,12,95,5,475
5,2023-06-06 22:41:23.983631,Valerie Phillips MD,amy91@example.net,3,438,5,2190
6,2023-06-19 22:17:33.617581,Matthew Lyons,lthomas@example.com,17,123,9,1107
7,2023-06-08 18:05:24.096055,Stephanie Hamilton,warrenpeter@example.com,5,398,1,398
8,2023-06-22 03:56:22.553507,Krista Payne,ehayes@example.net,13,408,2,816
9,2023-06-07 18:00:14.617744,Rachel Brock,allenheidi@example.net,15,117,2,234
10,2023-06-01 03:50:36.152574,Rebecca Cox,samuelgutierrez@example.org,10,447,2,894
11,2023-06-09 05:55:20.443031,Kimberly Meyer,josephcordova@example.com,17,123,3,369
12,2023-06-22 02:22:58.140362,Jordan Stevens,wesleygarcia@example.org,20,351,3,1053
13,2023-06-01 18:10:43.144347,David Curtis,xmitchell@example.org,19,411,1,411
14,2023-06-05 20:42:11.903980,Scott Williams,michaelcollins@example.net,7,98,8,784
15,2023-06-05 11:36:03.182772,Derrick Cherry,reyesjo@example.com,18,73,8,584
16,2023-06-26 06:03:49.450363,Eric Hoffman,ccohen@example.com,4,409,3,1227
17,2023-06-29 12:34:12.631975,Virginia Simpson,smorrison@example.net,11,33,4,132
18,2023-06-17 11:08:44.657910,Elizabeth Jones,powellian@example.com,1,44,2,88
19,2023-06-09 19:15:20.574774,Sarah Sweeney,richardsalazar@example.org,7,98,9,882
20,2023-06-06 16:51:23.737567,James Smith,olivia21@example.com,18,73,9,657
21,2023-06-15 01:25:58.657252,Cody Stevenson,lopezamber@example.com,20,351,5,1755
22,2023-06-08 09:50:39.490264,Vanessa Watson,cingram@example.com,10,447,8,3576
23,2023-06-21 20:07:20.979874,Vanessa Bauer,tgoodman@example.net,3,438,2,876
24,2023-06-07 22:24:40.947874,Adam Davidson,robertmartinez@example.org,2,326,5,1630
25,2023-06-19 04:18:23.358038,David Flores,santiagoangela@example.org,11,33,6,198
26,2023-06-09 18:39:21.042163,Alyssa Ewing,lkhan@example.org,14,445,5,2225
27,2023-06-24 14:45:49.642836,James Walker,courtneywalter@example.com,8,272,3,816
28,2023-06-09 10:55:25.548799,Spencer Scott,zhammond@example.org,19,411,2,822
29,2023-06-15 06:09:44.233024,George Maynard,amylevy@example.net,19,411,3,1233
30,2023-06-17 23:27:00.687687,James Brown,tmoss@example.com,4,409,7,2863
31,2023-06-24 17:24:59.816995,Brittany Johnson,pamelabriggs@example.com,7,98,7,686
32,2023-06-02 17:00:52.288650,Willie Rice,jonwashington@example.org,20,351,6,2106
33,2023-06-06 22:51:35.711098,Jennifer Smith,stephanienolan@example.org,13,408,7,2856
34,2023-06-01 10:18:01.746552,Crystal Brown,liheidi@example.net,6,305,8,2440
35,2023-06-07 23:20:10.793691,Andrea Wood,sandrasandoval@example.net,2,326,3,978
36,2023-06-12 23:19:32.060446,Sarah Mendez,brian96@example.com,13,408,4,1632
37,2023-06-16 06:42:01.637665,Cynthia Grant,autumnmelton@example.org,9,33,2,66
38,2023-06-29 09:52:16.892044,Amanda James,vincentalvarez@example.org,2,326,7,2282
39,2023-06-03 01:35:49.739493,Rachel Bell,stephen98@example.com,1,44,7,308
40,2023-06-29 04:24:37.144340,Gloria Johnson MD,ericahoward@example.net,5,398,4,1592
41,2023-06-27 18:13:37.695188,Lori Larson,petervalentine@example.com,13,408,1,408
42,2023-06-15 07:20:22.917169,Sandra Shaw,stewartkimberly@example.com,9,33,7,231
43,2023-06-17 14:23:20.885836,Joseph Ritter,williamlopez@example.org,19,411,7,2877
44,2023-06-22 18:16:01.918788,Daniel Jacobs,jason22@example.net,13,408,2,816
45,2023-06-16 14:12:11.052090,Christopher Woods,qgeorge@example.org,17,123,6,738
46,2023-06-21 11:36:17.029960,Mary Scott,apatterson@example.com,8,272,9,2448
47,2023-06-20 19:17:19.344794,Jenny Black,brandonolsen@example.com,16,466,4,1864
48,2023-06-13 15:31:47.406051,Hayley Bradley,dawn61@example.org,20,351,1,351
49,2023-06-09 06:12:52.663206,Jason Hutchinson,rdunn@example.org,12,95,8,760
50,2023-06-24 21:14:37.117421,Joseph Ruiz,nicoletanner@example.com,6,305,3,915
51,2023-06-03 21:54:53.634223,Sarah Campbell,rogersbridget@example.net,6,305,1,305
52,2023-06-07 18:46:19.592989,Christina Shaw,greenrachel@example.net,1,44,1,44
53,2023-06-27 16:55:00.357438,Amanda Adams,ryanmiller@example.com,17,123,5,615
54,2023-06-09 20:22:42.762979,Elizabeth Coleman,kennedykristy@example.net,15,117,7,819
55,2023-06-05 10:24:39.458837,Samantha Townsend,brianna46@example.org,15,117,2,234
56,2023-06-20 17:42:51.923957,Gary Simmons,lynn79@example.org,13,408,7,2856
57,2023-06-19 14:51:24.462236,Bailey Irwin,thorntonjessica@example.com,7,98,3,294
58,2023-06-09 04:03:33.560806,Amy Palmer,seth90@example.com,2,326,6,1956
59,2023-06-15 21:14:42.394269,Gregory Sanchez,tara20@example.org,3,438,2,876
60,2023-06-08 04:22:02.758941,Lisa Hendrix,quinnmatthew@example.org,7,98,8,784
61,2023-06-13 02:50:59.961631,Keith Davis,williamstamara@example.com,18,73,7,511
62,2023-06-10 18:30:42.059037,Sherri Collier,hallbob@example.com,11,33,5,165
63,2023-06-19 22:43:22.246665,Laura Mills,hendrixmichelle@example.org,16,466,6,2796
64,2023-06-10 02:52:27.638604,Joseph Smith,bmaxwell@example.com,16,466,9,4194
65,2023-06-05 05:44:54.846204,Kimberly Wells,brooke68@example.com,4,409,4,1636
66,2023-06-17 01:40:56.023345,Kimberly Atkins,kristen50@example.net,18,73,2,146
67,2023-06-22 23:29:24.244267,Joshua Long,gomezashley@example.net,7,98,6,588
68,2023-06-09 10:16:18.582608,Rebecca Black,wstewart@example.net,5,398,7,2786
69,2023-06-18 00:41:52.858350,Deborah Wilcox,kimberlycox@example.org,17,123,8,984
70,2023-06-23 18:29:58.356876,Gary Carpenter,matthewrichards@example.com,18,73,3,219
71,2023-06-02 00:22:46.980538,Patricia Dunn,kimberly29@example.org,10,447,9,4023
72,2023-06-24 08:51:33.622854,Stephen Garcia,stephanielittle@example.net,1,44,9,396
73,2023-06-29 19:56:20.075565,Nathan Campbell,iwilkerson@example.org,10,447,1,447
74,2023-06-09 00:29:26.002523,Lauren Chen,pevans@example.com,19,411,1,411
75,2023-06-04 18:03:38.534737,Tristan Byrd,christopher72@example.org,12,95,9,855
76,2023-06-24 08:56:19.594675,John Chavez,bishopmallory@example.com,8,272,3,816
77,2023-06-04 04:48:53.774326,Tonya Fox,thomas33@example.com,5,398,6,2388
78,2023-06-03 00:37:36.392063,Kelly Tran,tcollins@example.net,1,44,2,88
79,2023-06-29 22:47:42.291907,Debra Mathews,nvelasquez@example.net,13,408,7,2856
80,2023-06-06 21:07:07.359534,Jose Murillo,rasmussenmary@example.net,20,351,5,1755
81,2023-06-12 01:20:48.546904,Margaret Michael,jklein@example.net,12,95,8,760
82,2023-06-18 03:17:28.206492,Tammy Davis,eross@example.net,12,95,4,380
83,2023-06-28 10:36:30.531533,Anthony Grimes,mary07@example.org,5,398,7,2786
84,2023-06-08 11:06:44.240262,Vanessa Mclaughlin,darleneburton@example.com,14,445,9,4005
85,2023-06-20 14:45:43.619611,Samantha Mcdowell,jwoods@example.org,10,447,5,2235
86,2023-06-01 08:50:03.374525,Katherine Fuller,rebecca57@example.com,15,117,5,585
87,2023-06-24 19:16:03.254932,Christian Skinner,joshua64@example.net,9,33,8,264
88,2023-06-17 19:24:45.274411,Brad Gray,susanmejia@example.net,20,351,5,1755
89,2023-06-26 11:22:28.355436,Benjamin Harrison,lscott@example.org,9,33,9,297
90,2023-06-18 07:10:27.538138,Jason Guzman,kelleyanne@example.com,6,305,5,1525
91,2023-06-22 08:35:19.412858,Jennifer Lewis,hilljordan@example.net,11,33,3,99
92,2023-06-22 10:19:34.300671,Curtis Sullivan,kevinmiles@example.net,2,326,1,326
93,2023-06-12 12:09:29.197275,Michael Powell MD,wilsonlauren@example.net,19,411,6,2466
94,2023-06-05 12:20:28.539654,Mr. Earl Murphy,kingcharles@example.net,10,447,8,3576
95,2023-06-18 04:44:54.114154,Cynthia Schultz,buckjohn@example.org,15,117,4,468
96,2023-06-19 15:51:42.787667,Jenny Moody,zjones@example.org,10,447,3,1341
97,2023-06-18 06:28:48.644421,James Lopez,duncanbrian@example.net,4,409,5,2045
98,2023-06-27 08:37:24.711944,Leslie Cooper,ggallagher@example.net,12,95,7,665
99,2023-06-22 16:11:27.684065,Kevin Holland,hartashley@example.org,20,351,6,2106
100,2023-06-04 05:48:18.875700,Charles Espinoza,alexismiller@example.com,3,438,4,1752
101,2023-06-01 18:48:16.539009,Catherine Miller,vclark@example.com,14,445,3,1335
102,2023-06-17 01:48:58.559645,Katherine Wells,tamarawall@example.net,2,326,9,2934
103,2023-06-16 15:00:07.806510,Edward Hines,xford@example.com,13,408,7,2856
104,2023-06-05 20:32:57.135147,Mark Weber,enovak@example.net,17,123,2,246
105,2023-06-07 00:49:57.430051,James Galvan,jason74@example.net,1,44,1,44
106,2023-06-01 12:25:56.120228,Lisa Rose,tracybolton@example.com,6,305,2,610
107,2023-06-25 14:43:31.053589,Curtis Barrett,jamescandice@example.com,18,73,4,292
108,2023-06-11 18:01:10.320083,Brandon Hunt,truiz@example.com,17,123,4,492
109,2023-06-21 22:43:45.143886,David Mack,ismith@example.net,15,117,4,468
110,2023-06-19 17:04:32.944252,James Faulkner,jimmy68@example.com,13,408,5,2040
111,2023-06-16 17:24:16.831469,Benjamin Davis,martineztammie@example.net,20,351,4,1404
112,2023-06-22 12:11:43.264199,Brooke Rich,anthony42@example.org,7,98,7,686
113,2023-06-22 20:01:18.129275,Rodney Mcmahon,jennifer76@example.net,5,398,1,398
114,2023-06-29 15:51:22.175106,Jeremy Avila,hdavis@example.org,20,351,5,1755
115,2023-06-20 10:43:27.148643,Ms. Sara Wiggins,gjones@example.net,7,98,6,588
116,2023-06-07 11:09:19.148111,Ronald Tran,ljennings@example.com,1,44,7,308
117,2023-06-20 17:42:30.232619,Jonathan Taylor,xrivera@example.net,17,123,9,1107
118,2023-06-06 11:38:08.931197,Timothy Garcia,berglinda@example.org,4,409,6,2454
119,2023-06-21 22:57:39.675909,Yvette Roberts,ewaters@example.net,14,445,1,445
120,2023-06-13 12:44:30.220381,Adam Walton,mathewsglenda@example.net,16,466,6,2796
121,2023-06-11 19:24:05.640015,Jessica Davidson,rebeccarussell@example.com,7,98,7,686
122,2023-06-01 13:11:31.507877,John Wise,johnsonchristy@example.org,1,44,4,176
123,2023-06-12 20:39:46.832540,James Ramirez,williamsmonica@example.net,8,272,3,816
124,2023-06-08 19:14:36.305086,Jesse Wilcox,deborah13@example.com,4,409,9,3681
125,2023-06-01 12:12:39.774577,Tracy Jones,ivan39@example.org,13,408,4,1632
126,2023-06-20 23:16:14.579289,Megan Carter,sandrarivers@example.net,16,466,2,932
127,2023-06-11 02:23:38.831170,Heather Dixon,millerdawn@example.net,20,351,8,2808
128,2023-06-22 09:28:57.499690,Dustin Jenkins,zscott@example.com,6,305,1,305
129,2023-06-22 08:22:42.902271,Jonathan Nelson,bushjames@example.com,11,33,5,165
130,2023-06-27 13:49:01.680785,Tyler Willis,nicholas12@example.org,8,272,6,1632
131,2023-06-28 10:06:29.983799,Jose Bryant,crawfordkayla@example.org,16,466,5,2330
132,2023-06-14 09:46:08.393705,Jacob Davis,kguzman@example.net,2,326,3,978
133,2023-06-16 02:35:27.914353,Jordan Mcdonald,ephillips@example.net,7,98,4,392
134,2023-06-28 06:11:54.532721,Wendy Garcia,fhebert@example.org,3,438,8,3504
135,2023-06-01 03:00:52.648114,Ana Kelly,wnewman@example.com,5,398,2,796
136,2023-06-01 09:28:13.854322,Bruce Kelly,joseph17@example.org,4,409,3,1227
137,2023-06-14 14:13:38.805033,Donna Johnson,shaun25@example.com,4,409,6,2454
138,2023-06-05 15:21:55.036512,Victoria Stewart,glenncantrell@example.com,14,445,7,3115
139,2023-06-18 11:52:13.767210,Melissa Adkins,tflynn@example.org,12,95,3,285
140,2023-06-22 06:16:42.652805,Patrick Duncan,dyerkimberly@example.net,12,95,1,95
141,2023-06-16 19:58:15.380344,Michelle Barker,jaclyn64@example.org,1,44,4,176
142,2023-06-04 21:15:00.080710,Renee Peterson,jillstewart@example.com,12,95,2,190
143,2023-06-05 11:20:46.086836,Ryan Ortiz,gcalderon@example.org,14,445,5,2225
144,2023-06-28 02:41:54.247005,Alex Wood,gregoryking@example.com,15,117,5,585
145,2023-06-17 06:18:41.527461,Lauren Hughes,jeffrey30@example.net,12,95,9,855
146,2023-06-22 21:56:28.167700,Neil Craig,gardnerdana@example.com,2,326,2,652
147,2023-06-19 13:00:00.796267,Chad Johnson,brownjustin@example.org,13,408,6,2448
148,2023-06-05 07:48:12.478914,Daniel Fuller,markcollier@example.net,20,351,4,1404
149,2023-06-02 16:26:47.453493,James Diaz,odonnellkathleen@example.org,3,438,2,876
150,2023-06-22 07:09:09.318626,Elizabeth Vaughan,jennifer26@example.net,12,95,1,95
151,2023-06-13 16:50:17.920079,Timothy Coleman,ypierce@example.net,11,33,9,297
152,2023-06-07 07:05:49.087512,Jesse Jones,todddiana@example.com,9,33,8,264
153,2023-06-08 08:01:39.429232,Angela Rodriguez,jose66@example.net,7,98,2,196
154,2023-06-11 19:33:31.255847,Jeanette Ward,rwilcox@example.org,3,438,2,876
155,2023-06-19 16:19:41.064031,Nicholas Martinez,ramirezchristine@example.com,11,33,6,198
156,2023-06-19 06:43:26.545991,Laura Howard,rcuevas@example.org,10,447,7,3129
157,2023-06-02 08:34:02.429000,Laura Parker,sullivansusan@example.net,18,73,4,292
158,2023-06-07 08:28:49.572458,Sarah Martinez,hallveronica@example.org,16,466,4,1864
159,2023-06-14 03:13:00.748405,Tyler Anderson DVM,allenboyer@example.org,16,466,2,932
160,2023-06-20 10:28:09.250890,Marie Ochoa,jeffrey30@example.net,11,33,3,99
161,2023-06-13 01:46:07.327818,Ellen Thompson,steven76@example.net,17,123,2,246
162,2023-06-28 08:25:32.323751,Rachael Newton,curtis60@example.org,6,305,6,1830
163,2023-06-10 23:18:09.283044,William Rodriguez,eanderson@example.org,2,326,9,2934
164,2023-06-23 06:31:12.929121,Maria Duran,deanna80@example.org,18,73,6,438
165,2023-06-28 10:49:24.717951,Thomas Rojas,kaufmanronald@example.org,3,438,7,3066
166,2023-06-15 01:04:44.485325,Tina Ramirez,rachel50@example.com,4,409,2,818
167,2023-06-12 18:52:27.493869,Anthony Bird,rodriguezjeremy@example.org,20,351,3,1053
168,2023-06-15 04:04:06.260255,Karen Garcia,cbanks@example.org,2,326,2,652
169,2023-06-29 22:15:43.521345,James Livingston,monica68@example.org,4,409,9,3681
170,2023-06-11 23:49:11.728839,Natasha Griffin,alyssa76@example.net,1,44,3,132
171,2023-06-07 13:11:41.543247,William Mann,alyssa27@example.com,2,326,9,2934
172,2023-06-17 07:47:05.597275,Valerie Petersen MD,thomas27@example.org,16,466,5,2330
173,2023-06-14 08:48:51.484690,Mr. Andrew Rhodes MD,benjamintravis@example.com,2,326,1,326
174,2023-06-17 18:22:58.902109,Aimee Wright,dennisjacqueline@example.net,18,73,3,219
175,2023-06-28 07:59:50.381680,Brandon Moore,volsen@example.org,12,95,7,665
176,2023-06-05 23:25:03.499925,Jared Huerta,victoriahendrix@example.org,18,73,4,292
177,2023-06-12 03:31:30.349966,Denise Ruiz,andersoncharlotte@example.net,6,305,5,1525
178,2023-06-27 09:46:35.067488,Kevin Flores,griffindaniel@example.net,3,438,8,3504
179,2023-06-24 06:55:25.811419,Dana Martin,morgankristin@example.com,10,447,5,2235
180,2023-06-29 10:20:40.820997,Robert Guerrero,zjenkins@example.net,15,117,1,117
181,2023-06-12 18:49:37.361899,Scott Coleman,santiagoeric@example.org,16,466,3,1398
182,2023-06-06 01:10:06.983151,Mr. Aaron Riley,gregoryguzman@example.net,13,408,8,3264
183,2023-06-10 18:17:44.325925,Scott Irwin,michael13@example.net,19,411,3,1233
184,2023-06-08 04:41:25.759380,Brandon Romero,robin13@example.net,8,272,5,1360
185,2023-06-04 07:56:54.121344,Tiffany Browning,mbaker@example.org,7,98,3,294
186,2023-06-04 19:43:29.238280,Andrea Sanchez,christopher06@example.net,11,33,2,66
187,2023-06-29 16:46:53.610786,Erika Terry,kaitlyn20@example.com,14,445,1,445
188,2023-06-27 17:53:42.618433,Tamara Diaz DDS,rbennett@example.net,12,95,5,475
189,2023-06-04 22:20:38.988665,Vanessa Brown,pattersonheather@example.net,7,98,4,392
190,2023-06-21 12:00:57.169451,Travis Hughes,julia64@example.com,12,95,4,380
191,2023-06-02 18:59:02.629876,Jennifer Parker,suzannethompson@example.net,17,123,7,861
192,2023-06-28 07:38:44.552986,Tiffany Franklin,nelsoncurtis@example.net,13,408,4,1632
193,2023-06-11 00:25:49.113896,Nathan Hoover,lindaburke@example.com,19,411,7,2877
194,2023-06-24 16:18:30.428940,Caitlin Greene,whiterobert@example.org,10,447,1,447
195,2023-06-26 20:27:00.445933,Tracy Wilson,daniel16@example.org,14,445,9,4005
196,2023-06-03 06:28:13.887545,Barbara Mitchell,andrewsjill@example.com,11,33,7,231
197,2023-06-06 20:17:00.431319,Larry Fox,bcook@example.net,19,411,3,1233
198,2023-06-18 20:12:12.447690,Alvin Montgomery,ymitchell@example.org,20,351,8,2808
199,2023-06-13 18:49:06.862501,Jeffrey Nichols,chandlerleonard@example.com,5,398,7,2786
200,2023-06-05 19:07:49.878517,Ruben Alvarez,elliottandrew@example.com,3,438,1,438
201,2023-06-28 20:22:51.580125,Jennifer Leonard,scottjohnson@example.com,3,438,2,876
202,2023-06-06 14:39:41.416553,Michael Miller,samuelstokes@example.com,2,326,1,326
203,2023-06-12 19:59:41.969163,Crystal Francis,cookgabriel@example.org,5,398,2,796
204,2023-06-24 02:04:55.477388,Christine Avery,blairandrew@example.net,16,466,8,3728
205,2023-06-18 13:10:28.811607,Dr. Michelle Smith,laurafry@example.com,7,98,6,588
206,2023-06-26 17:31:05.621149,Gail Jones,wernersheila@example.org,16,466,8,3728
207,2023-06-24 21:24:09.428273,Kristin Orozco,esosa@example.net,18,73,8,584
208,2023-06-17 17:41:16.938465,Scott Diaz,michael50@example.net,6,305,8,2440
209,2023-06-24 10:48:29.430052,Robert Hayes,marilynrivera@example.net,17,123,5,615
210,2023-06-25 17:22:34.560162,Megan Medina,brittany04@example.com,2,326,8,2608
211,2023-06-14 07:52:45.920737,Beverly Montgomery,vanessahudson@example.org,2,326,4,1304
212,2023-06-22 08:14:12.093175,Denise Kennedy,montesmary@example.net,2,326,2,652
213,2023-06-18 08:32:46.401749,Kelly Lara,hpearson@example.com,2,326,1,326
214,2023-06-06 09:17:41.518649,Michael Castillo,carolyn35@example.org,4,409,5,2045
215,2023-06-11 23:51:12.052130,David Cooke,robert38@example.com,15,117,1,117
216,2023-06-12 13:19:19.679419,Michael Dougherty,mackenziewhitehead@example.org,18,73,6,438
217,2023-06-07 05:37:33.125247,Peter Franklin,wellsaaron@example.com,14,445,8,3560
218,2023-06-10 02:21:45.099670,Kayla Brooks,pjohns@example.org,13,408,2,816
219,2023-06-28 06:58:57.318275,Cristina Jackson,anthonywhite@example.org,7,98,7,686
220,2023-06-18 21:05:33.311276,Kimberly Gardner,spencerkelsey@example.net,1,44,7,308
221,2023-06-03 22:05:31.904319,Timothy Davis,tterry@example.net,16,466,2,932
222,2023-06-28 13:37:19.891817,Robert Vaughan,taylorjeffrey@example.org,17,123,1,123
223,2023-06-25 12:43:03.116861,Ellen Barnett,hannahharper@example.org,19,411,6,2466
224,2023-06-10 16:18:01.321855,Derek Lewis,andrewperez@example.com,14,445,8,3560
225,2023-06-14 14:45:44.586126,Mark Lopez,danielsmith@example.org,2,326,2,652
226,2023-06-07 09:33:35.484517,Adam Thompson,alanjones@example.org,4,409,4,1636
227,2023-06-10 12:25:52.674367,Christina Carter,qporter@example.net,4,409,7,2863
228,2023-06-01 19:16:59.011448,Nancy Williams DDS,fperez@example.org,2,326,7,2282
229,2023-06-16 22:30:06.798076,David Ruiz,jessicabauer@example.net,9,33,3,99
230,2023-06-19 13:56:26.304434,Thomas Acosta,paigelopez@example.net,15,117,4,468
231,2023-06-28 13:17:36.194384,Patrick Richardson,jared62@example.com,20,351,6,2106
232,2023-06-27 23:50:41.909445,Samantha Lopez,cynthiahernandez@example.org,19,411,8,3288
233,2023-06-17 21:25:52.289654,Patricia Williams,joycebarker@example.net,3,438,6,2628
234,2023-06-21 05:10:50.319849,Tiffany Simpson,athompson@example.org,17,123,5,615
235,2023-06-01 16:13:28.508273,Crystal Kennedy,erin36@example.com,13,408,4,1632
236,2023-06-06 01:36:04.655294,Philip Mendoza,sguzman@example.com,18,73,4,292
237,2023-06-19 08:07:13.051730,Juan Cohen,melinda40@example.com,13,408,3,1224
238,2023-06-03 16:23:46.354496,Christopher Paul,sandovalcynthia@example.net,6,305,7,2135
239,2023-06-15 02:32:46.552594,Christina Garcia,delacruzkim@example.com,14,445,3,1335
240,2023-06-22 08:39:04.464422,Loretta Erickson,staceythompson@example.com,17,123,5,615
241,2023-06-20 09:55:42.576660,Rebecca Smith,scotthartman@example.net,8,272,5,1360
242,2023-06-15 07:45:04.972105,Donna Henry,bradleywoodward@example.org,8,272,1,272
243,2023-06-18 05:01:06.315577,Jason Perez,christopher98@example.net,6,305,6,1830
244,2023-06-28 01:20:57.954312,Paula Stewart,elizabethryan@example.org,17,123,4,492
245,2023-06-06 12:28:37.005658,Madison Ford,melissa50@example.org,11,33,5,165
246,2023-06-03 10:57:34.558600,Kim Jones,barry54@example.net,17,123,4,492
247,2023-06-17 23:55:28.161914,Benjamin Johnson,boltonkayla@example.org,3,438,2,876
248,2023-06-09 21:50:06.829806,Lindsay Phillips,hoffmanroy@example.net,19,411,7,2877
249,2023-06-29 00:14:22.514048,Tiffany Smith,wolfjesse@example.org,11,33,2,66
250,2023-06-22 03:23:04.760564,Lisa Coleman,nicholsondanny@example.net,17,123,1,123
251,2023-06-08 23:25:06.394369,Jennifer Walker,lisaburgess@example.com,9,33,2,66
252,2023-06-24 00:21:19.193454,Zachary Miller,blucas@example.com,12,95,3,285
253,2023-06-12 02:56:16.285632,Jennifer Turner,wclark@example.net,2,326,5,1630
254,2023-06-14 10:21:56.789412,Jessica Garcia,sharondickerson@example.com,3,438,8,3504
255,2023-06-20 08:12:20.818319,Stephanie Benson,deborahanderson@example.net,10,447,8,3576
256,2023-06-04 04:22:11.374334,Lisa Holland,vjones@example.net,1,44,3,132
257,2023-06-12 11:53:59.522465,Lauren Wells,pamelaferguson@example.net,18,73,8,584
258,2023-06-19 02:28:17.365915,Joseph Johnson,allencampbell@example.com,4,409,4,1636
259,2023-06-22 04:46:53.173324,Ellen Berry,nhowell@example.org,14,445,5,2225
260,2023-06-20 18:47:28.290052,Melody Foster,sanchezjessica@example.net,14,445,5,2225
261,2023-06-26 07:48:48.727463,Bryan James,webergabriel@example.org,16,466,8,3728
262,2023-06-29 02:58:39.448747,Eddie Fowler,cheryllozano@example.net,1,44,4,176
263,2023-06-24 03:13:15.993294,Matthew Vazquez,ianharding@example.org,7,98,6,588
264,2023-06-20 22:55:36.093928,Cody Freeman,brooksjames@example.net,11,33,9,297
265,2023-06-23 21:28:15.183756,Benjamin Hernandez,melissa65@example.org,13,408,5,2040
266,2023-06-23 21:30:06.689384,Emily Mckay,nwoods@example.org,14,445,1,445
267,2023-06-14 05:34:14.880224,Mrs. Crystal Jimenez DDS,tanderson@example.org,4,409,4,1636
268,2023-06-05 01:23:54.128969,Alexandra Gallagher,deborahparker@example.org,20,351,5,1755
269,2023-06-28 14:40:11.931557,Michael Guerrero,atkinsonelizabeth@example.net,12,95,3,285
270,2023-06-05 07:59:58.017422,Derek Johnson,garzajennifer@example.org,1,44,5,220
271,2023-06-10 09:12:25.893202,Joshua Conway,susanarroyo@example.org,3,438,9,3942
272,2023-06-13 00:37:04.488675,Karen Conner,philliphensley@example.com,8,272,7,1904
273,2023-06-18 01:21:17.307363,Nancy Jordan,sandracurtis@example.org,14,445,8,3560
274,2023-06-10 10:43:40.989297,Laura Hester,uvelez@example.org,10,447,3,1341
275,2023-06-15 06:55:01.980354,Michael Frazier,brian48@example.net,4,409,4,1636
276,2023-06-23 18:43:18.440852,Nicole Holmes,nmadden@example.com,1,44,9,396
277,2023-06-20 05:56:45.573903,Tracy Horton,gabrielgilbert@example.org,10,447,5,2235
278,2023-06-23 15:30:06.971299,Matthew Walsh,qfisher@example.net,15,117,9,1053
279,2023-06-07 07:51:58.169786,Terri Willis,vanessa39@example.net,17,123,9,1107
280,2023-06-28 23:45:39.302379,Ashlee Long,jennifergordon@example.net,12,95,8,760
281,2023-06-27 17:07:16.452654,Jill Harper,davisashley@example.net,12,95,2,190
282,2023-06-24 23:16:37.181309,Laura Rich,igarner@example.com,4,409,4,1636
283,2023-06-04 03:19:19.205076,Amanda Massey,emurillo@example.net,13,408,3,1224
284,2023-06-08 01:53:20.125247,Jessica Jenkins,ndeleon@example.org,16,466,8,3728
285,2023-06-07 18:32:23.078319,Michael Logan,kyle29@example.net,1,44,9,396
286,2023-06-07 22:56:18.777563,Anthony Harris,kylemartin@example.com,15,117,4,468
287,2023-06-09 03:23:22.252558,Felicia Sampson,alvarezamanda@example.org,8,272,7,1904
288,2023-06-04 01:15:14.598950,Kyle Huynh,thompsondavid@example.com,11,33,9,297
289,2023-06-23 20:18:11.345362,Timothy Russell,nicholasleach@example.net,12,95,6,570
290,2023-06-27 05:13:39.339597,Timothy Howard,yphillips@example.org,16,466,5,2330
291,2023-06-14 21:31:47.130127,Sean Maxwell,jeffrey44@example.org,7,98,9,882
292,2023-06-27 16:07:26.302455,Mary Green,jamesstevenson@example.com,17,123,4,492
293,2023-06-26 12:15:39.717261,Rose Ramirez,zacharygarrett@example.org,13,408,4,1632
294,2023-06-22 12:44:34.863786,Christopher Myers,masonkelley@example.net,5,398,1,398
295,2023-06-15 11:17:35.908264,Philip Tran,jesserodriguez@example.net,15,117,5,585
296,2023-06-02 23:09:58.762973,Jennifer Patterson,hectorle@example.net,5,398,2,796
297,2023-06-24 06:32:45.102347,Christine Wright,catherine13@example.org,12,95,2,190
298,2023-06-10 15:34:52.054175,Bradley Dennis,ctownsend@example.com,9,33,4,132
299,2023-06-20 04:13:47.807814,Marcus Holmes,ashleygoodwin@example.net,18,73,3,219
300,2023-06-06 11:59:08.435406,Michelle Keller,rjackson@example.org,10,447,5,2235
301,2023-06-14 03:45:04.175570,David Hamilton,randalltamara@example.net,7,98,9,882
302,2023-06-10 21:55:23.343955,Michael Collins,carlosmanning@example.net,15,117,5,585
303,2023-06-12 18:17:28.230241,Jennifer Willis,ashley63@example.net,15,117,6,702
304,2023-06-13 02:05:16.748774,Cody Green,daniel00@example.org,1,44,5,220
305,2023-06-19 20:30:41.689567,Willie Oneill,bjones@example.net,6,305,1,305
306,2023-06-12 15:56:25.340788,Frederick Walters,ebuchanan@example.org,16,466,8,3728
307,2023-06-06 20:48:30.184862,Heather Russell,desiree23@example.org,17,123,3,369
308,2023-06-11 18:56:21.322801,Mark Gallagher,abigail32@example.net,11,33,8,264
309,2023-06-23 19:56:56.537300,Michael Jones,karen94@example.com,10,447,2,894
310,2023-06-09 16:13:24.431886,Brittany Burgess,jakeharris@example.org,15,117,8,936
311,2023-06-29 15:10:46.780707,Eric Cunningham,uthomas@example.net,6,305,2,610
312,2023-06-05 18:45:39.944167,Leonard Ferrell,mitchell16@example.com,14,445,2,890
313,2023-06-28 17:57:35.438858,Fred Miller,aaronjohnson@example.com,12,95,3,285
314,2023-06-01 08:37:42.016626,Nicole Walsh,wrose@example.org,2,326,7,2282
315,2023-06-18 12:40:59.453581,Christopher Hernandez,cheryl77@example.net,19,411,8,3288
316,2023-06-14 00:13:11.887225,Linda Jackson,pamelarowland@example.org,6,305,7,2135
317,2023-06-17 16:01:04.999220,Shawn Chang,sharppatricia@example.com,15,117,3,351
318,2023-06-20 23:30:05.722366,William Woodard,karencortez@example.net,1,44,5,220
319,2023-06-02 01:51:39.193757,Michelle Davis,dtaylor@example.org,12,95,2,190
320,2023-06-18 08:55:11.658533,Jamie Sullivan,kenneth89@example.net,13,408,9,3672
321,2023-06-19 15:39:46.908570,Philip Parker,ymitchell@example.com,19,411,4,1644
322,2023-06-07 08:05:29.811043,James Hopkins,jonathantucker@example.com,7,98,1,98
323,2023-06-07 22:11:29.402027,Amy Moore,vhughes@example.com,18,73,7,511
324,2023-06-19 00:06:49.206255,April Landry,qterry@example.net,12,95,8,760
325,2023-06-21 10:11:13.362205,Joshua George,rruiz@example.org,19,411,4,1644
326,2023-06-21 16:09:33.485940,Gabriel Morgan,illoyd@example.org,4,409,2,818
327,2023-06-12 13:57:27.707448,Denise Murphy,rebeccacraig@example.org,5,398,6,2388
328,2023-06-18 15:53:59.567016,Michael Palmer,valerie50@example.com,14,445,3,1335
329,2023-06-10 03:12:53.463769,Andrew Jimenez,vrowe@example.org,18,73,2,146
330,2023-06-20 23:20:32.966193,Jeffrey Pope,coopermelissa@example.com,2,326,4,1304
331,2023-06-08 16:46:25.819592,John Pruitt,kayla46@example.net,12,95,1,95
332,2023-06-24 14:54:04.142775,Adrienne Burnett,uhayes@example.com,3,438,3,1314
333,2023-06-24 19:46:08.872241,Eric Hurley,vanessa95@example.net,4,409,6,2454
334,2023-06-01 21:03:25.702582,Brian Caldwell,cindyjenkins@example.org,8,272,9,2448
335,2023-06-06 23:50:50.732687,Emily French,yoderjason@example.com,4,409,4,1636
336,2023-06-18 16:21:17.915519,Patrick Howard,ymoran@example.com,3,438,6,2628
337,2023-06-18 16:33:06.483970,Scott Smith,awarner@example.org,8,272,3,816
338,2023-06-19 21:08:48.365897,Jacob Blair,yking@example.com,4,409,8,3272
339,2023-06-18 22:19:27.402479,Donna Williamson,vincentduncan@example.org,17,123,4,492
340,2023-06-05 12:13:39.435408,Susan Cohen,colemaneric@example.net,14,445,4,1780
341,2023-06-05 17:00:17.878463,Alexandra Lee,zpreston@example.com,14,445,8,3560
342,2023-06-21 23:32:48.268709,Steven Hall,tsmall@example.net,15,117,1,117
343,2023-06-06 18:35:29.715052,Elizabeth Murphy,mcneilbrett@example.com,19,411,8,3288
344,2023-06-02 16:13:23.278689,Mark Escobar,dstokes@example.com,19,411,1,411
345,2023-06-13 05:37:06.872712,Kevin Calhoun,gmitchell@example.org,16,466,4,1864
346,2023-06-10 10:02:24.387998,Rachel Howell,david34@example.org,1,44,2,88
347,2023-06-16 07:00:57.657973,Samantha Johnson,rachelgomez@example.com,9,33,9,297
348,2023-06-27 19:08:11.040437,Cassandra Waters,wesleytaylor@example.com,8,272,6,1632
349,2023-06-22 09:57:49.171303,Kelsey Matthews,williamswillie@example.org,2,326,8,2608
350,2023-06-22 17:35:21.137507,Lynn Simpson,jennifer48@example.net,14,445,6,2670
351,2023-06-29 22:03:55.940717,Ashley Daniels,leslie30@example.net,4,409,2,818
352,2023-06-19 23:59:42.049486,Bridget Cline,hjones@example.net,16,466,4,1864
353,2023-06-19 13:41:39.666221,Tiffany Diaz,ashleymccarty@example.org,17,123,5,615
354,2023-06-23 03:15:51.819839,Robert Mosley,kingtaylor@example.org,19,411,5,2055
355,2023-06-04 00:49:38.734699,Ashley Price,jason88@example.com,20,351,6,2106
356,2023-06-17 22:03:34.713620,Steven Gregory,aholder@example.net,10,447,6,2682
357,2023-06-10 22:48:34.765147,Donna Mcdonald,matthew73@example.org,18,73,4,292
358,2023-06-10 18:50:29.399040,Christine Malone,parkermaurice@example.com,10,447,2,894
359,2023-06-03 03:46:29.806411,Lisa Shannon,ianjames@example.com,4,409,8,3272
360,2023-06-07 10:47:00.899834,Patricia Paul,david91@example.net,9,33,5,165
361,2023-06-21 22:30:43.223556,David Griffith,hallnathaniel@example.org,12,95,1,95
362,2023-06-24 15:26:43.079757,Hayden Soto,williamsfrank@example.com,2,326,8,2608
363,2023-06-19 07:38:54.064400,Jeffrey Harris,andrewreyes@example.org,16,466,2,932
364,2023-06-29 15:52:52.523310,Kristina Finley,morrisonmichelle@example.net,9,33,6,198
365,2023-06-24 20:48:02.069006,Danielle Bennett,stacy31@example.org,15,117,6,702
366,2023-06-15 08:36:48.309360,Zachary Smith,jerrybrown@example.com,5,398,4,1592
367,2023-06-29 06:22:41.410232,Jacob Johnson,clayrichard@example.net,19,411,6,2466
368,2023-06-12 03:39:37.960608,Paul Burns,carlsonrobert@example.org,2,326,3,978
369,2023-06-14 19:57:31.803481,Kevin Dodson,greerveronica@example.org,5,398,9,3582
370,2023-06-19 04:03:34.164268,Tracy Swanson,wlambert@example.net,20,351,5,1755
371,2023-06-19 22:04:35.726603,Cody Moore,nicholsclaire@example.com,8,272,1,272
372,2023-06-10 15:54:57.890072,Melissa Jacobs,leerivera@example.org,17,123,7,861
373,2023-06-13 08:39:06.080401,Joseph Scott,boylecarol@example.org,20,351,9,3159
374,2023-06-29 03:15:10.005931,John Ray,guzmantracey@example.com,1,44,5,220
375,2023-06-20 19:18:12.744112,Robert Khan,qmartin@example.com,10,447,9,4023
376,2023-06-05 10:56:29.127929,Danny Copeland,valdezmichele@example.com,18,73,1,73
377,2023-06-14 04:48:21.481058,Kathleen Curtis,hbrown@example.org,2,326,7,2282
378,2023-06-02 03:33:25.710524,Jennifer Gonzales,bobby45@example.org,5,398,8,3184
379,2023-06-01 08:05:03.120947,Brian Davis,pamelaanderson@example.net,10,447,3,1341
380,2023-06-10 04:31:10.286453,Steven Ford,mcolon@example.com,12,95,7,665
381,2023-06-01 17:26:48.040988,Megan Howard,ericacraig@example.net,3,438,7,3066
382,2023-06-13 04:26:35.282971,Lisa Cain,pattersonjustin@example.com,7,98,8,784
383,2023-06-19 23:22:24.190587,Anthony Kennedy,jonathan85@example.net,3,438,3,1314
384,2023-06-07 05:52:03.882669,Jeanne Rodriguez,juliedavis@example.org,16,466,8,3728
385,2023-06-12 19:20:57.660195,Edward Sharp,amyodonnell@example.com,11,33,3,99
386,2023-06-16 21:39:22.262784,Theresa Nichols,paulgay@example.net,11,33,2,66
387,2023-06-08 20:42:17.706746,Tracey Williams,mcconnellkelly@example.org,1,44,9,396
388,2023-06-21 04:13:45.239202,Danielle Bender,khernandez@example.com,20,351,2,702
389,2023-06-03 20:12:54.762460,Richard Johnson,ebutler@example.org,11,33,6,198
390,2023-06-27 20:32:28.263107,Gloria Bennett,keith66@example.net,11,33,2,66
391,2023-06-20 10:48:33.463633,Dennis Vargas,buckleyryan@example.net,6,305,3,915
392,2023-06-23 08:34:35.973485,Ronald Hall,triciasanchez@example.org,8,272,2,544
393,2023-06-29 14:28:00.294928,Angela Joseph,angela58@example.com,9,33,6,198
394,2023-06-25 14:22:45.413174,Glenda Vaughan,wzimmerman@example.org,7,98,1,98
395,2023-06-22 20:47:56.131443,Jeremiah Andrews,wjones@example.org,1,44,6,264
396,2023-06-16 05:51:42.860651,Jamie Clark,upayne@example.com,12,95,1,95
397,2023-06-01 05:32:03.400451,Daniel Smith,daniel43@example.net,10,447,3,1341
398,2023-06-11 01:04:12.729790,Donna Smith,amysmith@example.net,5,398,5,1990
399,2023-06-06 12:20:51.337509,Stephen Montoya,richard80@example.com,14,445,9,4005
400,2023-06-18 01:09:52.638598,Nicole Johnson,ksanchez@example.com,12,95,7,665
401,2023-06-01 15:16:55.303987,Angela Parker,jean25@example.net,14,445,5,2225
402,2023-06-02 11:10:42.690497,David Chang,dclayton@example.net,15,117,2,234
403,2023-06-14 23:36:18.555343,Brent Pollard,brendawalker@example.net,3,438,7,3066
404,2023-06-05 07:04:11.201769,Rose Mason,fitzgeraldcynthia@example.org,2,326,8,2608
405,2023-06-19 18:45:46.159558,Joseph Higgins,katherine12@example.com,7,98,2,196
406,2023-06-11 20:28:08.012411,Laura Morgan,harriselizabeth@example.com,3,438,3,1314
407,2023-06-05 13:26:32.004244,Jesse Levine,jillcoleman@example.net,18,73,7,511
408,2023-06-13 22:20:51.040402,Sandra Murphy,wheelerashley@example.org,20,351,7,2457
409,2023-06-16 04:08:00.470838,Kelly Hunt,jthomas@example.net,16,466,6,2796
410,2023-06-09 13:57:43.039743,Dennis Juarez,williamsshannon@example.org,2,326,2,652
411,2023-06-15 15:55:10.753098,Taylor Davis,peggymills@example.org,3,438,1,438
412,2023-06-16 07:15:34.526016,Sara Barry,silvayvonne@example.org,11,33,7,231
413,2023-06-03 10:51:41.842271,Melinda Green,allison03@example.net,18,73,6,438
414,2023-06-25 05:15:06.098419,Christine Hill,tpalmer@example.org,10,447,9,4023
415,2023-06-27 16:31:45.938524,Stephanie Delgado,davismichael@example.org,11,33,5,165
416,2023-06-02 12:32:19.439692,Tammy Barr,wigginsamy@example.org,3,438,9,3942
417,2023-06-18 09:37:15.115715,Melissa Atkinson,kaiserkatherine@example.net,12,95,6,570
418,2023-06-03 06:23:43.757955,Tyler Gallagher,johnmclaughlin@example.net,10,447,1,447
419,2023-06-09 20:32:37.190251,James Faulkner,morgan73@example.org,9,33,4,132
420,2023-06-16 18:49:57.572355,Lucas Roberts,otorres@example.net,12,95,5,475
421,2023-06-14 20:07:02.390852,Lawrence Weaver,millertammy@example.org,9,33,4,132
422,2023-06-26 05:36:13.591345,Hunter Dunn,scottclark@example.net,19,411,1,411
423,2023-06-16 04:06:12.364684,Victoria Hopkins,daniel20@example.org,17,123,6,738
424,2023-06-18 05:05:51.996875,Melissa Blackburn,catherine71@example.org,20,351,6,2106
425,2023-06-16 00:10:44.917640,Edward Vazquez,kimberly22@example.org,5,398,4,1592
426,2023-06-08 15:14:25.544259,Michael Gray,walshvalerie@example.net,8,272,4,1088
427,2023-06-23 17:07:53.010390,Rhonda Ramirez,pamela04@example.net,17,123,1,123
428,2023-06-11 13:49:19.493079,Stephanie Jackson,bjohnston@example.org,17,123,6,738
429,2023-06-01 11:58:46.960301,Kevin Phelps,joshua32@example.com,2,326,9,2934
430,2023-06-26 19:49:23.980308,Emily James,donaldpope@example.net,16,466,6,2796
431,2023-06-21 20:50:31.405578,Troy Robles,ofischer@example.com,3,438,5,2190
432,2023-06-27 22:46:39.309318,Luke Walker,xspencer@example.net,16,466,7,3262
433,2023-06-22 18:50:23.659056,Mallory Garrett,browndiane@example.org,9,33,2,66
434,2023-06-06 14:48:22.846444,Patrick Lin,jjones@example.com,7,98,6,588
435,2023-06-14 19:23:13.039631,Veronica Jackson,tinaanderson@example.com,10,447,5,2235
436,2023-06-27 18:36:06.777595,Jennifer Johns,brian02@example.net,13,408,8,3264
437,2023-06-22 06:27:44.807655,James Nelson,melanie23@example.net,4,409,8,3272
438,2023-06-14 13:02:03.598366,Emily Brown,madisoncross@example.org,15,117,3,351
439,2023-06-10 05:39:22.208815,Holly Jones,rkennedy@example.net,9,33,9,297
440,2023-06-09 22:34:07.240089,Samantha Davis MD,bettyjohnson@example.com,13,408,9,3672
441,2023-06-11 04:30:33.109263,Dana Williams,powersanthony@example.net,3,438,6,2628
442,2023-06-14 17:44:42.975795,Jimmy Poole,michael55@example.org,15,117,7,819
443,2023-06-20 00:32:01.326706,Henry Lin,emmamartin@example.org,11,33,9,297
444,2023-06-04 05:39:35.862905,Colton Frey,macdonaldgerald@example.com,12,95,1,95
445,2023-06-11 23:07:57.711451,Jeffrey Martinez,pburnett@example.com,14,445,8,3560
446,2023-06-11 05:52:33.125691,Kimberly Brown,yclark@example.net,10,447,9,4023
447,2023-06-26 21:37:49.607440,Jason Hamilton,eric96@example.net,17,123,4,492
448,2023-06-26 15:51:05.623860,Jennifer Malone,katherinefernandez@example.com,1,44,8,352
449,2023-06-12 16:17:17.471356,Dr. Steven Brown,ronaldorr@example.net,14,445,1,445
450,2023-06-18 05:43:32.581361,Beverly Lynch,kayers@example.org,1,44,6,264
451,2023-06-17 01:26:29.636661,William Donaldson,derrick87@example.org,18,73,2,146
452,2023-06-02 04:01:25.818080,Sara Young,mark59@example.net,20,351,6,2106
453,2023-06-10 23:55:35.759224,Stephanie Johnson,deborah23@example.com,19,411,8,3288
454,2023-06-25 07:29:45.229917,Matthew Osborne,hcowan@example.org,11,33,3,99
455,2023-06-05 17:45:15.488883,Ryan Scott,idavis@example.com,3,438,7,3066
456,2023-06-11 10:28:36.000518,Michael Hurst,zalexander@example.org,12,95,6,570
457,2023-06-03 11:23:40.157682,Gary Harris,austinpowers@example.org,2,326,3,978
458,2023-06-19 13:22:07.217067,Danielle Abbott,tanyabryant@example.org,17,123,5,615
459,2023-06-27 02:53:25.429725,Brittany Paul,robinbaker@example.org,9,33,6,198
460,2023-06-05 00:13:40.966240,Daniel Moore,lindsaylarson@example.org,18,73,1,73
461,2023-06-10 04:49:45.747101,Kenneth Walker,jennifer05@example.net,7,98,6,588
462,2023-06-04 17:37:29.093260,Brian Nguyen,laurie10@example.org,4,409,7,2863
463,2023-06-22 21:00:37.841429,Catherine Smith,lopezheather@example.net,15,117,6,702
464,2023-06-03 14:46:34.243997,Patrick Gray,meganedwards@example.com,11,33,1,33
465,2023-06-02 05:01:43.348601,Donald Turner,jamesjacob@example.net,12,95,9,855
466,2023-06-22 13:35:48.720567,Amber Strickland,grivas@example.net,1,44,9,396
467,2023-06-11 06:36:12.197463,Stacey Brown,leah56@example.org,7,98,4,392
468,2023-06-16 14:38:33.528914,Brenda Erickson,longcathy@example.org,14,445,5,2225
469,2023-06-06 12:59:43.784998,Corey Riley,riceemily@example.net,6,305,9,2745
470,2023-06-19 20:02:36.231054,Elizabeth Hoffman,kathrynalexander@example.net,9,33,1,33
471,2023-06-11 21:59:08.374100,Christopher Carpenter,jeremymartinez@example.com,19,411,1,411
472,2023-06-15 18:04:46.419528,Daniel Spencer,snyderjennifer@example.net,14,445,4,1780
473,2023-06-03 22:19:19.376004,Jeffrey Mendoza,jessicaquinn@example.com,4,409,1,409
474,2023-06-11 02:04:04.894631,Joshua Jenkins,athomas@example.com,2,326,8,2608
475,2023-06-29 07:19:08.170462,Dennis Hood,fieldstammy@example.com,3,438,2,876
476,2023-06-07 14:13:41.758123,Carrie Horton,charlesparks@example.org,5,398,2,796
477,2023-06-20 10:43:29.862120,Amy Jackson,zmckenzie@example.org,13,408,9,3672
478,2023-06-13 03:37:51.925824,Susan Henderson,vanessa15@example.net,14,445,1,445
479,2023-06-02 12:27:33.373530,Dana White,jacobingram@example.org,17,123,2,246
480,2023-06-11 09:06:51.719791,Whitney Baird,fjones@example.com,13,408,7,2856
481,2023-06-13 10:29:30.922349,Hannah Casey,ramirezjohn@example.com,1,44,8,352
482,2023-06-23 11:46:04.281201,Sarah Calderon,ylawrence@example.com,7,98,6,588
483,2023-06-20 19:02:52.202024,Tracy Davis,coxcassandra@example.net,18,73,7,511
484,2023-06-27 15:06:21.695419,Shannon Guzman,tiffany60@example.com,17,123,5,615
485,2023-06-01 17:48:47.253751,Shane Stokes,xprice@example.org,10,447,1,447
486,2023-06-23 14:07:02.174511,Gloria Howard,podonnell@example.net,14,445,9,4005
487,2023-06-05 12:14:23.850612,Brian Callahan,brianfitzpatrick@example.net,2,326,9,2934
488,2023-06-22 15:51:20.897623,Carol Martinez,christinesmith@example.net,1,44,3,132
489,2023-06-25 13:36:43.210005,Tiffany Hill,tylerscott@example.net,15,117,9,1053
490,2023-06-17 10:13:03.964035,Derrick Salas,weaverjesse@example.org,20,351,4,1404
491,2023-06-22 05:12:21.175121,Timothy Gomez,xmiles@example.org,7,98,6,588
492,2023-06-26 21:31:28.780675,Michelle Waller,whitenoah@example.net,5,398,1,398
493,2023-06-27 17:04:46.559508,Brian Lee,wmartinez@example.com,12,95,4,380
494,2023-06-19 19:23:54.561152,Jamie Wilson,mayoallison@example.net,20,351,4,1404
495,2023-06-29 15:32:08.321020,Kelsey Liu,cgray@example.net,12,95,2,190
496,2023-06-23 01:14:47.598771,Alicia Gonzalez,cheryl55@example.org,17,123,1,123
497,2023-06-01 20:02:23.344464,Joshua Medina,tanner70@example.net,11,33,1,33
498,2023-06-17 01:16:10.898317,Carl Phillips,wadestephen@example.com,1,44,8,352
499,2023-06-12 17:30:22.739586,Marcus Collins,ashley24@example.org,9,33,9,297
500,2023-06-28 10:37:33.308537,Andrew Merritt,paynebradley@example.org,15,117,4,468
501,2023-06-08 14:02:53.684397,Jeffrey Burke,nicholastran@example.org,12,95,9,855
502,2023-06-04 01:16:16.031231,Mr. Charles Dawson,ericcampos@example.com,1,44,5,220
503,2023-06-28 11:53:06.139135,Ryan Duncan,debbie63@example.com,8,272,3,816
504,2023-06-06 20:38:54.174737,Michael Brown,lsmith@example.org,19,411,1,411
505,2023-06-10 17:56:16.228292,Charles Kelly,stephaniewilson@example.com,15,117,3,351
506,2023-06-22 07:15:40.100456,Jennifer Escobar,george38@example.org,3,438,2,876
507,2023-06-25 21:08:52.920814,Brandon Allen,debbiebowers@example.net,19,411,7,2877
508,2023-06-16 02:35:51.508514,Peter Hensley,tcastaneda@example.org,5,398,7,2786
509,2023-06-26 03:52:30.155579,Michael Martin,pmaynard@example.org,1,44,1,44
510,2023-06-26 08:30:44.467187,Shannon Stone,ajones@example.com,20,351,3,1053
511,2023-06-06 18:18:11.922179,Stephanie Garcia,karlabrown@example.net,9,33,9,297
512,2023-06-26 00:05:58.586866,Andrew Stevens,heathermiller@example.com,15,117,8,936
513,2023-06-24 16:56:18.051392,Gregory Hoffman,harrellshelby@example.org,13,408,8,3264
514,2023-06-25 06:15:51.783130,Eileen Mcintosh,briansmith@example.net,12,95,7,665
515,2023-06-21 04:52:56.035236,Nicholas Lloyd,cabrerabriana@example.net,9,33,6,198
516,2023-06-08 22:20:42.647119,Maria Franklin,pamelashaffer@example.org,6,305,4,1220
517,2023-06-22 09:46:06.266180,Anna Scott,nicholsonbrian@example.net,11,33,5,165
518,2023-06-18 00:52:02.288547,Cassidy Pearson,juarezandrew@example.org,1,44,3,132
519,2023-06-12 22:59:11.959147,Gregory Mullins,kathymay@example.net,20,351,5,1755
520,2023-06-13 22:38:55.752933,Jake Lowery,dbennett@example.com,3,438,2,876
521,2023-06-10 07:17:54.037115,Elizabeth Graham,carterkatelyn@example.net,3,438,1,438
522,2023-06-13 22:41:45.026641,Chad Walters,lhaney@example.net,3,438,6,2628
523,2023-06-18 18:58:58.734250,Stephen Fisher DDS,nathan46@example.org,9,33,3,99
524,2023-06-04 07:09:57.622908,Paul Huffman,kellyknight@example.org,14,445,2,890
525,2023-06-20 10:55:12.414954,Stacy Sanchez,qhill@example.com,19,411,1,411
526,2023-06-12 03:56:02.993748,Heidi Walters,obernard@example.org,12,95,8,760
527,2023-06-24 15:09:13.924109,Marc Hill,joannamoore@example.net,10,447,2,894
528,2023-06-18 22:34:04.633666,Brian Nelson,ashley41@example.org,16,466,4,1864
529,2023-06-20 22:43:04.659156,Olivia James,rfry@example.com,17,123,2,246
530,2023-06-19 03:10:22.808144,Mario Avila,ssampson@example.net,4,409,9,3681
531,2023-06-13 09:31:27.611617,Anthony Frazier,brian85@example.org,16,466,3,1398
532,2023-06-28 09:04:11.884530,Robert Brooks,jessica00@example.org,11,33,9,297
533,2023-06-19 06:25:07.845108,Kevin Powers,calderonalexander@example.net,20,351,9,3159
534,2023-06-21 20:47:54.692577,Destiny Andrews,andersonholly@example.com,20,351,7,2457
535,2023-06-15 11:37:54.490151,Kathryn Saunders,hillkevin@example.net,6,305,8,2440
536,2023-06-24 13:15:15.069135,Lisa Gonzalez,bpotter@example.org,6,305,6,1830
537,2023-06-12 20:29:57.414331,Megan Dawson,barbaraporter@example.net,11,33,7,231
538,2023-06-23 20:05:34.634173,Colton Rivera,melissajones@example.net,18,73,3,219
539,2023-06-04 11:14:58.397379,Stephen Roberts,randalllucas@example.com,14,445,7,3115
540,2023-06-08 07:18:26.913204,Patricia Stanley,daniel94@example.net,11,33,6,198
541,2023-06-26 07:56:54.904101,Melinda Griffin,kwalton@example.com,11,33,6,198
542,2023-06-25 15:08:51.186757,Jamie Larson,donnareese@example.net,19,411,7,2877
543,2023-06-17 05:34:56.957156,Sarah Torres,qpaul@example.com,19,411,5,2055
544,2023-06-19 03:33:18.283412,Christopher Bernard,toddrose@example.net,13,408,8,3264
545,2023-06-07 01:58:36.530276,Madeline Vazquez MD,eellis@example.net,15,117,9,1053
546,2023-06-11 07:24:30.323639,Jennifer Williams,qschmidt@example.org,20,351,1,351
547,2023-06-11 07:54:11.450546,Travis Hubbard,terranceknight@example.net,10,447,6,2682
548,2023-06-10 03:47:26.549952,Sean Bennett,opage@example.net,4,409,6,2454
549,2023-06-13 08:13:30.950591,Sarah Roberts,haydenburke@example.org,10,447,8,3576
550,2023-06-14 13:11:51.028627,Scott Bailey,olsonmichael@example.org,18,73,1,73
551,2023-06-12 15:38:27.719394,Brenda Bowman,deborahrobinson@example.net,17,123,4,492
552,2023-06-10 22:51:23.402623,Brandon Roy,gabriel81@example.com,17,123,5,615
553,2023-06-25 01:00:57.816572,Timothy Baker DDS,james74@example.org,6,305,1,305
554,2023-06-01 23:36:47.329487,Adam Garcia,harveynicole@example.org,5,398,8,3184
555,2023-06-01 19:03:05.582657,Elizabeth Gardner,jacoblopez@example.net,7,98,1,98
556,2023-06-25 11:04:32.494939,Alexander Morgan,ybrock@example.org,9,33,2,66
557,2023-06-09 21:50:56.585342,Christina Bailey,justin39@example.com,13,408,6,2448
558,2023-06-01 02:08:22.290565,Michelle Holder,mark01@example.com,5,398,4,1592
559,2023-06-11 05:08:38.888330,Danny Mckee,raymond15@example.com,8,272,4,1088
560,2023-06-14 05:35:20.780570,Ronald Dawson,zjones@example.com,9,33,6,198
561,2023-06-28 18:18:07.969839,Ashley Thornton,smithkeith@example.net,1,44,9,396
562,2023-06-08 19:20:25.978563,Stacy Avila,dstevenson@example.net,14,445,7,3115
563,2023-06-28 22:18:41.434528,Jonathan Allen,pamelasmith@example.org,12,95,7,665
564,2023-06-14 10:37:27.570614,Ryan Shields,allen91@example.org,10,447,9,4023
565,2023-06-04 22:10:56.554858,Jonathan Washington,jacksonlauren@example.com,13,408,9,3672
566,2023-06-01 15:02:20.917010,Jessica Morrow,russellrebecca@example.org,10,447,9,4023
567,2023-06-27 14:51:58.461716,Kristin Franklin,douglas05@example.net,9,33,9,297
568,2023-06-18 01:46:51.150090,Lisa Jones,tanya82@example.org,8,272,9,2448
569,2023-06-05 00:16:14.048115,Michael Young,walkergregory@example.net,9,33,3,99
570,2023-06-16 13:20:06.381713,Jason Davis DDS,shawn74@example.org,14,445,4,1780
571,2023-06-04 23:23:15.803987,Scott Randall,wjohnson@example.org,5,398,9,3582
572,2023-06-08 07:59:30.365209,Mr. Steven Gibson,zchapman@example.org,12,95,8,760
573,2023-06-10 09:07:40.269695,James Barrera,hensleydavid@example.com,11,33,8,264
574,2023-06-16 18:25:57.011905,Joshua Sanders,cochranphillip@example.com,6,305,3,915
575,2023-06-16 09:49:07.105107,Emily Wiley,phillipgutierrez@example.net,10,447,3,1341
576,2023-06-27 18:07:01.407809,Adrienne Banks,sarapratt@example.org,2,326,1,326
577,2023-06-20 21:35:23.023256,Tracy Harrison,kgomez@example.com,15,117,7,819
578,2023-06-19 17:57:50.512524,Kristin Knapp,hernandezomar@example.org,15,117,8,936
579,2023-06-08 07:47:18.652380,Erica Conrad MD,brittanymcgrath@example.org,14,445,8,3560
580,2023-06-02 23:40:15.202982,Stephanie Gibbs,jjacobson@example.net,17,123,3,369
581,2023-06-14 20:02:21.807058,Lauren Rowe,jimenezeric@example.org,16,466,8,3728
582,2023-06-08 14:07:19.869078,Jeffrey Rice,smithandrea@example.net,15,117,1,117
583,2023-06-01 02:19:25.706508,Greg Jones,ryan63@example.com,20,351,8,2808
584,2023-06-03 07:40:46.472609,Emily Coleman,fmyers@example.org,2,326,8,2608
585,2023-06-03 12:34:18.347152,Michael Rodriguez,asmith@example.net,1,44,7,308
586,2023-06-15 02:42:35.626973,Angela Campbell,anthonylee@example.com,4,409,3,1227
587,2023-06-21 19:36:43.835841,Daniel Wagner,evanskimberly@example.org,15,117,7,819
588,2023-06-09 02:45:44.186251,Katherine Clark,richard92@example.net,6,305,1,305
589,2023-06-09 05:01:10.351956,Tracey Hodge,wayne40@example.net,16,466,9,4194
590,2023-06-24 13:36:54.399045,Michael Thomas,leroynguyen@example.com,12,95,1,95
591,2023-06-17 02:44:34.872436,Brandon Patterson,brian98@example.org,10,447,7,3129
592,2023-06-05 14:33:44.369735,Robert Martinez,teresajones@example.net,16,466,7,3262
593,2023-06-16 17:42:19.874988,Lisa Jones,jenniferfletcher@example.org,7,98,4,392
594,2023-06-28 09:32:13.038754,Bryan Liu,christopherwalters@example.net,12,95,8,760
595,2023-06-09 11:59:54.617512,Shawn Gibbs,sanchezrichard@example.net,2,326,6,1956
596,2023-06-05 09:53:36.655906,Stephanie Stewart,williamscathy@example.org,20,351,3,1053
597,2023-06-13 17:11:46.655683,Kenneth Ortega,hallaustin@example.net,4,409,9,3681
598,2023-06-22 04:58:27.897654,Lisa Jackson,jasonmartin@example.net,3,438,9,3942
599,2023-06-05 14:43:49.867714,Renee Adams,mjones@example.org,7,98,1,98
600,2023-06-24 17:52:20.255741,Bryan Allen,wbowen@example.com,12,95,6,570
601,2023-06-11 06:17:22.404739,Terry Lester,hebertcynthia@example.org,17,123,1,123
602,2023-06-09 08:54:35.194947,Jacob Marquez,sweeneyjames@example.net,7,98,7,686
603,2023-06-15 07:05:00.544560,Victoria Schultz,hlamb@example.net,1,44,8,352
604,2023-06-19 22:19:50.949971,Kyle Stephens,tatedavid@example.com,13,408,8,3264
605,2023-06-20 18:24:46.305297,Philip Lowe,jeffrey92@example.org,14,445,5,2225
606,2023-06-19 06:06:05.581556,Christy Martinez,kylecummings@example.net,18,73,3,219
607,2023-06-27 23:19:46.454437,Brian Bryant,tgraham@example.net,16,466,9,4194
608,2023-06-03 20:36:59.182556,Erin Brown,wagnerjessica@example.com,19,411,5,2055
609,2023-06-10 11:31:52.103404,Jennifer Osborne,rachelkirby@example.net,12,95,7,665
610,2023-06-18 09:45:21.016250,Christopher Patel,reillykristin@example.org,19,411,8,3288
611,2023-06-04 04:49:04.878369,Loretta Hale,thomas02@example.com,12,95,9,855
612,2023-06-19 12:55:55.942689,Bradley Avery,thomasamanda@example.net,7,98,9,882
613,2023-06-02 03:53:27.289420,Jessica Riley,jeffrey55@example.com,3,438,4,1752
614,2023-06-22 09:53:15.214114,Paul Navarro,mooremicheal@example.org,16,466,4,1864
615,2023-06-04 15:12:33.962093,Travis Rodriguez,angelasmith@example.org,16,466,9,4194
616,2023-06-16 20:42:09.650538,Scott Young,amberramos@example.org,1,44,6,264
617,2023-06-15 20:09:04.712362,Mary Salazar,jennifer22@example.net,4,409,4,1636
618,2023-06-14 06:13:50.937672,Kevin Foster,micheal05@example.com,11,33,3,99
619,2023-06-06 21:36:51.771934,Jennifer Mccoy,austincooper@example.net,18,73,1,73
620,2023-06-14 17:17:25.495110,Brady Evans,john67@example.com,8,272,7,1904
621,2023-06-21 11:36:00.184425,Melissa James,villegaskevin@example.com,20,351,9,3159
622,2023-06-15 03:48:04.047454,Amber York,carrillojamie@example.com,7,98,8,784
623,2023-06-23 09:29:30.265682,Stephanie White,itaylor@example.com,13,408,8,3264
624,2023-06-04 11:37:33.289526,Ryan Miller,rodney03@example.net,14,445,9,4005
625,2023-06-25 11:58:35.786977,Natasha Fox,djones@example.com,3,438,5,2190
626,2023-06-24 11:42:53.976907,Michelle Wright,josephallen@example.org,19,411,9,3699
627,2023-06-26 04:53:26.869060,Mrs. Kathryn Frank,virginia32@example.com,15,117,3,351
628,2023-06-09 02:30:50.263649,Marisa Clark,mlopez@example.org,19,411,2,822
629,2023-06-27 07:54:06.315884,Jacob Gay,veronica88@example.com,1,44,4,176
630,2023-06-06 22:49:26.256234,Cheryl Jackson,jacksonlaura@example.net,4,409,1,409
631,2023-06-14 09:00:30.839771,Ryan Reese,jaredtaylor@example.org,9,33,9,297
632,2023-06-14 12:24:17.487414,Andrew Dougherty,arnoldjoel@example.org,17,123,9,1107
633,2023-06-24 05:05:17.490132,Tara Rios,ubailey@example.org,8,272,6,1632
634,2023-06-19 15:47:30.923832,Brian Stafford,qmartinez@example.net,18,73,4,292
635,2023-06-27 23:12:20.626006,Tina Gardner MD,jamieschmidt@example.org,15,117,6,702
636,2023-06-01 04:48:46.772104,Tammy Rivera,nicholassaunders@example.org,17,123,6,738
637,2023-06-01 15:02:31.738159,Michael Cardenas,fprice@example.org,19,411,9,3699
638,2023-06-21 17:21:29.055941,Michael Gross,kennethsawyer@example.net,20,351,5,1755
639,2023-06-17 01:11:27.021580,Michael Chapman,douglas56@example.org,9,33,9,297
640,2023-06-10 09:15:13.835650,Melissa Serrano,lisa21@example.com,12,95,9,855
641,2023-06-14 03:25:34.862088,Cynthia Sanders,katherinebrown@example.com,20,351,8,2808
642,2023-06-11 05:33:19.990200,Justin Bonilla,thomas62@example.org,19,411,5,2055
643,2023-06-08 02:01:10.584803,Melissa Miller,trosales@example.net,1,44,3,132
644,2023-06-27 14:13:59.538226,Mary Rosales,riveraderek@example.net,14,445,7,3115
645,2023-06-08 08:52:02.801808,Christine Sullivan,ambermorgan@example.net,2,326,9,2934
646,2023-06-24 14:13:24.423737,Nathaniel Moore,renee37@example.org,18,73,5,365
647,2023-06-12 12:34:39.946226,Courtney White,cherylmcdaniel@example.net,16,466,9,4194
648,2023-06-25 07:17:13.000156,Tamara Miller,wardamanda@example.com,3,438,3,1314
649,2023-06-21 20:40:58.820713,Stephanie Jackson,marshalljohn@example.org,5,398,5,1990
650,2023-06-02 01:27:45.346908,Andrea Robinson,dianemiller@example.net,19,411,3,1233
651,2023-06-28 07:51:27.514356,Cynthia White,duncandonald@example.org,12,95,1,95
652,2023-06-15 21:51:21.445266,Mallory Woods,judy15@example.com,5,398,3,1194
653,2023-06-08 13:50:31.552558,Eric Reed,kaitlyngreer@example.org,3,438,2,876
654,2023-06-09 21:26:17.992788,Nicole Jones,npearson@example.net,17,123,8,984
655,2023-06-01 02:31:28.061186,Grant Long,anthony14@example.org,13,408,1,408
656,2023-06-14 17:08:06.959178,Sarah Herrera,susan65@example.org,7,98,7,686
657,2023-06-18 02:30:59.337515,Roger Bailey,nharrison@example.org,13,408,7,2856
658,2023-06-24 09:50:19.409983,Wayne Butler,sheila54@example.org,4,409,9,3681
659,2023-06-04 21:49:51.735599,Andrew Wilson,santosjames@example.com,14,445,3,1335
660,2023-06-13 16:27:57.938012,Kevin Stanley MD,nmanning@example.org,4,409,2,818
661,2023-06-17 03:56:10.521956,Mary Garcia,mckeerussell@example.org,4,409,2,818
662,2023-06-08 03:25:28.207369,Lauren Flores,jodiliu@example.com,18,73,2,146
663,2023-06-16 08:16:51.943800,Monica Mitchell,strongtyler@example.org,7,98,5,490
664,2023-06-20 09:55:28.276017,Samantha Torres,eileen53@example.net,10,447,7,3129
665,2023-06-27 16:01:42.706491,Kara Russell,marcusharrison@example.org,16,466,8,3728
666,2023-06-29 21:36:28.789740,Amy Harris,rmartinez@example.com,18,73,2,146
667,2023-06-20 21:29:19.865548,Mark Smith,william78@example.net,1,44,1,44
668,2023-06-16 19:41:29.475172,Miss Cindy Hernandez,rodriguezjennifer@example.com,17,123,7,861
669,2023-06-02 05:45:06.566684,Robert Gardner,ronaldperez@example.org,8,272,4,1088
670,2023-06-13 04:45:24.379066,Lisa Taylor,timothywilson@example.org,9,33,1,33
671,2023-06-29 05:01:02.506933,Elizabeth Watson,emily62@example.org,5,398,2,796
672,2023-06-24 11:24:36.851690,Jason Sims,qsanchez@example.org,6,305,8,2440
673,2023-06-15 02:16:54.037042,Ronald Hayes,nmurphy@example.com,17,123,5,615
674,2023-06-21 03:03:14.186219,Mark Taylor,dianawilliams@example.net,14,445,5,2225
675,2023-06-04 00:52:37.433664,Tina Mccoy,cynthiaanderson@example.org,8,272,8,2176
676,2023-06-04 18:10:08.809892,Howard Bell,bclark@example.com,6,305,3,915
677,2023-06-12 10:48:54.499149,Bethany Faulkner,uthompson@example.net,16,466,4,1864
678,2023-06-03 21:13:32.868215,Lori Adams,tforbes@example.com,11,33,4,132
679,2023-06-29 00:43:13.034032,Rebecca Johnson,jared31@example.org,5,398,4,1592
680,2023-06-13 19:24:06.611274,Angela Rosario,tanner90@example.net,3,438,3,1314
681,2023-06-07 13:03:00.206867,James Chandler,charles98@example.net,13,408,6,2448
682,2023-06-25 07:54:33.071076,Brandy Zavala,charles54@example.org,5,398,6,2388
683,2023-06-14 06:31:08.053234,Thomas Newman,smithcrystal@example.com,10,447,5,2235
684,2023-06-24 17:55:19.057167,Suzanne Smith,markreid@example.net,9,33,6,198
685,2023-06-17 05:27:56.404758,Jacob Hill,andersonscott@example.net,6,305,5,1525
686,2023-06-06 07:42:51.045473,Susan Munoz,thomas22@example.net,17,123,6,738
687,2023-06-20 21:26:19.002879,Albert Brock,eric68@example.org,7,98,9,882
688,2023-06-15 10:16:01.853596,Sandra David,wandali@example.org,14,445,3,1335
689,2023-06-07 12:21:12.782611,Jennifer Hernandez,heatherhunt@example.net,1,44,8,352
690,2023-06-22 08:53:19.773937,Kenneth Anderson,jameskennedy@example.net,1,44,7,308
691,2023-06-09 03:39:18.702272,Patricia Lopez,lmcpherson@example.org,11,33,6,198
692,2023-06-11 20:20:41.472168,Ryan Smith,marybrown@example.com,17,123,3,369
693,2023-06-05 10:22:05.384093,Jose Greer,jennifer89@example.org,4,409,9,3681
694,2023-06-03 09:32:08.385311,Jared Hahn,harrellgeorge@example.com,20,351,9,3159
695,2023-06-25 08:49:50.690201,Christopher Hill,tammybrown@example.com,7,98,6,588
696,2023-06-01 04:59:02.085302,Ashley Galloway,zpratt@example.com,5,398,8,3184
697,2023-06-20 00:59:24.797447,Aaron Brown,tiffanyalexander@example.org,9,33,6,198
698,2023-06-12 02:13:34.460923,Kathryn Collins,suarezsusan@example.org,13,408,8,3264
699,2023-06-27 01:08:44.796153,Suzanne Espinoza,thomas88@example.net,3,438,3,1314
700,2023-06-07 13:35:37.630992,Karen Harris,rhunter@example.net,5,398,2,796
701,2023-06-27 20:47:42.915465,Sarah Thomas,kaylastone@example.com,8,272,9,2448
702,2023-06-28 07:46:51.840761,Elizabeth Thompson,taylorrichard@example.org,5,398,2,796
703,2023-06-16 23:01:07.539259,Stephanie Wilson,tracypatterson@example.org,17,123,9,1107
704,2023-06-09 15:51:32.069165,James Rogers,waltergibson@example.net,18,73,7,511
705,2023-06-14 12:49:24.682870,Alex Warner,andrewlarson@example.com,4,409,2,818
706,2023-06-05 03:18:05.297528,Karen Sloan,bakerthomas@example.org,8,272,1,272
707,2023-06-04 10:00:05.699760,Matthew Benson,mcrawford@example.com,6,305,2,610
708,2023-06-26 06:48:20.776696,Caitlin Mcbride,evelynschroeder@example.com,4,409,8,3272
709,2023-06-22 22:14:43.208207,Natasha Cook,tinamaddox@example.org,12,95,6,570
710,2023-06-03 09:32:06.224568,Shelby Berry,michaelmarks@example.com,2,326,8,2608
711,2023-06-28 00:43:06.006079,Stephen Barber,sarawhite@example.org,6,305,4,1220
712,2023-06-23 04:43:09.904924,Paige Gamble,ianderson@example.org,18,73,7,511
713,2023-06-25 10:15:35.211448,Deborah Mata,owenscory@example.org,6,305,6,1830
714,2023-06-21 05:36:06.654168,Deborah Bird,bdaniel@example.org,17,123,7,861
715,2023-06-06 15:51:25.899367,Rebecca Barr,willisbarbara@example.org,6,305,2,610
716,2023-06-09 15:44:27.719461,Jennifer Lara,garydavis@example.org,11,33,7,231
717,2023-06-01 02:43:22.304793,Edwin Jacobs,moyerjessica@example.com,12,95,7,665
718,2023-06-09 11:16:56.796096,Charlotte Richardson,angela50@example.org,13,408,1,408
719,2023-06-28 05:59:34.052019,Michael Weber,yowens@example.org,18,73,5,365
720,2023-06-17 04:35:47.537024,Cynthia Carter,carterkimberly@example.net,7,98,5,490
721,2023-06-21 15:21:55.754121,Brittney Jones,carolyn03@example.com,12,95,7,665
722,2023-06-17 08:31:58.896943,Brenda Howard,abaker@example.org,13,408,8,3264
723,2023-06-21 09:51:03.443063,Margaret Chavez,heather82@example.com,8,272,6,1632
724,2023-06-12 20:13:56.152940,Annette Gutierrez,stevensdavid@example.net,17,123,4,492
725,2023-06-05 18:04:47.131603,Melvin Miles,andrew59@example.com,5,398,1,398
726,2023-06-15 13:21:50.072879,Emily Jenkins,blackburnabigail@example.com,10,447,8,3576
727,2023-06-15 23:33:01.598564,Andrea Lopez,christopher74@example.net,3,438,2,876
728,2023-06-28 09:19:01.095699,Shawn Solomon,kristen86@example.org,14,445,9,4005
729,2023-06-21 00:18:05.165539,Stephanie Gregory,lisa46@example.com,8,272,4,1088
730,2023-06-22 02:42:53.681958,Anna Sanchez,hendersonangela@example.net,13,408,2,816
731,2023-06-17 21:20:53.558130,Michael Elliott,jessicalopez@example.com,3,438,2,876
732,2023-06-11 12:15:44.408166,William Austin,stephenwells@example.org,5,398,3,1194
733,2023-06-12 07:55:20.667210,Brandon Dickerson,ashleynixon@example.org,3,438,7,3066
734,2023-06-02 05:00:24.195018,George Thomas,ian37@example.com,14,445,6,2670
735,2023-06-16 05:08:08.424299,Nathan Dixon,gilmorebryan@example.org,8,272,1,272
736,2023-06-08 09:05:36.779088,Zachary Clark,emilyjones@example.net,11,33,8,264
737,2023-06-26 20:50:58.734455,Courtney Erickson,timothypeterson@example.net,6,305,6,1830
738,2023-06-23 08:05:20.607237,Jennifer Henderson,ethan33@example.net,9,33,1,33
739,2023-06-09 14:18:31.708453,Dana Hill,michael77@example.org,20,351,6,2106
740,2023-06-19 17:15:16.787318,Daniel Hood,dustin70@example.org,3,438,3,1314
741,2023-06-20 12:47:30.790988,Ashley Diaz,garciamelissa@example.com,9,33,7,231
742,2023-06-08 05:14:57.202499,Rachel Walker,thomasperez@example.com,3,438,7,3066
743,2023-06-06 04:28:17.756888,Mr. John Stevens,gabrielle53@example.com,6,305,9,2745
744,2023-06-09 09:28:56.394163,Jesus Smith,richardparsons@example.com,4,409,1,409
745,2023-06-22 22:27:21.500358,Lisa Barrett,trichards@example.com,12,95,8,760
746,2023-06-05 22:50:30.135869,Selena Davis,patrick29@example.com,3,438,1,438
747,2023-06-26 02:31:30.883369,Michael Jordan,shanegutierrez@example.com,1,44,4,176
748,2023-06-08 06:27:56.018026,Jacob Williams,austin68@example.org,15,117,6,702
749,2023-06-07 22:55:59.342841,Yvonne Bond,ianbowman@example.com,14,445,4,1780
750,2023-06-17 13:48:30.476314,Sandy Burton,leonard76@example.net,8,272,8,2176
751,2023-06-23 00:19:10.635487,Mary Vaughn,larry51@example.net,11,33,5,165
752,2023-06-11 01:45:42.220642,Judy Coleman,parsonschristian@example.net,4,409,4,1636
753,2023-06-20 10:03:53.263616,Derek Lewis,jbriggs@example.com,3,438,1,438
754,2023-06-08 07:45:18.188794,Veronica Montes,omendez@example.net,8,272,2,544
755,2023-06-21 22:45:18.718862,Pamela Juarez,margaretferguson@example.org,18,73,6,438
756,2023-06-05 18:52:22.579545,Jonathan Kim,hendersonryan@example.com,1,44,3,132
757,2023-06-19 01:50:01.931425,Patricia Roth,richardhorn@example.com,17,123,1,123
758,2023-06-08 09:41:45.207192,Christina Campos,daisywilliams@example.com,12,95,1,95
759,2023-06-05 21:04:54.752755,Troy Wright,camachowilliam@example.com,1,44,7,308
760,2023-06-10 06:50:59.406716,Tiffany George,andrew48@example.com,5,398,1,398
761,2023-06-03 16:50:00.708950,Lindsay Wilson,joneskevin@example.com,19,411,3,1233
762,2023-06-01 21:29:35.173532,Alyssa Smith,sabrina83@example.net,8,272,3,816
763,2023-06-06 08:59:39.949431,Kurt Orr,snydernatalie@example.org,14,445,4,1780
764,2023-06-18 06:46:00.756330,Jason Wells,pcastro@example.net,12,95,8,760
765,2023-06-09 10:55:12.120789,Mrs. Heather Jones,emilyschmidt@example.net,2,326,5,1630
766,2023-06-01 22:12:02.013471,Julie Barron,gabrielledodson@example.net,3,438,7,3066
767,2023-06-14 09:12:39.614310,Willie Rogers,jonathanmorris@example.org,12,95,9,855
768,2023-06-14 06:34:10.576330,Mrs. Tiffany Quinn,deborahpadilla@example.org,10,447,4,1788
769,2023-06-08 15:08:50.536989,Jennifer Kelly,sara35@example.com,3,438,6,2628
770,2023-06-18 22:06:56.545531,Jennifer Proctor,tannerchambers@example.org,18,73,8,584
771,2023-06-15 19:34:32.626567,Emily Ball,andrew32@example.com,13,408,3,1224
772,2023-06-26 19:30:36.824370,Christopher Tran,taylorgary@example.com,8,272,6,1632
773,2023-06-23 07:05:02.206076,Kathleen Arellano,hunterlinda@example.org,16,466,1,466
774,2023-06-26 11:03:39.389427,James Moreno,phawkins@example.org,5,398,6,2388
