order_id,order_date,customer_name,customer_email,product_id,price,quantity,total
1,2023-11-15 14:23:02.572054,Mary Hayes,pamela29@example.org,3,438,1,438
2,2023-11-13 07:02:34.675118,Jermaine Holland,jjohnson@example.net,7,98,6,588
3,2023-11-04 03:13:12.259458,Matthew Murphy,pwalker@example.net,6,305,1,305
4,2023-11-11 01:54:25.388050,Kelly Rivera,rbest@example.net,13,408,1,408
5,2023-11-24 01:03:44.341087,Ralph Richardson,robertskelly@example.net,5,398,1,398
6,2023-11-29 07:44:55.771825,Teresa Garcia,robertpowers@example.com,3,438,1,438
7,2023-11-07 02:00:00.793835,Paul Valencia,andrew34@example.net,6,305,2,610
8,2023-11-21 18:31:40.053310,Shane Aguirre,zcervantes@example.org,10,447,9,4023
9,2023-11-08 02:25:25.787527,Veronica Thompson,coreywarren@example.net,1,44,3,132
10,2023-11-02 11:51:13.512300,Mark Lamb,smithlatasha@example.net,16,466,7,3262
11,2023-11-19 01:38:17.514608,Christian Griffith,danielrodriguez@example.org,12,95,1,95
12,2023-11-14 18:34:37.421143,Ryan Cole,mercadolinda@example.net,6,305,3,915
13,2023-11-01 04:17:39.536455,Jeffery Owens,christine25@example.org,16,466,8,3728
14,2023-11-27 13:31:23.866993,Logan Valentine,alexanderstevens@example.net,20,351,1,351
15,2023-11-16 20:26:32.036245,Lisa Schneider,erin94@example.net,8,272,5,1360
16,2023-11-21 13:44:45.569921,Katelyn Tyler,james67@example.com,17,123,2,246
17,2023-11-29 06:31:18.526880,Anthony Hodges,elizabethlee@example.com,14,445,5,2225
18,2023-11-24 14:01:53.743027,Dawn Padilla,christopherrollins@example.org,6,305,2,610
19,2023-11-10 05:11:58.659448,Angela Conley,qpatel@example.com,20,351,6,2106
20,2023-11-22 05:19:26.848452,Shane Lopez,jbaker@example.org,20,351,1,351
21,2023-11-23 09:10:36.653877,Jodi Guerra,nataliegomez@example.com,10,447,3,1341
22,2023-11-11 20:27:42.037196,Timothy Young,ninadyer@example.com,5,398,7,2786
23,2023-11-24 10:55:10.753462,Jamie Pearson,karamiller@example.net,20,351,1,351
24,2023-11-02 23:02:04.320517,Charles Best,icurry@example.net,6,305,7,2135
25,2023-11-27 01:15:03.025919,Peter Sanders,holly76@example.com,13,408,8,3264
26,2023-11-15 22:41:23.906990,Katie Sullivan,nicolegarrett@example.org,10,447,6,2682
27,2023-11-10 10:59:48.143682,Rebecca Bowen,vicki09@example.net,17,123,9,1107
28,2023-11-17 17:25:52.357102,Sean Brown,angelaward@example.org,10,447,8,3576
29,2023-11-14 22:13:20.888539,Samuel Huang,sue70@example.com,19,411,1,411
30,2023-11-17 20:03:00.600976,Robert White,patrickbutler@example.org,12,95,1,95
31,2023-11-03 09:15:27.314491,Whitney Schaefer,asimpson@example.com,2,326,5,1630
32,2023-11-24 06:06:36.980647,Jennifer Christian,williscory@example.com,4,409,9,3681
33,2023-11-09 01:34:40.946685,Andrew Griffin,morganmichael@example.com,6,305,2,610
34,2023-11-19 10:51:44.377535,David Johnson,egarcia@example.com,8,272,8,2176
35,2023-11-13 14:11:06.206628,Jorge Reed,michael01@example.net,12,95,2,190
36,2023-11-02 02:47:13.426082,Scott Smith,cooleykristina@example.com,16,466,9,4194
37,2023-11-06 12:55:25.871150,Micheal Marshall,danny54@example.net,20,351,2,702
38,2023-11-24 06:41:58.123064,Todd Taylor,teresasanders@example.net,8,272,8,2176
39,2023-11-18 16:04:05.864555,Ian Smith,garciamason@example.org,15,117,5,585
40,2023-11-16 16:53:10.850474,Benjamin Moore,daughertytiffany@example.net,20,351,9,3159
41,2023-11-18 01:29:44.536158,Elizabeth Lopez,steven21@example.net,7,98,3,294
42,2023-11-15 00:38:44.419941,Gina Simmons,davidstephens@example.net,17,123,8,984
43,2023-11-16 12:44:33.206977,Kristen Nguyen,mperry@example.com,8,272,4,1088
44,2023-11-19 03:54:54.618476,Michael Chapman,eric37@example.org,8,272,6,1632
45,2023-11-16 17:47:53.463781,Melissa Estrada,manningandrew@example.net,16,466,1,466
46,2023-11-28 05:10:25.754059,Donna Bowers,idavis@example.org,19,411,1,411
47,2023-11-23 08:53:32.595453,Gregory Peterson,mullenalexis@example.com,13,408,8,3264
48,2023-11-15 02:36:59.088629,Danny Rodriguez,taylorpatricia@example.net,3,438,5,2190
49,2023-11-28 17:00:09.569124,Jennifer Miller,ramirezchristopher@example.org,2,326,3,978
50,2023-11-18 18:31:13.697888,Karen Pugh,smithmichelle@example.com,19,411,6,2466
51,2023-11-02 10:40:53.319590,Rebecca Ramirez,sarahcastillo@example.org,1,44,3,132
52,2023-11-22 02:10:40.306880,Jason Miller,nunezkevin@example.org,14,445,9,4005
53,2023-11-27 00:35:37.158886,Melissa Hood,williamboyer@example.org,7,98,2,196
54,2023-11-18 14:14:22.791917,Frederick Valdez,prodriguez@example.org,13,408,5,2040
55,2023-11-29 14:52:28.218675,Gary Palmer,moorejackson@example.net,2,326,3,978
56,2023-11-23 04:09:01.748607,Greg Barrett MD,patricia58@example.com,1,44,1,44
57,2023-11-03 09:50:59.822497,Tracy White,nhall@example.net,9,33,3,99
58,2023-11-20 16:15:44.644739,Connie Martin,lisamorton@example.org,9,33,9,297
59,2023-11-08 22:02:25.459010,Erica Santiago,pittssergio@example.org,4,409,8,3272
60,2023-11-15 00:35:17.372802,Erin Luna,qmoon@example.net,17,123,8,984
61,2023-11-27 15:06:57.777463,Angelica Lindsey,nicholsjonathan@example.org,6,305,6,1830
62,2023-11-14 01:56:25.646079,Chad Gillespie,strongrachael@example.org,18,73,8,584
63,2023-11-18 21:34:14.559062,Mary Weber PhD,xmoran@example.org,10,447,3,1341
64,2023-11-01 00:52:12.355564,Angela Barton,dyeranthony@example.net,8,272,3,816
65,2023-11-24 00:45:15.366692,Elizabeth Phillips,gschmitt@example.com,19,411,5,2055
66,2023-11-22 00:09:29.961029,Robert Sloan,williamwashington@example.com,9,33,2,66
67,2023-11-24 20:28:56.798304,Kevin Wright,lopezjon@example.com,17,123,9,1107
68,2023-11-16 04:11:04.524847,Sheila Johnston,denisemurray@example.com,20,351,9,3159
69,2023-11-17 14:56:03.402961,Henry Rich,susan04@example.net,6,305,4,1220
70,2023-11-21 05:02:38.138230,Alexander Palmer,lisa71@example.org,10,447,8,3576
71,2023-11-04 12:48:22.034707,Justin Hernandez,epatton@example.com,10,447,5,2235
72,2023-11-05 09:51:12.083896,Lisa Anderson,thill@example.org,12,95,7,665
73,2023-11-17 20:53:43.649352,David Mitchell,thomasjames@example.com,14,445,5,2225
74,2023-11-02 20:10:17.782120,Kelli Gallagher,donnahunter@example.com,6,305,6,1830
75,2023-11-15 04:29:30.513556,Alexis Smith,matthew54@example.org,9,33,1,33
76,2023-11-02 10:00:17.116655,Eric Brown,mcgeedonald@example.net,7,98,8,784
77,2023-11-18 15:01:30.335068,Mark Henry,jwelch@example.net,11,33,5,165
78,2023-11-06 14:49:26.614569,Amanda Robinson,jonathanthompson@example.net,9,33,7,231
79,2023-11-29 06:31:12.611384,David Lawrence,kimberlyrichard@example.net,9,33,5,165
80,2023-11-26 22:01:09.824416,Alexander Davidson,smithmichael@example.net,16,466,9,4194
81,2023-11-27 19:35:57.730782,Derek Rivera,nicholasunderwood@example.com,5,398,1,398
82,2023-11-11 20:30:29.658620,Jacqueline Holland,jonathan36@example.net,5,398,4,1592
83,2023-11-24 11:11:16.254598,Jennifer Nelson,raymondwilliams@example.com,9,33,6,198
84,2023-11-09 06:02:59.212785,Susan Saunders,kimberly04@example.org,14,445,1,445
85,2023-11-14 11:18:13.410627,Julia Hill,crystal48@example.org,5,398,1,398
86,2023-11-12 16:51:34.960376,Kelly Sanders,walteralexandra@example.com,10,447,1,447
87,2023-11-08 15:56:29.745607,Sara Stanton,herbert89@example.net,2,326,5,1630
88,2023-11-06 05:17:55.125355,Valerie Barber,diana23@example.net,1,44,2,88
89,2023-11-01 10:36:44.085447,Craig Wilkerson,heather28@example.org,18,73,4,292
90,2023-11-03 04:31:46.387935,Xavier Mahoney,gabriellenorman@example.org,1,44,7,308
91,2023-11-02 06:16:20.108893,Randy Turner,andrewpaul@example.net,18,73,5,365
92,2023-11-14 08:15:57.678255,William Craig,sharpjoel@example.org,15,117,7,819
93,2023-11-15 04:59:28.407801,Hannah Bailey,rodriguezcarolyn@example.org,12,95,1,95
94,2023-11-13 23:38:45.631556,Aaron Anderson,joel80@example.net,16,466,5,2330
95,2023-11-19 06:09:44.210932,Thomas Baker,bradleymartin@example.net,17,123,2,246
96,2023-11-13 13:25:50.302375,Joseph Mathews PhD,heatherpena@example.org,3,438,6,2628
97,2023-11-14 09:19:01.224618,Jill Roth,ymartin@example.org,7,98,1,98
98,2023-11-19 17:45:49.709514,Brittany Harris,gprice@example.com,8,272,7,1904
99,2023-11-08 20:49:44.997165,Michelle Rivera,gabrielle88@example.com,6,305,2,610
100,2023-11-20 11:04:06.485533,Christopher Rodriguez,johnmills@example.org,11,33,3,99
101,2023-11-12 13:18:03.778998,Heidi Jones,tara06@example.org,17,123,2,246
102,2023-11-12 10:04:51.297718,Kevin Novak,scowan@example.com,8,272,7,1904
103,2023-11-04 06:02:33.090041,Mary Bowen,nichole04@example.com,14,445,4,1780
104,2023-11-25 13:19:36.376867,Sherry Lambert,kristencastro@example.net,3,438,6,2628
105,2023-11-23 11:48:59.439953,Jared Lawrence,margaretcombs@example.org,3,438,5,2190
106,2023-11-15 22:22:46.797467,Robin Villanueva,ashley31@example.com,6,305,3,915
107,2023-11-11 19:24:20.716932,Tonya Sawyer,danielreynolds@example.org,7,98,7,686
108,2023-11-29 02:20:43.933456,Justin Hill,fbright@example.net,17,123,4,492
109,2023-11-29 19:18:25.383053,Kimberly Barnes,matthewmurphy@example.com,4,409,8,3272
110,2023-11-04 05:42:34.987087,Katherine Nash,john51@example.com,20,351,9,3159
111,2023-11-02 12:33:09.083223,David Rose,david05@example.net,13,408,8,3264
112,2023-11-06 10:23:41.194877,Joshua Hernandez,beth32@example.net,11,33,3,99
113,2023-11-03 15:47:57.421392,Christopher Peters,knightjesse@example.com,17,123,6,738
114,2023-11-01 00:40:12.107130,Justin Rivers,williebailey@example.org,9,33,5,165
115,2023-11-10 17:25:26.376188,Danielle Olsen,hprice@example.net,15,117,9,1053
116,2023-11-15 13:57:42.876251,Michelle Turner,webbjeremy@example.net,6,305,3,915
117,2023-11-29 23:04:57.547964,James Duffy,john68@example.org,18,73,1,73
118,2023-11-06 02:21:52.754499,Lauren Green,samantha42@example.com,15,117,7,819
119,2023-11-06 21:01:16.389942,Amy Glenn,jenniferschmidt@example.net,19,411,9,3699
120,2023-11-09 02:32:09.568479,Melody Ellis,kharrington@example.org,18,73,7,511
121,2023-11-06 01:22:56.714934,Adam Mayer,alyssawright@example.org,20,351,3,1053
122,2023-11-07 21:41:15.833641,Mrs. Kim Frazier,wolfelawrence@example.org,19,411,1,411
123,2023-11-10 13:18:21.230202,Tracy Armstrong,royferrell@example.com,16,466,2,932
124,2023-11-14 18:23:25.745366,Robert Gonzalez,pricematthew@example.com,4,409,7,2863
125,2023-11-05 10:15:49.471640,Holly Bennett,scook@example.net,15,117,3,351
126,2023-11-14 15:57:21.129659,Kyle Hernandez,fsanders@example.org,3,438,6,2628
127,2023-11-09 17:08:16.580079,Joshua Davis,carl56@example.net,6,305,3,915
128,2023-11-09 05:56:35.324504,Kendra Kennedy,frances01@example.org,12,95,7,665
129,2023-11-05 14:38:44.422743,Mary Walters,nicholascompton@example.net,6,305,5,1525
130,2023-11-26 08:00:51.077442,James Hawkins,roachhannah@example.com,13,408,9,3672
131,2023-11-05 02:19:03.753159,Scott Jennings,erik11@example.com,18,73,9,657
132,2023-11-14 11:40:25.668167,Paula Thompson,melissagomez@example.com,3,438,8,3504
133,2023-11-06 23:17:25.538379,Wesley Walton,collinslance@example.net,9,33,7,231
134,2023-11-24 04:25:19.133275,Samuel Cohen,samuel06@example.net,5,398,4,1592
135,2023-11-01 07:13:04.359768,David Miller,kara19@example.net,15,117,6,702
136,2023-11-29 06:40:36.879101,Katherine Smith,tyrone19@example.net,16,466,2,932
137,2023-11-24 12:04:25.265670,Joshua Stewart,timothy68@example.com,11,33,4,132
138,2023-11-03 04:10:00.556438,Michelle Ortiz,cory09@example.com,14,445,3,1335
139,2023-11-13 22:04:09.200934,Kaylee Kramer,shawlaura@example.org,18,73,1,73
140,2023-11-21 09:45:29.920374,Daniel Kim,roblesadam@example.org,13,408,2,816
141,2023-11-08 19:11:26.500042,Corey Best,barneskelly@example.net,11,33,8,264
142,2023-11-24 16:10:29.355151,Keith Smith,gomezstephanie@example.net,1,44,5,220
143,2023-11-01 21:30:23.960329,Richard Peterson,yangjohn@example.net,9,33,1,33
144,2023-11-07 01:19:54.143536,Shawn Wilson,hawkinstracy@example.org,14,445,5,2225
145,2023-11-01 08:23:16.024018,Jason Myers,mckenzieeric@example.com,4,409,5,2045
146,2023-11-01 12:54:54.188318,Mr. Stephen Miller DVM,reneecollier@example.org,12,95,2,190
147,2023-11-15 07:11:45.013475,Matthew Pitts,phillipsmindy@example.com,14,445,8,3560
148,2023-11-24 13:54:57.768476,Judith Nelson,james65@example.com,3,438,5,2190
149,2023-11-05 21:26:25.089327,John Lucas,muellerpatricia@example.com,12,95,8,760
150,2023-11-22 07:47:27.145147,Kayla Ramirez,randallgreen@example.org,13,408,1,408
151,2023-11-14 17:05:03.423201,Martin Cooley,nfletcher@example.org,9,33,7,231
152,2023-11-09 06:29:23.616405,Valerie Brennan,ewade@example.net,18,73,7,511
153,2023-11-28 19:51:40.899453,Sarah Martinez,ereynolds@example.org,3,438,3,1314
154,2023-11-14 13:47:42.719676,Tiffany Johnson,copelandjohn@example.org,12,95,4,380
155,2023-11-08 03:46:43.345726,Daniel Campbell,ssoto@example.com,15,117,2,234
156,2023-11-18 04:17:56.071342,Jennifer Kent,crystal40@example.net,15,117,9,1053
157,2023-11-03 04:10:00.588448,Elizabeth Evans,jenniferjones@example.org,1,44,8,352
158,2023-11-06 13:54:57.846448,Christopher Martin,nielsendaniel@example.org,16,466,2,932
159,2023-11-13 03:09:54.673354,Edward Hess,amanda09@example.org,9,33,3,99
160,2023-11-16 15:20:43.214229,Jessica Moore,danielrobin@example.org,18,73,3,219
161,2023-11-17 10:46:52.610350,Jacob Hartman,gonzalezalexandra@example.net,2,326,9,2934
162,2023-11-12 14:21:45.561295,Laura Schroeder,ylloyd@example.com,19,411,8,3288
163,2023-11-29 22:39:31.963439,Christopher Frank,jessewilson@example.com,17,123,7,861
164,2023-11-18 15:26:58.513613,Timothy Smith,chad22@example.net,18,73,6,438
165,2023-11-16 08:30:01.830798,Sandra Young,stonedavid@example.org,7,98,1,98
166,2023-11-02 21:23:52.212991,Elizabeth Chen,williamslauren@example.com,2,326,9,2934
167,2023-11-20 10:26:56.313988,Eric Rodriguez,barrettdeanna@example.com,2,326,1,326
168,2023-11-26 17:25:59.044002,Stephen Henderson,marywang@example.com,11,33,2,66
169,2023-11-11 01:26:19.101864,Helen Silva,delgadoemily@example.net,8,272,6,1632
170,2023-11-16 07:00:04.153040,Kristen Hamilton,shannon70@example.org,11,33,6,198
171,2023-11-02 04:20:47.180235,Andrew Edwards,salazarwilliam@example.net,4,409,2,818
172,2023-11-05 03:05:47.153528,Joseph Jimenez,david24@example.org,5,398,9,3582
173,2023-11-23 22:25:34.033127,Jacqueline Nelson,maryrivera@example.net,9,33,2,66
174,2023-11-27 00:54:36.842817,Jessica Jones,larnold@example.org,20,351,9,3159
175,2023-11-22 05:28:26.466141,Amanda Stone,medinamaria@example.net,20,351,1,351
176,2023-11-22 09:32:28.176863,Eric Riley,sarah32@example.net,9,33,3,99
177,2023-11-11 13:03:20.691144,David Walsh,flowersaaron@example.net,1,44,4,176
178,2023-11-08 08:38:27.003561,Taylor Lee,sharon64@example.org,14,445,5,2225
179,2023-11-06 18:50:25.662143,Michelle Rojas,jonesbarbara@example.net,4,409,8,3272
180,2023-11-04 02:24:35.242572,Kelsey Lawrence,mccormicktony@example.com,1,44,4,176
181,2023-11-11 09:35:05.159160,Robert Bishop,alexander14@example.net,11,33,8,264
182,2023-11-09 13:32:16.555704,Ashley Bishop,nicholas75@example.net,9,33,6,198
183,2023-11-11 15:20:33.752674,Aaron Kane,laneamanda@example.com,8,272,5,1360
184,2023-11-10 18:48:13.863978,Amy Lane DDS,eturner@example.org,19,411,6,2466
185,2023-11-14 00:33:44.555035,Adam Bailey,kathleen68@example.com,1,44,1,44
186,2023-11-09 07:11:16.639186,Mary Cantrell,robertstrickland@example.com,6,305,7,2135
187,2023-11-08 14:06:28.824171,Summer Bishop,karenreynolds@example.org,4,409,5,2045
188,2023-11-11 10:46:23.474037,Lori Thornton,gcross@example.org,19,411,7,2877
189,2023-11-20 14:05:53.989452,Mary Andrews,jason16@example.com,13,408,6,2448
190,2023-11-05 21:15:18.178505,Angela Johnson,henry79@example.net,15,117,6,702
191,2023-11-01 16:19:26.225213,Angela Hays,wrightjoshua@example.net,7,98,7,686
192,2023-11-17 05:27:25.374692,Casey Mcdonald,efranco@example.com,8,272,3,816
193,2023-11-02 22:17:03.414714,Jose Flores,ethomas@example.org,3,438,1,438
194,2023-11-11 09:28:12.871006,Robin Hernandez,nancycisneros@example.org,17,123,5,615
195,2023-11-26 17:30:14.422605,Clayton Oneal,qgoodman@example.net,13,408,7,2856
196,2023-11-04 05:50:39.608801,Steven Gomez,hallpatrick@example.org,12,95,8,760
197,2023-11-10 12:24:11.857594,Steven Watts,gary08@example.com,15,117,7,819
198,2023-11-05 10:51:23.023402,Tiffany Myers,rmorrison@example.net,8,272,3,816
199,2023-11-09 03:03:27.376181,Patricia Miller,egomez@example.org,12,95,1,95
200,2023-11-14 10:47:25.857221,Dale Morales,zwoods@example.net,15,117,6,702
201,2023-11-24 03:52:32.264641,Lisa Nelson,melissa21@example.org,13,408,9,3672
202,2023-11-20 17:15:42.223777,Tanya Green MD,hmccarty@example.com,5,398,7,2786
203,2023-11-06 09:20:41.990958,Christine Hicks,steven06@example.com,9,33,9,297
204,2023-11-26 09:25:53.428198,Linda Sherman,ramirezchristopher@example.org,8,272,2,544
205,2023-11-26 18:39:21.005270,Alexandra Grant,stephentaylor@example.net,14,445,6,2670
206,2023-11-16 05:03:32.823114,Austin Kelley,sergiohicks@example.com,14,445,2,890
207,2023-11-15 06:36:16.750624,Thomas Hartman,pbrown@example.net,18,73,2,146
208,2023-11-13 00:44:04.526264,Ashley Hanson,nathan16@example.com,13,408,6,2448
209,2023-11-08 15:41:28.943413,Carlos Johnson,vanessa66@example.net,12,95,8,760
210,2023-11-01 13:44:22.318675,Daniel Jimenez,bergmichele@example.org,19,411,3,1233
211,2023-11-15 16:59:51.272545,Jerry Green,janicecarter@example.org,20,351,1,351
212,2023-11-27 22:02:10.932605,Sarah House,millsanthony@example.net,14,445,9,4005
213,2023-11-16 08:31:59.216982,Dr. Debra Singleton MD,osalazar@example.net,9,33,3,99
214,2023-11-02 03:38:31.610739,Cole Contreras,emily99@example.org,15,117,1,117
215,2023-11-17 05:14:58.161213,Allison Hodges,jonesdaniel@example.org,17,123,7,861
216,2023-11-12 13:21:29.898240,Brian Ward,mfisher@example.com,18,73,6,438
217,2023-11-18 19:24:08.920484,Morgan Cox,smithnicole@example.net,17,123,1,123
218,2023-11-17 05:17:42.654757,Marcus Merritt,montoyaariel@example.org,11,33,1,33
219,2023-11-15 06:19:13.240707,Joseph Pratt,eric79@example.com,7,98,3,294
220,2023-11-14 14:05:03.683464,Phillip Clayton,grace14@example.com,18,73,7,511
221,2023-11-21 22:29:51.513258,Jeffrey Washington,robert29@example.com,3,438,2,876
222,2023-11-08 12:29:20.339738,Todd Kelly MD,carriediaz@example.com,6,305,6,1830
223,2023-11-17 23:24:04.481754,Jon Schaefer,dfrancis@example.com,5,398,6,2388
224,2023-11-19 18:18:03.477577,Christopher Campbell,ronaldjohnson@example.com,15,117,5,585
225,2023-11-22 19:47:02.197335,Daniel Koch,fritzchristopher@example.net,3,438,5,2190
226,2023-11-28 03:32:26.133018,Margaret Romero,marissa78@example.com,20,351,1,351
227,2023-11-16 19:26:37.807246,Lawrence Rodriguez,jenniferbeard@example.net,11,33,4,132
228,2023-11-17 05:50:11.545979,Juan Mason,lvalenzuela@example.net,2,326,8,2608
229,2023-11-11 17:50:00.044803,Jenna Romero,wgonzales@example.com,2,326,2,652
230,2023-11-22 22:31:34.443561,Carl Booker,hwilliamson@example.org,9,33,5,165
231,2023-11-16 06:31:59.543949,George Patel,hramsey@example.com,6,305,5,1525
232,2023-11-15 20:27:22.338050,Maria Rios,clarkdaniel@example.com,10,447,1,447
233,2023-11-18 17:12:40.342053,Lisa Conway,shieldsdustin@example.com,17,123,2,246
234,2023-11-12 21:48:05.484655,Kimberly Russell,omelendez@example.net,16,466,4,1864
235,2023-11-27 01:32:19.913623,Tanya Pearson,harrymcdonald@example.org,8,272,9,2448
236,2023-11-27 17:27:46.026260,Whitney Matthews DVM,patriciaroberts@example.com,13,408,6,2448
237,2023-11-28 10:45:08.702277,Sarah Rhodes,charlottemeyer@example.org,11,33,7,231
238,2023-11-27 16:20:46.812312,Michelle Rivas,abeard@example.net,17,123,5,615
239,2023-11-03 07:57:04.117485,Kathleen Anderson,burkemichelle@example.com,8,272,6,1632
240,2023-11-15 16:53:33.437304,Roberto Blevins,kristin76@example.org,13,408,4,1632
241,2023-11-01 07:25:22.131066,Heather Pittman,james79@example.com,10,447,9,4023
242,2023-11-16 23:54:07.775146,Nicholas Harris,steven04@example.org,13,408,9,3672
243,2023-11-12 10:57:33.721792,Deborah Owens,amy44@example.net,16,466,7,3262
244,2023-11-28 02:03:07.135446,Aaron Todd,lpoole@example.com,1,44,3,132
245,2023-11-21 18:42:44.004518,Dr. Kenneth Baker,lisa28@example.org,19,411,5,2055
246,2023-11-24 05:34:43.824434,Jesus Rodriguez,acarter@example.org,17,123,2,246
247,2023-11-08 19:14:58.757342,David Landry,angela46@example.com,18,73,6,438
248,2023-11-27 01:11:11.266718,Susan Saunders,sarah46@example.org,2,326,6,1956
249,2023-11-15 20:25:40.677853,Philip Walters,galvanjesse@example.com,8,272,4,1088
250,2023-11-16 14:04:48.846182,Denise Wolfe,ballardnicole@example.org,15,117,5,585
251,2023-11-13 18:37:19.677379,Mr. Nicholas Nichols,vroberson@example.org,5,398,1,398
252,2023-11-25 14:20:09.002494,Jennifer Stout,ikemp@example.org,16,466,2,932
253,2023-11-08 14:50:42.431376,Christine Bell DDS,brendawhite@example.org,14,445,9,4005
254,2023-11-03 01:52:52.544568,Laura Ware,amandaarmstrong@example.com,7,98,5,490
255,2023-11-21 12:46:39.498816,Sarah English,heather88@example.com,4,409,5,2045
256,2023-11-12 15:37:17.600252,Melissa Hampton,richardwright@example.com,14,445,7,3115
257,2023-11-17 13:04:42.498685,Adam Garcia,zimmermanchristopher@example.net,9,33,2,66
258,2023-11-05 08:25:38.101173,Angela Harris,jacob46@example.net,9,33,8,264
259,2023-11-13 19:25:37.112261,David Moran,selena44@example.net,7,98,5,490
260,2023-11-09 04:53:04.811935,Joshua Jackson,henry64@example.org,16,466,8,3728
261,2023-11-04 08:22:51.049907,Stanley Banks,peter58@example.com,19,411,7,2877
262,2023-11-12 16:07:08.085619,Roy Bean,gouldjared@example.org,2,326,7,2282
263,2023-11-04 22:48:56.227845,Joseph Phillips,ivasquez@example.net,7,98,8,784
264,2023-11-24 10:52:36.238973,Mario Diaz,pmurillo@example.com,9,33,4,132
265,2023-11-03 20:53:54.473879,Tony Cobb DDS,natashaalvarado@example.org,19,411,6,2466
266,2023-11-11 17:25:44.067979,Alexis Camacho,tiffany28@example.net,1,44,1,44
267,2023-11-16 17:44:10.203290,Brittany Osborne,annagilmore@example.org,1,44,1,44
268,2023-11-01 00:19:16.734314,Mr. Joseph Aguilar,rebecca17@example.com,20,351,5,1755
269,2023-11-25 10:41:34.232682,Sabrina Harris,kellyrichards@example.com,14,445,9,4005
270,2023-11-12 02:11:51.659514,Justin Smith,cjohnson@example.com,1,44,4,176
271,2023-11-08 00:44:09.993651,Curtis Graham,emilymullins@example.com,18,73,3,219
272,2023-11-05 12:59:12.907910,Lisa Franklin,wendybarrett@example.org,1,44,3,132
273,2023-11-03 04:27:38.135884,Richard Taylor,lewisshaun@example.net,8,272,6,1632
274,2023-11-25 08:19:42.717256,Dr. Michael Haney,nhayes@example.net,13,408,7,2856
275,2023-11-29 21:49:44.750886,Mr. Daniel Trujillo MD,wandacolon@example.net,12,95,3,285
276,2023-11-01 09:43:25.068074,Ricardo Arnold,michael28@example.net,14,445,3,1335
277,2023-11-12 21:34:03.453175,Spencer Williams,buckmelissa@example.org,12,95,4,380
278,2023-11-12 06:52:34.910613,Clifford Henderson,qanderson@example.net,9,33,3,99
279,2023-11-11 07:16:29.633073,Renee Richards,rjones@example.org,5,398,4,1592
280,2023-11-27 08:46:22.517541,Jeffrey Kelly,rachelmiller@example.com,9,33,2,66
281,2023-11-20 13:05:12.612946,Jeffrey Watkins,foxjacob@example.org,15,117,4,468
282,2023-11-18 00:12:15.765668,Patricia Roberts,brianwhite@example.net,9,33,1,33
283,2023-11-14 02:30:55.506094,Christian Anderson,watsoncheryl@example.com,7,98,1,98
284,2023-11-23 13:38:48.689871,Rose Swanson,jennifer45@example.net,6,305,1,305
285,2023-11-08 17:54:59.603405,Brandon Allen,brendahouston@example.org,13,408,7,2856
286,2023-11-06 03:00:25.697838,Christina Moore,rachellowe@example.net,5,398,8,3184
287,2023-11-18 10:00:40.021344,Jessica Bray,johnlong@example.com,4,409,6,2454
288,2023-11-12 20:25:57.503923,Ryan Sanchez,sean72@example.com,4,409,7,2863
289,2023-11-03 12:02:29.070308,Amy Duke,greenheather@example.org,10,447,6,2682
290,2023-11-19 00:04:39.923955,Sandra Haynes,ysparks@example.com,2,326,2,652
291,2023-11-29 12:27:45.400143,Angela Chan,nortiz@example.net,3,438,2,876
292,2023-11-24 07:22:12.410732,David Kline,xwolfe@example.net,3,438,8,3504
293,2023-11-12 09:56:22.401798,Monica Payne,scott57@example.org,7,98,9,882
294,2023-11-01 14:07:29.487220,Michael Mueller,qflores@example.com,20,351,6,2106
295,2023-11-28 16:53:33.649863,Natalie Sellers,kaitlynrangel@example.net,19,411,8,3288
296,2023-11-04 18:32:51.278462,Julie Hunter,mcmillanisaiah@example.net,9,33,9,297
297,2023-11-13 04:11:55.126199,Samantha Morse,tanya55@example.org,17,123,8,984
298,2023-11-02 03:24:30.699242,Jason Weaver,jill62@example.net,15,117,1,117
299,2023-11-15 15:42:15.344801,Laura Golden,sanchezadrian@example.com,13,408,5,2040
300,2023-11-04 17:17:21.923251,Patrick Pena,bwilkinson@example.net,9,33,4,132
301,2023-11-28 14:27:02.894334,Thomas Baldwin,zacharymcmillan@example.com,6,305,8,2440
302,2023-11-12 15:14:48.853018,Chase Jackson,victoriabecker@example.com,10,447,8,3576
303,2023-11-16 11:01:12.961932,David Peck,craigallison@example.org,19,411,5,2055
304,2023-11-12 03:41:55.614219,Brooke Wilson,jorge85@example.org,15,117,5,585
305,2023-11-22 02:07:15.296301,Maria Gonzalez,dmayer@example.org,9,33,1,33
306,2023-11-16 02:41:59.120064,Samuel Bond,hobbsmichael@example.com,3,438,9,3942
307,2023-11-13 18:22:09.352559,Tommy Sherman,ttaylor@example.com,19,411,7,2877
308,2023-11-26 02:57:51.257023,Brandon Edwards,nielsenmary@example.org,7,98,5,490
309,2023-11-24 18:33:41.245183,Anna Parker,nathanbarber@example.org,16,466,7,3262
310,2023-11-18 00:51:19.021371,Justin Riley,bowencarlos@example.org,5,398,9,3582
311,2023-11-23 01:16:21.639171,Lisa Deleon,cowanbrent@example.org,14,445,8,3560
312,2023-11-20 12:07:20.244993,Patricia Torres,lovetim@example.com,8,272,1,272
313,2023-11-08 04:49:31.701666,Heidi Patterson,olivernicole@example.net,5,398,8,3184
314,2023-11-24 05:08:20.716422,Tina Barnes,jamescurry@example.com,6,305,7,2135
315,2023-11-08 22:50:42.109344,Eddie Wagner,markskelsey@example.com,4,409,4,1636
316,2023-11-27 00:51:05.389894,Donna Hunter,moranjacqueline@example.com,2,326,4,1304
317,2023-11-21 05:29:38.082021,Shari Duffy,xwalker@example.net,6,305,3,915
318,2023-11-18 11:03:18.094051,Shawn Hernandez,dwilson@example.org,18,73,2,146
319,2023-11-29 21:56:29.599461,Nancy Adams,sanchezrebecca@example.net,19,411,8,3288
320,2023-11-12 03:20:30.818940,Kaitlin Schroeder,wadekristin@example.org,16,466,5,2330
321,2023-11-28 06:01:05.407799,Philip Mcclure,philip16@example.net,8,272,3,816
322,2023-11-22 00:29:07.426590,Kimberly Soto,jesuswilliams@example.net,4,409,2,818
323,2023-11-08 18:44:32.003429,Roberto Gibson,tamara61@example.org,7,98,2,196
324,2023-11-26 07:00:24.253237,Caitlin Nguyen,fboyd@example.org,12,95,9,855
325,2023-11-04 07:45:47.212558,Kristy Marshall,davidsanchez@example.com,2,326,5,1630
326,2023-11-20 17:06:49.742582,Anthony Dominguez,reevesjared@example.org,17,123,7,861
327,2023-11-13 17:57:52.588171,Scott Dixon,wharris@example.net,13,408,9,3672
328,2023-11-02 01:46:25.040850,Ronald Richardson,jon79@example.com,6,305,7,2135
329,2023-11-22 23:24:03.076242,Audrey Jones,martinjoe@example.org,1,44,7,308
330,2023-11-02 18:46:49.328246,Yolanda Holland,michael40@example.com,1,44,6,264
331,2023-11-20 20:21:55.069073,James Bond,penny61@example.org,6,305,9,2745
332,2023-11-18 13:51:19.245299,Jeffrey Marks,robertorozco@example.org,6,305,6,1830
333,2023-11-21 10:27:11.835373,Amy Collins,julie05@example.net,7,98,1,98
334,2023-11-22 13:28:18.909169,Nicolas Cook,dfriedman@example.net,9,33,7,231
335,2023-11-25 02:50:20.660563,Emily Hayes,rogersmichael@example.org,11,33,5,165
336,2023-11-07 03:36:23.628339,Abigail Mcguire,butlerkim@example.org,12,95,5,475
337,2023-11-13 17:00:05.961185,Madeline Zimmerman,jonesmegan@example.net,16,466,7,3262
338,2023-11-21 07:51:39.963370,Christina Adams,ryan77@example.net,3,438,8,3504
339,2023-11-07 15:14:01.047029,Andrew Powell,sarahkennedy@example.net,13,408,6,2448
340,2023-11-06 14:27:32.857558,Megan Wiley,donald16@example.org,3,438,3,1314
341,2023-11-27 10:18:30.808245,John Miller,thomaskelley@example.com,6,305,6,1830
342,2023-11-29 20:17:25.152661,Tiffany Meyers,heather57@example.net,6,305,2,610
343,2023-11-09 16:46:13.289351,Crystal Anderson,thomas73@example.net,13,408,5,2040
344,2023-11-11 22:28:08.699642,Charles Alexander,natashamoore@example.net,7,98,3,294
345,2023-11-13 22:06:07.484330,Dalton Jones,salazarkimberly@example.com,11,33,6,198
346,2023-11-09 14:58:12.468183,Anna Burns,jeanette16@example.com,7,98,9,882
347,2023-11-20 23:38:41.355247,Sandra Garcia,williamsdanielle@example.org,8,272,8,2176
348,2023-11-01 17:51:09.409594,Mary Pratt,charles36@example.org,5,398,5,1990
349,2023-11-23 00:11:18.627007,Jacob Fernandez,myersallen@example.org,19,411,8,3288
350,2023-11-28 00:36:29.743557,Zachary Pope,tanya97@example.net,19,411,2,822
351,2023-11-12 17:45:37.132935,Thomas Love,hendrixvictoria@example.com,17,123,3,369
352,2023-11-18 01:57:28.751557,Warren Morris,mcook@example.com,10,447,5,2235
353,2023-11-03 17:22:14.475117,Kimberly Gordon,cherylmaxwell@example.net,12,95,8,760
354,2023-11-29 06:30:31.160723,Herbert Sims,charles21@example.com,19,411,6,2466
355,2023-11-12 04:05:30.479671,Michael Daniels,joshua07@example.com,15,117,2,234
356,2023-11-03 19:01:27.603072,Michael Henderson,aflowers@example.org,19,411,5,2055
357,2023-11-05 03:03:47.458855,Kristy Berger,uhodges@example.net,1,44,3,132
358,2023-11-23 00:14:49.574123,Melissa Fuentes,ufisher@example.net,3,438,3,1314
359,2023-11-01 18:16:35.595714,Alicia Davis,ghernandez@example.com,5,398,6,2388
360,2023-11-26 04:38:29.714017,Sarah Fuller,johnsonnancy@example.net,17,123,5,615
361,2023-11-14 09:07:30.326757,Norman Thomas,davisdanielle@example.org,4,409,5,2045
362,2023-11-01 01:29:51.630761,Brenda Price,gpham@example.net,8,272,4,1088
363,2023-11-22 08:50:14.253535,Ethan Mckenzie,andrew97@example.org,17,123,6,738
364,2023-11-13 03:24:14.081056,Autumn Caldwell,valenciamichael@example.com,10,447,3,1341
365,2023-11-10 17:55:59.608987,Rebecca Ramirez DVM,brennanmichael@example.com,7,98,6,588
366,2023-11-18 12:03:59.737791,Amanda Nguyen,jessicabird@example.org,11,33,6,198
367,2023-11-26 04:50:03.512610,Brian Park,schroederadam@example.org,9,33,4,132
368,2023-11-10 00:19:32.088335,Scott Evans,hvilla@example.org,18,73,4,292
369,2023-11-18 10:12:20.711427,Lucas Johnson,kathryn47@example.org,12,95,2,190
370,2023-11-06 11:34:31.201454,Kelly Johnson,richardhubbard@example.com,12,95,1,95
371,2023-11-26 00:01:11.054419,Lisa Yu,bryan85@example.com,7,98,2,196
372,2023-11-04 16:20:21.720294,Benjamin Esparza,brandon51@example.net,8,272,7,1904
373,2023-11-03 22:17:05.413393,Jenny Perry,srodriguez@example.net,7,98,2,196
374,2023-11-03 22:17:04.114539,Eric Wyatt,chase46@example.com,2,326,8,2608
375,2023-11-28 08:03:20.236852,Michael Ellis,anthony03@example.com,18,73,8,584
376,2023-11-10 16:58:10.318050,Robert Green,bcarpenter@example.net,11,33,4,132
377,2023-11-23 21:55:17.897861,Lori Herrera,carterjoseph@example.net,12,95,8,760
378,2023-11-22 05:16:26.699785,Monica Ortiz,katherinewright@example.org,13,408,2,816
379,2023-11-06 15:04:00.582987,Beth Alvarado,melanie42@example.com,4,409,8,3272
380,2023-11-29 05:28:42.561995,Karen Jones,jasonwhite@example.com,6,305,9,2745
381,2023-11-27 05:46:33.093967,April Johnston,hespinoza@example.com,20,351,3,1053
382,2023-11-29 09:45:01.657719,Christina Glover,cookryan@example.net,10,447,6,2682
383,2023-11-09 18:55:14.829972,Andrea Williams,stevensongregory@example.com,16,466,1,466
384,2023-11-25 22:07:40.741395,Kristin Williamson,michaelmartinez@example.net,15,117,7,819
385,2023-11-17 12:48:55.279629,Mark Cooper,ashley63@example.com,7,98,2,196
386,2023-11-06 06:12:51.211924,Mr. John Johnson,richardschelsea@example.org,6,305,9,2745
387,2023-11-28 10:23:27.200030,William Moore,jillcampbell@example.org,15,117,4,468
388,2023-11-14 18:19:32.057327,Jessica Harrison,sarah69@example.net,5,398,4,1592
389,2023-11-28 19:30:41.291749,Leah Walker,mariabrown@example.com,19,411,7,2877
390,2023-11-27 08:09:50.848232,Anne Jensen,adamsfelicia@example.org,2,326,9,2934
391,2023-11-05 08:06:35.522875,Brent Bradley,jamie89@example.com,3,438,9,3942
392,2023-11-02 06:19:32.115093,Christopher Carrillo,tylerjeffrey@example.net,5,398,7,2786
393,2023-11-03 01:00:39.208229,Charles Griffin,keith69@example.com,6,305,7,2135
394,2023-11-15 08:12:03.773883,Jennifer Lewis,xjohnson@example.org,9,33,3,99
395,2023-11-10 20:57:41.000742,Kelly Sanders,rgonzalez@example.net,14,445,8,3560
396,2023-11-23 23:53:31.110936,Stephen Reyes,heather15@example.net,11,33,6,198
397,2023-11-11 20:23:57.658884,Douglas Juarez,fadkins@example.com,3,438,9,3942
398,2023-11-02 06:46:35.444244,John Martinez,randall59@example.org,11,33,5,165
399,2023-11-04 16:02:53.179456,John Harding MD,anthony35@example.org,2,326,6,1956
400,2023-11-12 13:20:25.846398,Claudia Roman,bradfry@example.net,14,445,5,2225
401,2023-11-29 06:41:33.617954,Nicholas Douglas,ataylor@example.net,8,272,7,1904
402,2023-11-08 12:08:11.437368,Debbie Russell,ggordon@example.org,16,466,4,1864
403,2023-11-19 17:38:31.351060,Isaac Cooley,zjohnson@example.net,15,117,1,117
404,2023-11-04 20:51:31.121603,Nicholas Gregory,kochjacob@example.org,9,33,4,132
405,2023-11-15 15:33:34.554640,Kendra Fox,oortega@example.org,6,305,9,2745
406,2023-11-19 23:08:54.674104,Michele Brown,isimmons@example.net,15,117,8,936
407,2023-11-20 21:26:49.949271,Ashley Reid,washingtonkathleen@example.net,1,44,7,308
408,2023-11-13 02:55:57.495288,Elizabeth Myers,dunnmichael@example.com,20,351,9,3159
409,2023-11-12 20:50:11.737390,Mr. Charles Barron,hallsean@example.org,10,447,3,1341
410,2023-11-13 15:33:09.662302,Kathryn Chandler,cadams@example.com,8,272,7,1904
411,2023-11-07 15:32:26.029549,Tiffany Kent,sheilabarton@example.com,8,272,3,816
412,2023-11-22 13:54:19.783411,Steven Medina,usnyder@example.com,17,123,5,615
413,2023-11-25 04:47:56.073395,Amanda Baker,rvalentine@example.org,7,98,9,882
414,2023-11-27 18:55:02.465264,Jessica Farmer,velasquezphilip@example.com,18,73,2,146
415,2023-11-21 23:08:48.358665,Veronica Bishop,rcallahan@example.com,20,351,1,351
416,2023-11-08 01:53:29.393884,Kelly Brown,wshaffer@example.org,5,398,6,2388
417,2023-11-17 03:20:30.242038,Edward Allen,umyers@example.net,15,117,5,585
418,2023-11-01 01:41:19.480911,Audrey Grant,dprice@example.net,5,398,3,1194
419,2023-11-24 15:51:10.034804,Kathy Harris,youngderek@example.com,19,411,2,822
420,2023-11-04 15:30:12.538409,William Hart,cassandra52@example.com,5,398,5,1990
421,2023-11-03 08:30:03.508068,Jennifer Jones,wayne25@example.org,7,98,3,294
422,2023-11-09 21:37:20.591722,Kristy Brown,hugheskathleen@example.com,18,73,1,73
423,2023-11-22 10:41:32.488502,Kim Stanley,paula61@example.net,1,44,7,308
424,2023-11-09 03:15:39.389924,Brittany Kidd,hawkinsbrian@example.net,2,326,2,652
425,2023-11-25 21:12:50.889162,Victoria Clements,julianweaver@example.com,14,445,6,2670
426,2023-11-21 00:52:55.586744,Jeffrey Richardson,debbie03@example.net,4,409,5,2045
427,2023-11-10 03:47:30.461342,Denise Dickerson,douglas59@example.com,2,326,1,326
428,2023-11-21 12:48:47.418624,Rebecca Khan,jeremymartinez@example.com,1,44,1,44
429,2023-11-22 20:40:03.048540,Christopher Strickland,bmartinez@example.com,11,33,5,165
430,2023-11-15 01:19:37.495284,Tanya Carter,valeriehiggins@example.net,19,411,8,3288
431,2023-11-22 20:18:28.844299,Claire Mccarty,kathrynparker@example.com,14,445,1,445
432,2023-11-29 08:17:43.096019,Traci Crawford,lori67@example.org,14,445,7,3115
433,2023-11-11 13:52:20.790025,John Villa,pcoleman@example.org,8,272,1,272
434,2023-11-08 12:06:35.701551,Grace Chavez,bennettchristopher@example.com,11,33,8,264
435,2023-11-10 00:29:39.451618,Darlene Jimenez,qmcguire@example.com,6,305,3,915
436,2023-11-08 00:21:15.995360,William Davis,dawn91@example.net,2,326,1,326
437,2023-11-08 00:08:47.254996,Kristin Reyes,christopher31@example.org,8,272,4,1088
438,2023-11-08 21:21:29.807099,Elizabeth Compton,karen79@example.com,19,411,2,822
439,2023-11-04 14:41:00.048919,Lindsey Wells,pageamy@example.com,7,98,4,392
440,2023-11-08 09:26:16.421975,Caleb Chandler,bgonzales@example.org,20,351,5,1755
441,2023-11-10 10:14:14.898717,Kristen Moore,davisjacob@example.com,11,33,1,33
442,2023-11-11 10:23:43.028267,Tina Carr,richard44@example.net,12,95,1,95
443,2023-11-13 09:48:02.054341,Jason Cherry,jennifer09@example.net,13,408,5,2040
444,2023-11-18 21:04:09.227091,Nathaniel Villegas,loretta95@example.net,10,447,9,4023
445,2023-11-28 14:48:13.887989,Karen Miller,andreayoung@example.org,19,411,9,3699
446,2023-11-27 09:25:26.079207,Matthew Rogers,zsalazar@example.com,14,445,2,890
447,2023-11-08 06:31:48.841579,John Bryant DVM,andre38@example.com,12,95,5,475
448,2023-11-28 17:04:57.792278,Bryan King,tracy29@example.org,10,447,9,4023
449,2023-11-01 00:24:22.846449,Kayla Cain,wendy80@example.org,1,44,1,44
450,2023-11-29 09:56:15.258226,Leslie Gardner,deanna60@example.com,14,445,1,445
451,2023-11-19 18:17:10.357789,Michael Kidd MD,eric71@example.org,10,447,7,3129
452,2023-11-06 12:56:06.940857,James Reyes,christina37@example.com,17,123,1,123
453,2023-11-04 19:40:45.959092,Carrie Ibarra,miguelford@example.org,9,33,6,198
454,2023-11-29 16:32:27.276924,Christopher Klein,samanthavillanueva@example.com,19,411,3,1233
455,2023-11-11 18:51:14.609442,Alison Gregory,hcurry@example.org,5,398,8,3184
456,2023-11-08 11:19:24.657259,Miss Sandra Jones,gary75@example.com,4,409,7,2863
457,2023-11-23 15:55:11.101156,William Reynolds,lmiller@example.org,18,73,2,146
458,2023-11-25 16:12:00.688826,Rachel Johnson,laurawoods@example.net,15,117,8,936
459,2023-11-15 14:53:11.526916,Kyle Guzman,jonathanwalter@example.com,18,73,5,365
460,2023-11-12 01:34:23.295112,Rachel Benjamin,maryunderwood@example.com,10,447,7,3129
461,2023-11-23 14:06:05.585467,Matthew Delacruz,hryan@example.org,3,438,3,1314
462,2023-11-28 02:42:25.829304,Daniel Miller,hannahleach@example.com,4,409,8,3272
463,2023-11-12 00:31:05.519418,Joshua Miles,carpentercody@example.net,8,272,6,1632
464,2023-11-08 21:24:00.965659,Pamela Pitts,marco42@example.org,20,351,1,351
465,2023-11-21 07:59:25.633346,Peter Banks,trevorbrown@example.net,17,123,7,861
466,2023-11-24 17:35:16.817618,Leslie Webster,hmcintyre@example.net,2,326,9,2934
467,2023-11-27 20:09:16.184296,Denise Perez,bpeters@example.net,19,411,4,1644
468,2023-11-02 12:24:47.984034,Heidi Vasquez,nancyherrera@example.net,2,326,1,326
469,2023-11-20 06:57:23.957975,Kimberly Evans,ubennett@example.com,18,73,3,219
470,2023-11-01 11:15:32.436488,Abigail Anthony,andre27@example.com,4,409,2,818
471,2023-11-15 08:05:09.936613,Eric Spencer,brianbrown@example.com,13,408,7,2856
472,2023-11-03 21:18:12.904464,Jasmine Cross,twilliamson@example.com,4,409,2,818
473,2023-11-22 13:56:40.107204,Michael Jackson,cward@example.net,2,326,3,978
474,2023-11-15 16:24:57.458913,Colton Gross,julie59@example.org,20,351,5,1755
475,2023-11-11 19:51:42.180614,Christopher Anderson,esnow@example.org,2,326,4,1304
476,2023-11-04 00:22:07.899530,Diana Hunter,michaelmeza@example.com,20,351,8,2808
477,2023-11-03 00:58:59.441404,Kathy Johnson,carrollmaria@example.org,16,466,3,1398
478,2023-11-16 00:32:21.871601,Taylor Taylor,robertwatson@example.org,20,351,1,351
479,2023-11-03 19:19:07.447767,Mason Callahan,brandy44@example.com,18,73,8,584
480,2023-11-04 16:44:26.436342,David Anderson,mallorywu@example.net,10,447,2,894
481,2023-11-14 09:56:00.503630,Alejandro Sandoval,jeremybooth@example.com,20,351,5,1755
482,2023-11-09 05:06:14.103759,Tim Walker,amber20@example.com,5,398,6,2388
483,2023-11-21 08:49:56.808395,Jennifer Anderson,bbell@example.com,1,44,9,396
484,2023-11-18 12:02:53.274469,Mark Solis,fosterkaylee@example.org,6,305,9,2745
485,2023-11-16 13:13:09.390909,Leslie Martin,jessicafrank@example.net,13,408,5,2040
486,2023-11-28 19:07:10.934865,Elizabeth Carter,stevenboyd@example.com,12,95,8,760
487,2023-11-25 21:36:01.098642,Taylor Jones,estessherry@example.org,16,466,6,2796
488,2023-11-29 08:56:55.652412,Elizabeth Taylor,amy88@example.net,1,44,4,176
489,2023-11-21 15:34:07.182540,Jose Elliott DDS,grossjeffrey@example.org,3,438,8,3504
490,2023-11-13 14:03:49.428872,Ms. Sandra Mckinney,ronniestone@example.com,17,123,7,861
491,2023-11-09 06:51:33.657869,Katherine Hampton,mary95@example.net,16,466,5,2330
492,2023-11-24 01:19:03.871253,Preston Garrett,wolfalyssa@example.org,13,408,3,1224
493,2023-11-28 16:22:04.881587,Christopher Cobb,derrickweaver@example.org,15,117,4,468
494,2023-11-13 19:02:24.313538,Manuel Hall,stephensapril@example.com,6,305,1,305
495,2023-11-25 15:29:28.731913,Brian Johns,jthomas@example.net,11,33,9,297
496,2023-11-20 13:16:31.294051,Patricia King,bolson@example.com,18,73,2,146
497,2023-11-09 20:59:19.374386,Tara Fitzgerald,brianbright@example.net,5,398,5,1990
498,2023-11-23 09:28:40.997692,Paul Greene,lucasgardner@example.net,3,438,5,2190
499,2023-11-17 02:10:27.155566,Katelyn Stephens,ugutierrez@example.org,7,98,4,392
500,2023-11-26 12:53:57.791061,Samantha Armstrong,alexandergarcia@example.net,14,445,3,1335
501,2023-11-07 18:05:17.930392,Justin Pittman,rogersmatthew@example.org,5,398,8,3184
502,2023-11-13 00:29:02.422781,Sonya Hall,erobertson@example.net,4,409,2,818
503,2023-11-21 16:03:54.248431,Philip Kelly,williamlucero@example.com,9,33,3,99
504,2023-11-24 21:22:43.810787,Tracy Hunter,qjackson@example.net,18,73,7,511
505,2023-11-28 19:55:30.774950,Melissa Collins,thomaswalker@example.org,18,73,1,73
506,2023-11-03 03:06:09.813775,Brian Smith,katelyngeorge@example.com,4,409,9,3681
507,2023-11-08 19:46:38.757749,Katie Martinez,natalie41@example.com,20,351,3,1053
508,2023-11-21 08:03:05.225055,Veronica Donaldson,wallacetimothy@example.org,7,98,1,98
509,2023-11-15 12:48:42.442803,Cheryl Browning,smithscott@example.net,9,33,4,132
510,2023-11-12 10:48:42.596830,Robert Fox,robert52@example.com,17,123,7,861
511,2023-11-11 07:43:52.236172,Lori Scott,hjones@example.com,4,409,9,3681
512,2023-11-29 11:52:58.486511,Casey Hardin,james99@example.com,5,398,2,796
513,2023-11-02 21:01:17.729285,Calvin Richardson,jacobspaul@example.net,16,466,2,932
514,2023-11-27 03:18:45.573039,Blake Reyes,tshaw@example.com,1,44,3,132
515,2023-11-17 16:46:42.339980,Justin Rodriguez DDS,pwells@example.org,10,447,6,2682
516,2023-11-10 16:49:17.582558,Christopher Thompson,churchmark@example.org,14,445,2,890
517,2023-11-16 04:44:37.474542,Stephen White,jesse77@example.com,13,408,4,1632
518,2023-11-27 19:53:50.108105,Brian Smith,halelori@example.com,9,33,1,33
519,2023-11-14 02:30:46.153776,Andrew Villarreal,thamilton@example.com,9,33,2,66
520,2023-11-11 15:24:33.778227,Erik Mccall,lisaburns@example.org,10,447,9,4023
521,2023-11-04 08:37:43.346240,Courtney Winters,wilsonchristine@example.com,11,33,6,198
522,2023-11-16 12:15:21.979626,Karen Torres,shannon11@example.org,10,447,2,894
523,2023-11-17 16:49:48.862429,Heidi Schmitt,gonzalezcraig@example.net,16,466,5,2330
524,2023-11-04 06:21:29.371221,James Stewart,joanne68@example.net,18,73,8,584
525,2023-11-22 19:56:00.649472,Matthew Mata,ukent@example.com,13,408,1,408
526,2023-11-26 16:58:20.092778,Jonathan Cohen,pinedadanielle@example.net,13,408,1,408
527,2023-11-15 05:42:05.443722,Alexander Mays,amanda36@example.org,8,272,1,272
528,2023-11-26 11:00:01.711754,Mary Smith,suzannemiller@example.net,12,95,6,570
529,2023-11-02 23:43:07.505309,Sara Dickson,heather37@example.com,17,123,1,123
530,2023-11-22 23:04:15.055029,Michael Dixon,mlara@example.org,11,33,8,264
531,2023-11-03 04:29:57.024064,Latasha Davis,marywoods@example.org,1,44,1,44
532,2023-11-18 17:50:52.783667,Kevin Rojas,dennis90@example.org,6,305,4,1220
533,2023-11-06 17:27:30.688081,Valerie Obrien,eric17@example.com,20,351,4,1404
534,2023-11-10 00:14:54.457903,Martin Powers,megan28@example.net,19,411,2,822
535,2023-11-13 19:10:45.142173,Amy Rodriguez,sandra38@example.org,17,123,9,1107
536,2023-11-17 01:03:37.557190,Shawn Bullock,thomas74@example.net,11,33,9,297
537,2023-11-01 11:23:59.538742,Linda Becker,lindaharrison@example.net,14,445,7,3115
538,2023-11-09 19:42:32.696754,Andrea Smith,ramirezkimberly@example.net,14,445,1,445
539,2023-11-07 04:53:23.788475,Scott Wong,kenneth68@example.org,7,98,5,490
540,2023-11-22 06:05:39.497960,Robert Robbins,daniel77@example.org,14,445,3,1335
541,2023-11-05 15:34:19.829852,Veronica Nelson,bperry@example.net,16,466,3,1398
542,2023-11-03 09:16:30.970021,Tyler Yates,chelseabrown@example.net,7,98,3,294
543,2023-11-25 16:46:45.215502,Matthew James,harrisduane@example.com,4,409,3,1227
544,2023-11-03 04:39:15.358785,Andrea Harrison,agarcia@example.net,12,95,8,760
545,2023-11-21 00:34:50.481062,Douglas Moore,millerchelsea@example.org,19,411,6,2466
546,2023-11-15 20:50:31.938454,Karl Martinez,nguerrero@example.com,14,445,8,3560
547,2023-11-17 15:41:37.760548,Keith Caldwell,ericbrooks@example.com,19,411,6,2466
548,2023-11-11 12:11:18.300353,Christopher Adams,zbryant@example.com,4,409,5,2045
549,2023-11-03 23:22:39.525281,Chelsey Perez,lauragriffin@example.com,18,73,6,438
550,2023-11-23 18:02:22.445405,Elizabeth Vargas,megan50@example.com,17,123,1,123
551,2023-11-29 04:27:57.243713,Robert Garcia,bowenbianca@example.com,3,438,4,1752
552,2023-11-11 12:28:49.003105,Rebecca Salazar,destiny60@example.org,8,272,8,2176
553,2023-11-04 07:25:12.977084,Thomas Liu,sjohns@example.org,16,466,6,2796
554,2023-11-27 14:32:38.467520,Maria Cross,paul51@example.com,9,33,1,33
555,2023-11-11 16:15:27.533901,Karen Nelson,stephenwilliams@example.org,8,272,4,1088
556,2023-11-16 03:15:34.164578,Brenda Vang,angiebishop@example.com,11,33,8,264
557,2023-11-12 08:12:41.299391,Jonathan Martinez,john84@example.net,20,351,6,2106
558,2023-11-10 01:07:40.211692,April Johnson,ramosalexa@example.com,17,123,4,492
559,2023-11-29 18:41:07.615764,Sarah Cole,gutierrezmichelle@example.org,5,398,4,1592
560,2023-11-11 00:52:47.744616,Shawn Rivera,newtonstephanie@example.net,19,411,7,2877
561,2023-11-16 20:37:04.744829,Erica Osborne,rperkins@example.com,4,409,9,3681
562,2023-11-07 21:58:17.522125,Mark Cline,robert12@example.net,1,44,4,176
563,2023-11-23 07:53:40.473599,Kaylee Brown,jacob57@example.org,16,466,8,3728
564,2023-11-16 20:52:48.669274,Anthony Little,karencombs@example.org,8,272,4,1088
565,2023-11-02 23:13:13.381937,Anne Bartlett,josephkeller@example.com,11,33,9,297
566,2023-11-27 21:39:40.985068,Janet Cruz,april04@example.org,4,409,4,1636
567,2023-11-21 13:45:39.765415,Julie Clark,ramirezangelica@example.com,19,411,8,3288
568,2023-11-22 03:52:42.721476,Victoria Cook,catherine17@example.com,3,438,8,3504
569,2023-11-11 21:54:26.169805,Dr. Bryan Fletcher II,brewerjohn@example.net,12,95,9,855
570,2023-11-17 14:00:58.188826,Robert Guzman,rachellopez@example.net,5,398,6,2388
571,2023-11-14 16:47:24.659929,Michelle Sullivan,brian12@example.net,8,272,2,544
572,2023-11-22 04:29:19.675426,Cynthia Maldonado,margaretperez@example.org,18,73,9,657
573,2023-11-01 17:17:20.966002,Stacy Watson,brandonjackson@example.org,1,44,4,176
574,2023-11-17 08:59:08.687478,Jose Hall,rogerbell@example.org,17,123,9,1107
575,2023-11-01 05:23:27.673702,Heather Anderson,robynwells@example.com,16,466,4,1864
576,2023-11-14 07:23:54.934174,Melissa Bean,huntertimothy@example.com,4,409,6,2454
577,2023-11-14 22:50:16.101281,Amber Rojas,pnelson@example.org,16,466,8,3728
578,2023-11-26 21:55:00.732037,Jacob Johnson,michelemacias@example.com,8,272,5,1360
579,2023-11-24 08:19:21.487390,Tristan Mosley,mitchellamy@example.org,19,411,7,2877
580,2023-11-24 04:48:20.692175,Daniel Richard,laurenmiller@example.org,7,98,7,686
581,2023-11-13 21:19:31.947943,Kenneth Young,peteryork@example.com,18,73,4,292
582,2023-11-12 17:21:09.231238,Craig Winters,jordan35@example.org,7,98,9,882
583,2023-11-25 11:18:49.765038,Craig Johnston,pmartinez@example.com,2,326,1,326
584,2023-11-15 06:42:59.698215,Elizabeth Snyder,xhendricks@example.org,4,409,5,2045
585,2023-11-23 16:33:48.151600,Christopher Shaw,matthew66@example.org,6,305,6,1830
586,2023-11-13 10:19:11.568737,Morgan Thompson,qwilliams@example.org,16,466,9,4194
587,2023-11-11 12:17:43.688112,Mark Donovan,steven83@example.net,7,98,6,588
588,2023-11-04 14:05:19.719746,Charles Tucker,joe50@example.net,12,95,2,190
589,2023-11-01 12:45:40.224325,Richard Hobbs,bethtorres@example.com,2,326,6,1956
590,2023-11-02 21:47:17.000531,Robert Huang,wevans@example.com,1,44,3,132
591,2023-11-08 03:26:48.957244,Sandra Moreno,andersonjohn@example.org,16,466,8,3728
592,2023-11-29 01:51:30.905925,Jillian Gibson,patriciamurphy@example.org,2,326,3,978
593,2023-11-25 18:47:25.187192,Angela Green,sandersdavid@example.com,12,95,2,190
594,2023-11-20 19:48:38.705670,Sarah Combs,gardnermonica@example.net,15,117,8,936
595,2023-11-24 05:55:46.856093,Cindy Parker,deborah85@example.net,15,117,5,585
596,2023-11-08 18:03:26.221988,Ryan Mullen,jasonayala@example.net,6,305,4,1220
597,2023-11-14 21:15:16.342622,Matthew Hodge,brianwood@example.org,9,33,1,33
598,2023-11-01 12:05:54.769219,Jessica Gonzalez,meganmoreno@example.com,10,447,7,3129
599,2023-11-13 20:23:03.903772,Savannah Kelley,deborahwoodward@example.org,13,408,6,2448
600,2023-11-05 20:40:08.429071,Michael Wilson,nancyrocha@example.org,20,351,4,1404
601,2023-11-02 06:01:21.116548,Michael Gregory,ramirezrobin@example.com,19,411,5,2055
602,2023-11-15 15:32:49.976567,James Nunez,laurietaylor@example.org,5,398,7,2786
603,2023-11-03 14:20:23.266287,Bryce Wright,franklinrachel@example.net,9,33,8,264
604,2023-11-26 06:46:11.863659,Rodney Reynolds,thale@example.net,2,326,4,1304
605,2023-11-08 09:45:47.427584,Joshua Bates,cfrank@example.org,15,117,5,585
606,2023-11-18 16:54:48.010259,Joshua Contreras,adam99@example.com,14,445,3,1335
607,2023-11-27 04:39:44.536195,Jeffrey Hogan,nsmith@example.net,7,98,2,196
608,2023-11-03 13:43:54.931026,Ashley Davidson,lcooper@example.net,13,408,9,3672
609,2023-11-12 05:06:39.859579,Michelle Juarez,todd17@example.org,12,95,9,855
610,2023-11-26 02:00:53.092175,Natalie Davis,swilliams@example.com,8,272,8,2176
611,2023-11-18 02:11:19.553260,Debra West,gsmith@example.net,10,447,4,1788
612,2023-11-26 07:27:35.299974,Nicholas Richards DDS,ythompson@example.com,14,445,5,2225
613,2023-11-17 10:36:38.926879,Jasmine Hill,fenglish@example.com,9,33,8,264
614,2023-11-05 00:24:20.561521,James Arnold,ymorgan@example.org,12,95,5,475
615,2023-11-28 05:53:30.447166,Nicholas Ford,melissa29@example.org,12,95,4,380
616,2023-11-15 02:00:58.446166,Sarah Blankenship,ymiller@example.net,7,98,8,784
617,2023-11-19 13:11:48.704345,Sarah Roberson,brianbutler@example.com,18,73,9,657
618,2023-11-12 04:26:21.973433,Carmen Mayo,manuelwheeler@example.org,1,44,5,220
619,2023-11-29 19:24:36.558027,Linda Sharp,leedavid@example.net,3,438,8,3504
620,2023-11-26 05:14:11.251796,Roger Solomon,dunndanny@example.com,15,117,6,702
621,2023-11-13 16:14:35.513841,Michelle Jones,ngonzalez@example.com,10,447,3,1341
622,2023-11-22 21:51:40.467346,Joshua Cunningham,dtaylor@example.com,2,326,7,2282
623,2023-11-13 04:27:11.536431,Isabella Stanley,lgraham@example.com,11,33,8,264
624,2023-11-19 05:20:41.961434,Beverly Merritt,christianmalone@example.org,7,98,5,490
625,2023-11-08 06:13:36.797473,Anne Walker,kennethpierce@example.net,7,98,7,686
626,2023-11-05 11:52:29.682149,Caitlin Barrera,fharper@example.net,3,438,8,3504
627,2023-11-25 16:20:43.722995,Eric Summers,vspears@example.net,11,33,5,165
628,2023-11-10 04:31:11.040660,Travis Collins,hartangela@example.net,14,445,3,1335
629,2023-11-11 20:01:12.889404,Alexandra Caldwell MD,vmichael@example.org,12,95,5,475
630,2023-11-12 17:35:22.587588,Danny Turner,jose72@example.net,13,408,4,1632
631,2023-11-10 14:41:16.075532,Allison Castillo,teresarodriguez@example.net,17,123,8,984
632,2023-11-26 23:14:07.040486,Lynn Solomon,jsingh@example.org,15,117,3,351
633,2023-11-16 18:51:39.428469,Jesus Clarke,higginsomar@example.net,15,117,5,585
634,2023-11-10 20:35:04.179377,Virginia Brown,wilkinsrenee@example.net,9,33,8,264
635,2023-11-28 18:05:40.545895,Alexander Doyle,fordcharles@example.net,7,98,4,392
636,2023-11-02 20:51:14.324670,Juan Carlson,bjones@example.net,20,351,5,1755
637,2023-11-11 05:18:40.693154,Theresa Harris,tracey43@example.net,2,326,6,1956
638,2023-11-04 06:14:20.477469,Charles Turner,jaredjones@example.com,8,272,5,1360
639,2023-11-22 00:03:01.724452,Emma Garrett,mary14@example.org,15,117,3,351
640,2023-11-17 20:41:48.253372,Calvin Thompson,cbryant@example.org,6,305,5,1525
641,2023-11-12 10:04:26.569862,Michelle Estes,harcher@example.net,5,398,1,398
642,2023-11-29 17:32:28.331509,Aaron Barker,christopher03@example.com,20,351,4,1404
643,2023-11-02 15:05:58.625524,Megan Anderson,rcurtis@example.net,20,351,1,351
644,2023-11-17 10:39:29.734937,Elijah Tate,evan67@example.net,8,272,1,272
645,2023-11-24 17:34:38.336481,Adam Henry,johnnysmith@example.org,19,411,5,2055
646,2023-11-22 20:42:21.810172,Katherine Scott,burnsjack@example.com,11,33,7,231
647,2023-11-06 10:22:03.448094,Jason Brown,margaret55@example.com,19,411,2,822
648,2023-11-07 16:12:40.652856,Randy Ramirez,james05@example.org,14,445,7,3115
649,2023-11-20 15:21:14.813138,Lauren Conner,pblevins@example.org,7,98,2,196
650,2023-11-07 04:41:24.942364,Raymond Garcia,shelley59@example.org,8,272,4,1088
651,2023-11-19 13:51:53.327970,Alicia Jones,jtaylor@example.net,11,33,7,231
652,2023-11-25 23:25:45.920676,Natalie Thomas,diazerik@example.com,17,123,1,123
653,2023-11-08 12:37:10.324027,Lisa Hines,moorenathan@example.net,13,408,3,1224
654,2023-11-16 20:24:43.644114,Adam Gibson,nguyenkelsey@example.org,4,409,7,2863
655,2023-11-10 02:53:31.795666,Michael Skinner,samuel67@example.net,6,305,2,610
656,2023-11-03 11:48:10.290410,Russell Fowler,coopermichelle@example.org,18,73,1,73
657,2023-11-03 05:55:08.066598,Sierra Garner,ortiznoah@example.org,11,33,4,132
658,2023-11-03 23:33:15.732999,Brian Payne,smithjames@example.com,13,408,9,3672
659,2023-11-21 19:58:05.797428,Adam Maynard,john40@example.net,15,117,6,702
660,2023-11-26 15:54:46.962214,Christopher Davis,tranrobin@example.org,15,117,1,117
661,2023-11-15 09:44:53.714976,Dave Walters,changmichelle@example.net,20,351,3,1053
662,2023-11-26 06:18:40.482760,Terry Turner,jessethompson@example.org,19,411,4,1644
663,2023-11-19 16:12:59.148133,Matthew Hill,wilsonamanda@example.org,2,326,1,326
664,2023-11-05 19:10:24.832375,Claudia Thompson,calderonchristopher@example.com,9,33,7,231
665,2023-11-12 08:31:16.926691,Jeffery Garcia,aaron52@example.com,5,398,2,796
666,2023-11-13 02:14:44.171037,Monica Collins,veronica59@example.org,10,447,9,4023
667,2023-11-27 05:41:59.572627,Rebecca Romero,randall28@example.com,9,33,9,297
668,2023-11-11 03:07:16.927451,Jonathan Harper,patricia75@example.org,12,95,3,285
669,2023-11-17 20:17:41.631729,Vernon Mcdonald,crodriguez@example.com,10,447,1,447
670,2023-11-26 12:40:57.861502,Michael Sullivan,terri61@example.org,15,117,4,468
671,2023-11-13 12:29:24.427996,Jonathan Williams,billycarpenter@example.net,11,33,5,165
672,2023-11-18 21:18:04.645608,Aaron Wood,qfox@example.org,17,123,4,492
673,2023-11-29 17:47:03.898296,Ronnie Melton,crystal31@example.org,3,438,6,2628
674,2023-11-05 11:17:55.975943,Carly Alexander,walkerjill@example.com,8,272,1,272
675,2023-11-28 12:55:40.758937,James Cunningham,tmontoya@example.org,2,326,4,1304
676,2023-11-07 13:44:18.427975,Cynthia Cook,hernandezdamon@example.net,17,123,3,369
677,2023-11-22 06:20:22.986987,Lisa Hardy,davismeghan@example.net,18,73,2,146
678,2023-11-17 04:25:49.493308,Wayne Blair,mrodriguez@example.org,1,44,6,264
679,2023-11-26 08:59:05.439421,Derrick Howell,elizabethmontgomery@example.com,11,33,8,264
680,2023-11-07 22:13:46.854552,Teresa Walsh,barberjohn@example.net,14,445,4,1780
681,2023-11-06 12:15:45.359477,Ashley Daugherty,jeffrey94@example.com,5,398,4,1592
682,2023-11-25 07:33:54.729088,Jill Adams,david85@example.org,7,98,4,392
683,2023-11-18 22:11:37.904433,Jessica Washington,hoffmanjames@example.net,17,123,8,984
684,2023-11-29 14:27:40.258846,Ernest Braun,davislisa@example.org,3,438,6,2628
685,2023-11-20 14:46:33.346730,Connie Lester,fordjodi@example.org,12,95,7,665
686,2023-11-16 22:57:27.366856,Pamela Ford,robert73@example.org,4,409,6,2454
687,2023-11-15 21:55:04.239791,Javier Glover,smithmelanie@example.org,18,73,9,657
688,2023-11-29 05:32:20.640810,Rachel Nelson,stacy13@example.com,18,73,5,365
689,2023-11-03 20:27:48.386997,Matthew Fox,johnstongail@example.net,4,409,3,1227
690,2023-11-04 01:16:45.112996,Amanda Graham,christophernoble@example.com,3,438,9,3942
691,2023-11-12 20:41:14.102202,Dr. Robyn Lawrence,theresa26@example.org,7,98,3,294
692,2023-11-04 09:59:06.663554,Kelly Butler DVM,websterrobert@example.com,14,445,7,3115
693,2023-11-27 16:05:03.566866,Ricky Mays,ricardo67@example.org,12,95,5,475
694,2023-11-24 18:34:59.077501,Terry Hernandez,harrisraymond@example.com,9,33,7,231
695,2023-11-15 04:44:37.263121,Angela Bell,luis37@example.net,14,445,6,2670
696,2023-11-15 03:10:11.530094,Paul Green,robert64@example.net,6,305,9,2745
697,2023-11-06 02:32:30.045536,Brendan Whitaker,ereeves@example.org,4,409,5,2045
698,2023-11-20 09:08:56.698231,Joyce Henderson,robertjohnson@example.net,18,73,8,584
699,2023-11-18 14:59:35.887147,James Torres,jeanjohnson@example.com,2,326,1,326
700,2023-11-06 06:32:02.315401,Amy Palmer,ramirezrichard@example.org,3,438,3,1314
701,2023-11-14 20:01:09.089332,Shawna Miller,amydonaldson@example.com,10,447,3,1341
702,2023-11-12 05:25:59.784767,Janet Howard,christian97@example.com,3,438,1,438
703,2023-11-27 15:41:16.215637,Joanna Thompson,jblair@example.com,13,408,7,2856
704,2023-11-02 09:24:46.640496,Amanda Garcia,asmith@example.org,11,33,7,231
705,2023-11-08 15:07:00.888539,Anthony Roberts,sherry83@example.net,12,95,5,475
706,2023-11-14 17:23:46.357204,Jorge Hughes,kellynicholson@example.net,16,466,7,3262
707,2023-11-02 16:16:41.099659,Nicole Mclaughlin,montesstephanie@example.com,20,351,2,702
708,2023-11-21 10:38:22.168358,George Lyons,edwardroberts@example.net,13,408,9,3672
709,2023-11-23 10:09:40.193831,Anthony Pope,cynthiamurphy@example.org,15,117,3,351
710,2023-11-15 00:59:55.030104,Antonio Le,marytate@example.org,11,33,1,33
711,2023-11-03 09:34:52.035669,Lisa Adams,englishcrystal@example.com,5,398,7,2786
712,2023-11-03 17:21:55.236919,Jennifer Davis,douglas83@example.org,18,73,8,584
713,2023-11-25 15:12:33.899978,Kenneth Martin,dfleming@example.net,9,33,7,231
714,2023-11-27 05:43:16.144333,Megan Collier,yvelazquez@example.org,10,447,6,2682
715,2023-11-05 21:23:33.351732,Ernest Stone,jenkinsjeremy@example.net,16,466,8,3728
716,2023-11-27 15:55:50.214548,Lindsey Watts,paula09@example.com,5,398,4,1592
717,2023-11-21 21:03:17.811484,James Johnson,tammyortiz@example.com,11,33,3,99
718,2023-11-08 20:25:06.389634,Caleb West,fmartin@example.org,10,447,7,3129
719,2023-11-29 04:50:50.509183,Laurie Jenkins,mmartinez@example.net,9,33,7,231
720,2023-11-23 22:29:18.316077,Cheyenne Mills,charlesstevenson@example.com,16,466,1,466
721,2023-11-26 12:18:12.749066,Joseph Hughes,josephwalter@example.com,19,411,7,2877
722,2023-11-09 13:58:06.091150,Eric Mooney,moonamber@example.com,13,408,3,1224
723,2023-11-20 07:19:38.253954,Stephen White,sheena39@example.org,18,73,6,438
724,2023-11-05 18:53:32.173012,Adam Moreno,cody43@example.net,20,351,2,702
725,2023-11-01 14:05:12.420138,Raven Barnes,combsjoshua@example.com,17,123,4,492
726,2023-11-04 13:02:55.235307,Emily Fisher,alyssaduncan@example.net,8,272,2,544
727,2023-11-27 21:59:25.057622,Dr. Jonathan Liu,jeremybright@example.org,11,33,5,165
728,2023-11-14 11:20:09.354435,Jennifer Rowland,glassemma@example.com,8,272,1,272
729,2023-11-26 13:06:09.171376,Garrett Clay,chanmikayla@example.net,13,408,4,1632
730,2023-11-01 03:58:33.390957,Alicia Kim,lisa81@example.net,16,466,4,1864
731,2023-11-02 14:33:39.921088,Dr. Tyler Butler,markolsen@example.net,7,98,8,784
732,2023-11-07 12:25:07.328462,Rebecca Randall,robertsvictoria@example.com,5,398,1,398
733,2023-11-07 00:36:09.122807,Ashley Newton,ccabrera@example.org,17,123,3,369
734,2023-11-16 16:02:04.229588,Maria Martinez,fmartinez@example.org,5,398,4,1592
735,2023-11-27 02:11:50.864928,Michelle Lozano,xbrown@example.net,1,44,9,396
736,2023-11-24 02:49:33.560840,Nathan Johns,emily31@example.net,7,98,6,588
737,2023-11-03 12:48:03.598780,Molly Abbott,stewartsheila@example.com,15,117,3,351
738,2023-11-21 06:41:43.800729,Elizabeth Patterson,mayoashley@example.com,4,409,3,1227
739,2023-11-29 03:57:04.187982,Thomas Atkins,nhobbs@example.net,11,33,5,165
740,2023-11-26 18:44:12.485902,Karen Sutton,hreed@example.net,16,466,6,2796
741,2023-11-13 18:39:23.364490,Ashley Carter,davisjudith@example.net,8,272,2,544
742,2023-11-12 16:37:50.959649,Crystal Walker,desiree55@example.com,12,95,4,380
743,2023-11-07 11:29:34.076199,Kelli Diaz,lisa07@example.net,15,117,6,702
744,2023-11-08 17:31:47.893982,Brian Willis,dodsonjoshua@example.org,7,98,2,196
745,2023-11-21 20:41:52.156787,Tiffany King,ifrancis@example.org,5,398,9,3582
746,2023-11-14 16:17:16.930917,Nancy Fields,michaelwu@example.org,16,466,9,4194
747,2023-11-06 02:22:38.791333,Craig Parker,garciarobert@example.org,19,411,7,2877
748,2023-11-01 11:22:07.208967,Marissa Velazquez,hannahwall@example.net,17,123,8,984
749,2023-11-25 10:39:38.140614,Benjamin Gonzalez,hgilmore@example.net,18,73,1,73
750,2023-11-02 20:13:51.086688,Charles Austin,jimmy44@example.com,16,466,1,466
751,2023-11-15 21:39:36.952692,Thomas Harrison,dreyes@example.net,17,123,9,1107
752,2023-11-12 00:45:23.752499,Michael Nash,paulhenry@example.org,8,272,5,1360
753,2023-11-09 23:23:23.185714,Tyrone Jones,younganne@example.com,11,33,4,132
754,2023-11-28 10:03:23.104629,Pamela Fletcher,ysmith@example.org,3,438,2,876
755,2023-11-18 22:51:21.063078,Jamie Sanchez,garrett18@example.com,2,326,4,1304
756,2023-11-18 09:02:42.897992,Pamela Washington,utapia@example.net,3,438,6,2628
757,2023-11-01 16:12:08.239697,Angel Bryant,ylee@example.com,4,409,4,1636
758,2023-11-12 12:06:25.349960,Margaret Vazquez,emartinez@example.org,5,398,7,2786
759,2023-11-07 15:16:38.972421,Christine Pratt,broberts@example.com,15,117,1,117
760,2023-11-11 12:42:12.994508,Jeff Anderson,bill20@example.com,16,466,5,2330
761,2023-11-24 15:45:48.245957,Jasmine Zimmerman,wbutler@example.com,5,398,7,2786
762,2023-11-28 19:51:10.303409,Christopher Jones,vgarcia@example.org,6,305,7,2135
763,2023-11-03 13:31:24.123787,Kenneth Jones,adam36@example.net,13,408,2,816
764,2023-11-22 22:18:26.622848,Christina Watts,davidjohnson@example.com,14,445,4,1780
765,2023-11-18 09:09:44.315985,Jamie Hill,angela61@example.org,17,123,9,1107
766,2023-11-09 16:51:48.803381,Lauren Murphy,huntamanda@example.com,3,438,4,1752
767,2023-11-21 17:06:23.638661,Joseph Turner,vincent75@example.net,15,117,6,702
768,2023-11-29 13:57:18.772645,Aaron Hawkins,daltonjeremy@example.com,2,326,7,2282
769,2023-11-11 06:27:23.759937,Stanley Watts,chandlerdanielle@example.net,6,305,8,2440
770,2023-11-19 13:16:23.004035,Mark Preston,berryjanice@example.com,17,123,2,246
771,2023-11-16 18:20:33.801572,Donna Nichols,dakota67@example.com,9,33,4,132
772,2023-11-19 18:49:41.263878,Matthew Mccoy,scottwilliams@example.net,16,466,8,3728
773,2023-11-08 11:04:00.425404,Courtney Hall,kevin10@example.org,9,33,8,264
774,2023-11-28 09:08:35.691786,Rebecca Allen,mooneydarius@example.com,2,326,3,978
775,2023-11-08 11:39:17.324794,Steven Harris,dmorgan@example.org,17,123,7,861
776,2023-11-24 13:56:48.521485,Lisa Hutchinson,william52@example.org,12,95,4,380
777,2023-11-03 23:23:35.880635,Crystal Richardson,ashley24@example.com,17,123,1,123
778,2023-11-06 23:36:17.135292,Toni Long,bassmichael@example.com,9,33,5,165
779,2023-11-20 13:37:05.219124,Melinda Greene,tapiasandra@example.com,14,445,7,3115
780,2023-11-20 07:10:35.722107,Erika Smith,thomasjoseph@example.org,2,326,8,2608
781,2023-11-13 10:50:50.030544,John Austin,scott71@example.net,18,73,5,365
782,2023-11-25 10:39:41.079578,Tammy Mathis,dholland@example.net,15,117,8,936
783,2023-11-10 09:37:38.593675,Robert Washington,cooperdawn@example.net,1,44,8,352
784,2023-11-17 10:30:06.742242,Seth Delgado,jorgehenry@example.com,7,98,7,686
785,2023-11-23 16:53:20.366824,Thomas Pope,rebeccashelton@example.net,18,73,1,73
786,2023-11-23 11:46:39.255778,Jillian Rogers,michelekline@example.com,17,123,2,246
787,2023-11-04 00:57:54.685392,Gloria Ayers,pamela73@example.com,20,351,5,1755
788,2023-11-21 12:29:05.143890,Susan Thompson,powerschristina@example.com,17,123,7,861
789,2023-11-07 20:56:53.356500,Timothy Rivera,tclayton@example.com,1,44,8,352
790,2023-11-16 11:47:14.718650,Richard Brown,andrewjones@example.com,7,98,3,294
791,2023-11-16 11:49:38.030523,Susan Nolan,uroberts@example.com,4,409,3,1227
792,2023-11-16 08:02:42.201127,Phillip Holmes,fordmary@example.net,20,351,8,2808
793,2023-11-14 17:09:02.433333,Melanie Wagner DDS,ysandoval@example.org,15,117,8,936
794,2023-11-13 23:12:05.433310,Erica Cox,donna96@example.net,5,398,7,2786
795,2023-11-26 04:46:46.531553,Kaitlin Collins,stephanie07@example.org,1,44,2,88
796,2023-11-24 16:10:40.132578,James Taylor,trevor19@example.org,19,411,1,411
797,2023-11-13 14:55:38.333380,Eric Stephens,goldencameron@example.org,7,98,3,294
798,2023-11-06 12:58:28.447924,Lisa Johnson,brandonhorne@example.com,13,408,1,408
799,2023-11-10 11:42:44.377658,Regina Austin,matthewwilson@example.net,7,98,3,294
800,2023-11-12 21:55:44.722084,Barbara Shaw,brittanyadkins@example.net,1,44,6,264
801,2023-11-20 14:57:07.735688,Philip Henderson,merceremily@example.org,17,123,5,615
802,2023-11-29 06:55:40.191014,Emily Leonard,milesjustin@example.net,16,466,4,1864
803,2023-11-10 23:59:00.874102,Jessica Hurst,brandoncurtis@example.net,20,351,2,702
804,2023-11-19 17:51:17.613383,Tracy Oliver DDS,brownjennifer@example.org,11,33,9,297
805,2023-11-27 03:22:02.363983,Shannon Kim,morrisondeborah@example.com,18,73,1,73
806,2023-11-10 20:33:51.086847,Micheal Marsh,whitneylee@example.com,10,447,6,2682
807,2023-11-19 20:11:42.578942,Sabrina Mayo,onunez@example.net,5,398,2,796
808,2023-11-28 00:27:06.420767,Kelsey Klein,carlsonkimberly@example.com,19,411,7,2877
809,2023-11-05 05:07:01.839175,Allen Thompson,adrianamyers@example.net,5,398,2,796
810,2023-11-10 05:34:09.905440,Kimberly Villarreal,hickmanlori@example.com,20,351,2,702
811,2023-11-10 23:10:35.865361,Ashley Herrera,hornlori@example.com,19,411,5,2055
812,2023-11-04 01:37:47.995494,Jessica Curry,jesse70@example.com,11,33,8,264
813,2023-11-29 06:19:44.255709,Stephanie Levine,dgarrison@example.net,19,411,1,411
814,2023-11-26 22:31:26.305668,Tony Kelly,garciacarla@example.net,4,409,6,2454
815,2023-11-16 21:46:14.840627,Spencer Pratt DDS,lunajames@example.org,2,326,9,2934
816,2023-11-01 06:58:58.520736,Dillon Lee,alexdennis@example.net,9,33,5,165
817,2023-11-29 20:38:29.412417,Matthew Taylor,annhubbard@example.com,8,272,4,1088
818,2023-11-16 11:40:43.098885,Kaitlyn Roach,taylorkenneth@example.org,17,123,1,123
819,2023-11-02 10:01:26.376203,Denise Ramirez,lopezbenjamin@example.com,17,123,3,369
820,2023-11-21 11:56:37.952138,Michael Wall,toni88@example.org,18,73,9,657
821,2023-11-18 18:02:37.018338,Amber Baker,bruce52@example.com,17,123,9,1107
822,2023-11-15 07:54:09.327483,Stephen Davis,spencerdaniel@example.net,11,33,7,231
823,2023-11-18 04:53:35.840350,Michael Johnson,shannon58@example.org,15,117,5,585
824,2023-11-10 03:41:51.343716,Melissa Garcia,sharon59@example.org,3,438,8,3504
825,2023-11-11 09:05:14.582784,Carrie Harris,qalvarez@example.net,6,305,3,915
826,2023-11-02 23:46:03.140817,Dennis Griffith,donaldmcmahon@example.net,12,95,7,665
827,2023-11-08 10:10:06.798669,Jacqueline Johns,christinevaughan@example.org,7,98,8,784
828,2023-11-07 02:49:38.231654,Jay Lynch,laceywood@example.net,15,117,3,351
829,2023-11-01 03:04:43.162221,Meghan Stevens,uphillips@example.com,12,95,6,570
830,2023-11-14 21:48:44.575578,Kathleen Brown,garciagary@example.net,17,123,3,369
831,2023-11-18 18:47:31.752686,Daniel Riley,kevin77@example.com,11,33,4,132
832,2023-11-26 13:35:10.814297,Michael Reynolds,speterson@example.org,2,326,5,1630
833,2023-11-11 00:25:34.068694,Robert Griffin,desireephillips@example.net,5,398,4,1592
834,2023-11-09 10:16:42.887519,Mallory Wallace,lindacabrera@example.org,15,117,9,1053
835,2023-11-04 21:54:16.739285,Matthew Crosby,nathan34@example.com,7,98,7,686
836,2023-11-05 07:32:36.432995,Anthony Clayton,robert71@example.com,9,33,3,99
837,2023-11-16 18:40:33.957920,Cynthia Thomas,taylorgina@example.net,5,398,2,796
838,2023-11-15 06:34:03.028729,Amber Brown,smithshawn@example.net,18,73,6,438
839,2023-11-22 13:12:53.256603,Karen Smith,jessica04@example.com,3,438,7,3066
840,2023-11-17 11:00:36.732790,Kevin Sosa,bryan53@example.com,9,33,9,297
841,2023-11-29 11:33:25.278167,Taylor Ramirez,lkennedy@example.net,19,411,7,2877
842,2023-11-09 11:39:20.849091,Ralph Kim,fishermatthew@example.com,16,466,8,3728
843,2023-11-20 03:58:17.249882,Anthony Simon,eramos@example.net,17,123,5,615
844,2023-11-08 05:41:36.190799,Jasmine Mcintosh,gerald10@example.com,9,33,3,99
845,2023-11-13 22:29:45.837915,Michael Norman,laura60@example.com,8,272,8,2176
846,2023-11-19 10:24:47.487100,Jim Clark,greenvanessa@example.org,19,411,7,2877
847,2023-11-09 10:16:09.120950,David Smith,janice30@example.net,16,466,6,2796
848,2023-11-08 21:52:42.849328,Gina Sanchez,marcusrobinson@example.org,1,44,8,352
849,2023-11-09 15:22:00.402909,Brittany Wilson,nfitzgerald@example.com,16,466,3,1398
850,2023-11-19 14:02:30.563452,Troy Cummings,nholland@example.net,11,33,6,198
851,2023-11-06 11:22:14.214416,Travis King,christopher77@example.com,8,272,4,1088
852,2023-11-02 04:33:23.529485,Jennifer Porter,underwoodchristopher@example.com,16,466,1,466
853,2023-11-11 10:03:32.033258,Mr. Matthew Horton II,carrollcharles@example.com,14,445,8,3560
854,2023-11-06 16:59:19.969024,Laura Hammond,ebaker@example.com,15,117,7,819
855,2023-11-23 07:54:11.114071,Jill Stanley,nbailey@example.com,11,33,3,99
856,2023-11-09 13:01:53.424566,Dawn Stout,pamelagordon@example.net,6,305,9,2745
857,2023-11-11 12:45:48.103259,Sarah Lawrence,xschultz@example.net,16,466,2,932
858,2023-11-01 12:01:58.479038,Lindsay Gonzalez,huntronald@example.net,20,351,7,2457
859,2023-11-18 11:55:00.415286,Melissa Harris,gregorycrawford@example.com,20,351,3,1053
860,2023-11-07 18:09:08.241957,Jeffrey Sullivan,brittanythompson@example.net,8,272,3,816
861,2023-11-29 02:59:02.023436,Julia Cook,cookjeffrey@example.net,16,466,4,1864
862,2023-11-01 08:34:59.085112,Joseph Hull,joehooper@example.net,5,398,6,2388
863,2023-11-05 05:30:56.419828,Miranda Williams,jilliannelson@example.com,11,33,2,66
864,2023-11-10 00:27:36.173436,David Clark,leejasmine@example.org,8,272,8,2176
865,2023-11-27 14:13:38.192684,Tracy Morrison,smithroberto@example.org,1,44,9,396
866,2023-11-22 18:04:56.566624,Sara Valentine,shepherdlindsey@example.com,19,411,2,822
867,2023-11-06 09:41:12.669262,Alyssa Freeman,ularson@example.com,19,411,8,3288
868,2023-11-15 10:18:51.397810,Mr. Dennis Nelson,adrianyoung@example.com,6,305,5,1525
869,2023-11-24 10:39:24.718973,Natalie Goodman,deborahcummings@example.com,10,447,8,3576
870,2023-11-27 05:40:36.587494,Dr. Sabrina Brown,gary23@example.org,20,351,5,1755
871,2023-11-07 18:50:58.960921,Patricia Mann,bergertara@example.com,6,305,4,1220
872,2023-11-14 11:49:02.454897,Margaret Smith,price@example.org,2,326,3,978
873,2023-11-21 11:15:14.330916,Steven Garrett,anthonydalton@example.com,11,33,6,198
874,2023-11-12 00:01:22.753919,Jessica Ramirez,janejones@example.net,11,33,2,66
