product_id,product_name,product_category,brand
1,streamline turn-key systems,Electronics,gomez
2,morph viral applications,Household,wolfe
3,expedite front-end schemas,Household,davis-martinez
4,syndicate robust ROI,Outdoor,ruiz-price
5,optimize next-generation mindshare,Outdoor,richardson
6,scale end-to-end metrics,Outdoor,thompson
7,implement wireless e-services,Clothing,gomez
8,e-enable seamless bandwidth,Outdoor,horton-morris
9,optimize mission-critical info-mediaries,Books,cox-taylor
10,deploy clicks-and-mortar architectures,Household,horton-morris
11,strategize wireless architectures,Books,harris
12,architect transparent solutions,Household,king-navarro
13,orchestrate visionary deliverables,Books,gomez
14,utilize next-generation methodologies,Clothing,bowman
15,exploit global markets,Outdoor,thompson
16,strategize world-class eyeballs,Books,thompson
17,synthesize customized e-tailers,Clothing,harris
18,deliver integrated interfaces,Clothing,lewis
19,monetize B2B ROI,Books,crawford-gaines
20,envisioneer cross-media convergence,Electronics,wolfe
