id,name
f080cc26-2535-46e0-9628-2851f881b78d,Michelle Gaines
e4cca345-7ef2-47d5-8d9e-947a8a682d50,Douglas Shelton
2ade410a-b3e6-4e9d-86e0-e62196ade4e4,Lisa Mendoza PhD
4d638640-086d-4f2b-89cb-aa165c685496,Veronica Garcia
29375378-e3e3-4720-844c-3bad0b2c01aa,Billy Hughes
832a6ce4-de47-49a8-95e9-ea1e5e2c0947,Jeffrey Bailey
21f70e5c-fc3e-405b-ba89-ba5482e600b1,Jacqueline Pineda
e1c1bef1-7890-4599-ba91-a84a940a5e7f,Chad Jackson
d58c72c6-52e6-4108-96ef-91d22d7d0a76,Dylan Anderson
2977995f-c035-492f-96e3-ed1743ea7383,Kyle Mckinney
fbc88502-4678-4ea0-beea-f081f2fea6be,Lauren Rodriguez
c03d5b55-9faa-4563-9ad5-ba5810fc3e01,Shirley Kim
183614ce-4297-412c-b741-477e8e765c39,Michael Walker
bcc6d553-c6db-4336-9187-a48369262664,Tamara Wallace
793aada7-bdcf-4f0b-b2dd-23e5e95d9e31,Claudia Rodriguez
cac06ac0-23f9-416a-8128-92334e28a64e,Andrew Serrano
07e954d2-64e2-4ed1-9f09-0cafad4d5445,Elizabeth Chapman
bf33c739-2b98-44ea-9a4a-27191d74d481,Stephen Miller
82148838-bdee-4339-bf48-2832c59aaf4d,Alyssa Martinez
9ef7f7dc-f076-41b7-8340-e3a8ec9cee37,Eric Austin
e8ea80df-c8ac-4b2c-944b-231299146fff,Stephen Young
752e1cdc-9fe9-4002-9fb7-cce9b77ae08f,Stephanie Carter
961d65f2-ba3e-4b0b-af68-674d9cdcb618,Brandon Lindsey
d96660c8-6e66-4ea6-a02c-35fe0eab75f0,Jacob Brown
a8dc0002-2688-4aa8-a5b0-37a1dab9722a,Jaime Hester
97e58159-d29f-4a8f-b3b3-826800520dde,Mary Smith
cf91ca3a-25a9-492a-9c5f-8644dfa6f6ca,Amanda Martin
8e309bf9-c60e-474e-b963-361f49e81560,Mark Barnett
d4a7b07d-fc99-4848-980d-ca0363177093,Susan Stephens
ab94a087-7a75-42a6-9dea-cb349dbaf7c7,Kevin Castro
2840145e-3deb-4063-a242-6ecda6a36b94,Daniel Kelly
ac404e57-5ad3-460c-8df6-98b4249e5430,William Joyce
80b6170a-281d-45c0-845a-0848650198c9,Heather Monroe
00a93eee-5101-4f20-be31-0ab7136e4060,John Marshall
4cf277c1-ac5f-4b5e-8a4d-f4ce6d84ac85,Stephanie Evans
2d76b6d9-9dbf-4339-bf75-fe130f197070,Dana Mcdowell
f2983743-8b08-4d93-b7a8-24c2a48001dd,James Gardner
678c6414-5c29-4fd3-897b-7ba95b67c134,Matthew Young
95abf80d-8825-4ea9-b871-91e20bbdd70a,Donald Thomas
f83963fe-313c-410f-b61c-e1703c4742fd,Dr. David Murphy
b5d81ac4-2e42-435a-b7d6-c7626a308cac,Suzanne Farley
ea9d0908-b429-4f69-a8e6-70d12272a81d,Frederick Wiggins
1053d90a-a863-4083-814a-f69507e9f1c5,Allen Nolan
bf8f93e8-f866-4826-b4f8-b25187af09ea,Stephen Mercado
67255ab3-cd0b-4deb-bc63-3188c6956b80,Alicia Huerta
ad760280-8351-4b59-824c-5768f39f68d6,John Simmons II
08213fc6-fa6a-45f9-99ca-c609f29713b0,Brian Davenport
c8d2a394-d5e4-41c4-831b-3e04bc290ab2,Jessica Thomas
9e5cb254-5ea7-4ee3-b5f6-a2b3508cd79a,Amy Andrade
970121c9-0e6c-408c-9b79-a3c63ad21130,Alicia Clark
77f75b4f-5db9-4c21-aba6-b46ef95deff3,Keith Cook
d27614f6-7f98-4896-a012-b2f991833dcc,Kristi Washington
dedbb7f2-9e27-442a-bf47-4577bc3fc426,Christina Terry
974b7c49-cd1e-4c20-9300-2759f0b0afb2,Micheal Ross
3626d2b5-ceb8-47ab-83fd-005cff316316,Robin Sanders
83fc8d0c-aa52-4497-988b-923dae30d77d,William Davis
3ca7471b-cae2-40dc-b6db-12e59afc0a43,Richard Martinez DVM
a00adc73-e221-49c2-9b29-c883a61bf9e6,Edward Ortiz
b8ad3d57-04bc-4c47-ba00-5f7bd22cc35c,Sarah Ross
23211c67-9a48-41d6-a4c5-acba31d3a879,Tyler Henderson
f399fb05-05b1-458a-b700-bd55d44edcef,John Fischer
ef795bea-3276-4de8-902f-7c7630e3968c,Kyle Evans
a2cc57dc-4780-40e8-902b-50e0db1f4dee,Matthew Jordan
583aacac-8649-4601-8a48-ef149e32cb73,Matthew Stewart
bcf0f72b-bf81-4394-8021-1beb898919e0,Nicole Jackson
c5064df0-81b4-4a38-a8d1-43c421a7bc80,William Kelly
a708dd8f-5897-4060-9341-ed22bb48be97,Madison Davis
4d0fe579-33ac-419f-9cde-b145310b9447,Dustin Andrade
f8747a8a-528c-457d-aa80-0434763d731c,Douglas Hill
049f8532-94cd-4bae-aaba-078b36b416b6,Christian Schneider
767e958a-55b2-4c5b-a21c-876021b2ae91,Alex Rosales
2d5622a8-4bb5-4836-838d-4e52ade2d98f,Benjamin Gilmore
e5f08486-9a6f-4ec2-9486-d80243f5d7d3,Abigail Lindsey
17918897-8189-4747-8104-97c53de37b95,Christopher Hart
ef6dd2bf-e8de-4a47-a31b-37a3aa1c300a,Eric Young
e2e0444e-61bf-4fca-8506-f58fdbf9850d,Shawna Hill
7d0f9704-b9e2-46ea-827a-640f9c92a7ec,Samantha Kemp
ac3e3e1d-f61b-4a5a-8b3c-31f9b026e197,Jeffrey Love
fc9ada4f-fbf4-4dae-b889-81c2a2ea8092,Brad Hogan
a0af2fa8-45a5-460c-9dc3-a07a1ff981a3,Melanie Pena
9555427e-91b6-4bd1-9b69-56b4c842e478,David Cooper DDS
82daed0b-cf23-4327-a0f7-09620bd79d34,Jennifer Manning
96d26a01-b32b-4b20-8406-24a6f714c14b,Daniel Cuevas
d9013763-ae90-4441-a901-15f7bae5ab5e,Andrew George
ceae5779-52b9-4b9a-8790-b9fee852f4bd,Paige Lawson
3384c1a8-f0c7-4c73-b897-64879fc3dec5,Katherine Odom
9e28ae5a-bb19-461e-9052-f2bd827ddb5f,Michael Ball
2e4f87a3-4148-488c-acef-58ceb1948384,Jesse Moore
d5d68cf1-a42f-4fea-95f4-cdb364f5ee54,Danielle Weaver
7303a81c-4f79-4812-9d7b-347ffa1dd8d7,Jeffrey Silva
491861e5-f7dc-4521-8845-45f8c6fe8063,Joseph Boyer
763e8f02-f03d-4ab3-b23f-fa6d531f02b4,Martin Cook
54d7fabe-1d92-4ed3-9106-2737e8c9435e,Dr. Melissa Russell
e43f9231-8991-465a-bcf3-57cc2a7aea5d,Jacob Reeves
9fed2e1c-db2d-45e4-b835-3ed45d7ff824,Tanner Mullen
ac00bb39-9685-40c0-8721-b6f18b1192e4,William Valenzuela
c2e3e7b8-66ef-4a0f-88d0-8954c9e959c4,Lisa Townsend
505bcc37-c349-490c-ad7f-111d8a983b6f,Elizabeth Montgomery
134dfb39-6b56-4b40-9bda-724dda06b115,Sandra Dixon
9b59451d-74df-4a8c-89fe-8b715da72896,Deanna Torres
e8dc6192-dab6-4961-8ed5-76ed07af8d06,Sean Jackson
0327a1bf-4e63-4808-a22a-e1e56811dcb6,Dr. Erin Turner
07db2fd3-1043-4bd7-9f08-3fc9300b08d1,Philip Haynes
d227ec93-0a22-4b9d-aec8-4415b77d5f11,Tracy Gibbs
9f104249-51a1-4a3c-bfc2-58ec94695706,Bradley Monroe
27710356-e92f-49aa-93cd-6b5df7455bd4,Tracy Garcia
8873533d-5530-4f53-8ac9-a6562cb7c057,Todd Burton
1b58cf21-cedf-46b7-aa97-eb818e9f0aa8,Debra Hall
2ab75f93-86cc-4b0e-ac47-78d4c81cae76,Christina Roberts
1749f2b6-668d-4cbe-ae27-e088842992dd,Lori Butler
50910fc0-da92-425d-a83f-0064df531bb8,Lori Chavez
7345de53-25c1-4c9d-b11a-b91402f48b41,Ashley Johnson
378ed99c-1741-4b92-9bf3-072a806a42d8,Alyssa Riddle
71c736f2-87e8-41f6-9226-3f5df0572478,Rebecca Jones
1a932090-48f9-4b32-b2f6-9bfa3c8364ab,Shirley Guerrero
27a66cfb-8804-4b5d-8fc5-30e7e5192d65,Angela Armstrong
e8190a2a-5d02-4565-bd81-fc243f7e998f,Michelle Anderson
8963928a-0f52-4da8-849e-477049061253,Julie Dixon
a205bfb9-4112-483b-9d2d-d3d85f037392,Christian Fernandez
e18308e7-5e8c-4e1b-804f-77d8c5424bc6,Deborah Jackson
02884bde-0f4f-4382-bd43-e752bcbb394d,Kim Moore
2a9d6798-e864-4dc0-89d6-dd1bc50abddb,Ronald Tran
da7fc95c-a070-4c31-bd0b-2aa997d43df3,Rhonda Gomez
09548b5b-2394-4c99-a4e7-5b93b1143d0f,Kevin Marquez
ae78cb8f-c589-473c-ba02-1fe8826864df,Seth Frazier
690c0bf9-75c4-47fb-9027-c282eb600fff,Sarah Harris
5324539d-80dd-4ea3-98c2-40aa3429117d,Erin Baker
2948a03e-182c-423f-b4e0-763725143659,Sara Valentine
4cb83c08-2fe0-4d7c-8dc1-c9af1d29b53b,Elizabeth Hahn
cd119fb0-b682-4e8e-b348-fd19b8506c27,Samuel Thomas
6962e344-3d5d-4b53-9644-287c4a05da1c,Emily Barnes
9d7e6ac9-2a2a-4138-8c06-198f7f986833,Bruce Cole
a040f8f9-95e3-4b7f-a93f-0684f461f917,Molly Smith
9c593b76-026d-4615-b4ce-86d70df25135,Daniel Jordan
8c2e66a2-35d7-4f40-9ba9-f1a3c32327d6,Leah Estrada
96a64cb4-0ed8-4389-a48d-290346ca9103,Rebecca Carr
e482577c-e1f9-4e73-aafb-20b00e3e0936,Rachel Rodriguez
a59a2133-d089-471e-a0fd-3ddd849aa110,Sheila Fisher
02f7ee58-17fd-48a9-8a5f-a27599e15927,Haley Obrien
01a8f3b6-5e45-4d06-a470-35a6c9318228,Stacy Ibarra
15c949b7-9b4b-47f0-834a-b2a690532ddc,Taylor Thomas
50b138fa-2be3-443d-8863-c50669927b50,Robert Campbell
a58f4abd-3811-4184-a789-06fc9cad0c92,Mikayla Rivera
d5868870-54a0-4efd-b616-432766b1c5a5,Timothy Meyers
25a2bacd-d490-47ce-8887-cb80235c9f22,Jade Martinez
69cdb6d0-945e-4af7-912e-4e48c21d6108,Charles Oneill
b20ffc1a-f6f5-40d2-99ea-52c0b708a572,Sara Henderson
985e7dff-3a3f-4e08-8ba7-08fe1a5c1d63,Heather Ritter
7a824082-9dad-433f-8721-20445f0dfb09,Hannah Davis
ff12505b-4291-44dc-854c-33b8a377a5fc,Michael Gallegos
c46ca2b7-e6ee-4225-9692-84d2680821e8,Justin Taylor
bccc8cd9-6e60-4574-a002-9f27be3f305c,Jessica Wade
2aae0b0d-7553-4527-a72a-b79cfbd4fe6e,Corey Calhoun
7380e86c-2f2f-4890-a4d9-3faf4eb28c9b,John Norris
906d756f-c7c4-4007-a48b-a8eb6d171176,Nathan Murray
ca27e5bd-d7ed-4962-a508-8f1e70f1afbd,George Moore
9a0fce78-83e5-4dfb-ab80-df6b5e05fd8e,Elizabeth Miller
8332cb63-d084-4063-8135-5fdde83300fc,Christian Mathis
2d613ec7-18e6-4066-bce4-cb312d6d0b92,Christine Gonzales
e21327cd-83cd-4223-847d-0473b649355b,Jay Haley
56d6658b-df90-43de-88d8-289506226de6,Yesenia Mcknight
f556adbf-ffb2-4675-9bc9-6fca169b5008,Brittany Reed
a387ce2e-199f-461e-87f8-1960eecaa83c,Sandra Duncan
ca8e4fc6-0a2a-4da3-8b98-1c8bf0f29863,Brian Cordova
bf90d1d5-1dff-43ce-b0b3-bab5d7db0c97,Joshua Turner
9c5679a8-a778-49b2-a8d0-745c3329106a,Kaitlyn Allen
3ec2671d-a876-454a-87b2-1fb59c013d56,Eric Porter
3aefb0bd-c623-4637-9719-fb37e74afd74,Roger Carroll
cf5d9614-8eac-47ad-a7d8-140f5d572a42,Daniel Edwards
857f9859-d448-4c65-8611-52804cd10a20,Timothy Waller
f4ec4622-b059-4b30-81e2-89083a2b6f09,Robert Phelps
4fcabe01-c422-4c4c-bcfd-41616b4d3a04,Ashley Porter
ea9466fc-4c7d-4e1e-b691-b8eb709da563,John Hughes
9874e372-89c3-461f-8fc9-016cfef234a6,Lawrence Clark
abb664f8-e455-4de0-bfa6-720f45736566,Sarah Haney
45b29927-9b24-42af-9920-b22a1b1f2a8c,Justin Chambers
0330aa9f-cd49-4d98-ab17-99d627186c5e,Matthew Bryan
1b807487-4a80-48a6-a565-77acbb2c9271,Dillon Flores
7a1281dd-7586-4330-a975-e66c269ebac3,Kenneth Lynch
c727f5b1-f926-4656-a7a5-7aee253b0aed,Brittany Daniels
ef3af871-7a22-40fd-a0d8-08f16b93a7a2,Patrick Shields
83cbfa60-0f21-4acd-9c2f-d954ab35f311,Emily Bishop
83210976-f36f-4ca5-b92e-fa1467ba1cc6,Ernest Bowers
dcaeef21-cd27-42f6-a549-12905dc3a3ee,Ashley Roberts
e49962b2-bd8f-4d42-bcc6-3705ba111789,Aaron Gardner
812e3cdd-3909-4d7e-81df-741b2fdda71e,Mr. Brandon Thomas MD
9de0081f-750b-4aad-a6fe-ab1e8a1eb549,Rodney Gonzalez
050a3ac7-c9a9-4b0b-a3d4-c629d980997c,Mr. Brent Ward
9a422776-c726-458f-bae7-f1d7a535cb18,Douglas Burgess
01d33c05-a9f8-4c8d-b119-ad571d9ffcab,Trevor Rodriguez
9575a16f-7c3d-4684-afb8-897ad2ed1e4f,Bradley Shannon
5d647c8f-7052-4b40-b9fd-844dc1176604,Cody Gonzalez
f99009aa-9107-422d-ac8c-07ba72b8599b,Destiny Tran
2e9e3099-fd22-4b30-b1e3-df92380f9fd7,Wyatt Bates
c94b57cb-173e-4d58-b3d1-eae4e0f98f44,Angela Stephens
e2d5294f-6aa9-45ef-a8b2-db2df6ba6266,Beverly Peters
5618185d-a196-44a5-84ac-aa74166ea566,Julie Robinson
99cca0a3-7e3c-4a74-9399-6d0e1f8e3e8b,Michael Acosta
84f1f3a0-c3ee-408a-997a-7df6d0001177,Kristin Frank
83956453-a657-4f42-9768-799bb9298ff0,Deborah Ward
3d20ec55-d13f-4107-902d-6f0b6198caa7,James Stuart
ea5c1cbe-3831-4873-b6f5-9a1c68eea048,Daniel Small
7cf066b5-4cd0-4969-ab5b-2d4765080fa4,Kaitlin Hall
4590f5c1-7b21-4d1d-9866-e849ccb6c139,Ryan Byrd
6fcf3894-bf40-4741-bf48-be289f2a7358,Alison White
0652c96f-659d-4524-8647-83d42ed92c69,Michael Welch
7021ba58-55fa-4818-bc44-7c7e84322c47,John Anthony
80b69938-0edb-4daa-81c5-ae53d0ee3b38,Carol Lee
38e45e84-16b9-4921-a554-ccd9c4f4ef0a,George Cline
c3637313-245c-4988-948b-f64026bc03b2,Diana Webster
42c9c094-086b-43f8-8cb0-d0e64134a85c,Nicole Curtis
9eacdcc6-6894-4678-bf3d-dc4923f6b393,Rachael Hobbs
78fc2701-edba-4a83-96ae-b1ea8e587e6d,Derrick Brown
d4a55347-72c7-472b-b7ae-25211a518f2c,Brenda Dillon
dd0a70de-ea5d-46ff-b2ad-bdff052c376e,Joseph Fletcher
7633f2af-203d-4132-98b5-657030359a8a,Mary Vargas
16dfebe7-aaec-4b16-b80d-f5d951417a35,Julie Taylor
1e749b42-66d2-446b-8b78-13dd4bc04258,Andrew Stewart
6bb6193b-a09d-432f-9279-ce236f9097c7,Kimberly Barnes
06dd57d8-adf8-41e9-817e-7c21b9aee7e1,Allison Harris
920bf789-db3f-4c63-832e-54987a255e67,Megan Forbes
a782c405-bc35-48d5-af32-24db745a5077,Kathy Harris
2763f46c-5282-4bf1-9a13-4509a9644830,Kenneth Nelson
6be29452-f66f-4e1e-a48d-268042e1a7d0,Rhonda Small
8f07514c-cb3d-41af-8cce-a55c2bb12f6d,Francisco Parker
4ac057f7-d936-4f73-b235-05b5eeec24ed,Shelby Gonzalez
1e39fb5e-249d-4846-bf0a-56d2ad66c7d0,Timothy Navarro
85f5f6d7-4a95-4395-8246-51457bd38117,Kathy Thomas
f52b2d87-a2ce-4473-8567-d644d86db116,Ryan Hart
aa0f87b7-a1fc-487c-ae59-4646088b6288,Harry Taylor
a0da1632-504a-485d-9e6a-53e80bdba437,James Jordan
f90d73a8-99d7-4add-b910-3930b1200c63,Dana Smith
5b82ef87-f501-4c01-90b7-7169042c2a31,Terry Obrien
67461666-e507-48f7-a920-a0b2aaf33a8c,Glen King
67553465-ca54-4e53-8653-5f73bebf71f7,Jessica Lewis
35b44751-79ef-42de-80a6-535f374b3a8d,Heidi Randall
c313692f-efab-416d-9569-4f65233165b4,Mr. Matthew Meyer
73eb2af0-08a2-46ea-81ad-6e4b96051f40,Brenda Miller
afad38a0-3a39-4288-bbdd-0140c8e3fd34,Cameron Martin
0d1173b1-41ef-4b46-aa15-0dd7d414271e,Ashley Franco
9c20ed1d-a757-4d31-8c94-f3e76acfc544,Brandy Ford
ba047c2e-3d39-4a17-b354-cf34cc37d186,Stephanie Nelson
17b361fc-e2eb-4948-85d5-4ef42b6215fe,Arthur Evans
1ab9f2e4-9d59-4177-9e77-c41bf1f1690a,Jennifer Richardson
a18bbbb4-4af7-4440-8db8-76703186ce3c,Omar Tyler
0a1c1b9e-dfce-45a3-83a4-b05acbff75b0,Veronica Buckley
643a5288-6956-4e18-b826-f911800b611a,Diane Nguyen
e5ae3711-d4d9-495f-9ccb-515e8d5701de,Brittany Barrera
8f5a7782-5313-488c-a9ed-bd741e9b3ee4,Susan Lara
73f0ef46-1958-4979-a99b-582798b61722,Ryan Carpenter
a7d90957-879e-4cf1-b107-64a985c7a816,Christy Acosta
f7a741d0-6616-45e2-a225-1ba7e8c9fe4d,Debbie Lopez
1e51115b-e5d0-4fa7-bf89-8a699bc761bf,Christopher Graham
121768fd-2884-49de-a9cf-2d6842b2f2d6,David Mann
d27034ed-717c-4a6b-87f3-ed4da7019039,Scott Jones
84abd738-970a-4d38-8791-2d95f88529bc,Jodi Mitchell
fe982e7f-7c01-4d17-a231-2323e0b2208c,Michael French
3e8b5afc-7396-4b02-80df-99703f8fed29,Kenneth Hudson DDS
d586e6bf-308e-4d34-b645-e03bce672ef8,Zachary Holland MD
1a892c71-4aaa-4a83-af20-81bb4dc02fe5,Robert Torres
0fa3a0bc-058f-4515-b800-9baa7a6ae5d6,Barbara Koch
e8b77c3f-eec6-43e2-b16d-bd63fbf3fcf3,Sharon Evans
672da55a-8319-4590-bfc5-65b6df4e3592,Andrea Callahan
8e0583ab-4615-4145-9761-1839b0f93d64,Natasha Wright
e8ca5120-9f4d-4198-87c0-65443239c0a3,Jonathan Rowe
d26b9293-9ca6-42b7-8a91-923beb693e12,Blake Matthews
c4bdc665-3c2f-4086-8e1d-27f07c977687,Maria Moon
48e74710-69b5-4191-b7bf-b1351b8de723,Andrea Randall
e47a12fc-c999-4fed-bf83-e8d849d89949,Melissa Martin
8f045b11-709f-4bda-9e51-b6097dd54c92,Sharon Smith
9fac021f-f2a1-46ca-b60c-b01817c4d562,Shelby Morales
2c99afcb-44ae-4c4a-84c4-9e5e24eb25dc,David Leonard
f156a5a3-d6d1-47d3-aeea-62e321680121,Karen Obrien
c70332d9-9d01-4379-8b2c-66d05cfd6cd1,Dale Berry
728d17ac-ccf2-4d57-8a82-f303efe82cdd,Erin Flores PhD
f292cbaf-64c4-4816-8ebe-05e3383ab9dc,Anne Jackson
013f634a-1ca0-41f8-8ff4-ab79c1b61773,Mary Kim
178a44f3-bfac-41dc-aba5-deaabee6eb67,Mrs. Hannah Figueroa
8cdb58aa-1e1d-4a41-8223-5aa4ac69eaad,Susan Meadows
bab0a05b-ee07-44a0-8690-2cd360dd2649,Alexandria Jarvis
4cdc34f8-7d8b-4f6a-9533-f8d5664b15c0,Leon Oliver
b7f65ff1-9709-4267-8636-1a7652221c2b,Julia Velazquez
ae3f924b-1ba0-430c-911f-4af8d062489f,Jonathan Johnson
bdeacc1a-9616-4b5d-8ca3-f70a76c5bb5a,Chad Walsh
472e128b-3485-450c-929c-73dfcd2e51b4,Brenda Hall
9a52e7de-1015-421b-aaa8-caf38dc7a17c,Carrie Russell MD
6ab3f563-e7a2-4580-9b0c-54481fd0eb3e,Stephanie Williams
c4dfe94f-a257-472e-a760-f5017e1d9b85,Stephen Archer
5d090646-2b0d-4ad0-88dd-8eaf7d3a079d,John Lowe
f0f0c171-f9ee-4bef-938c-8aced6b6b089,Michele Mayer
54ccebb5-ab18-4477-ba74-7e291faeb664,Michael Garcia
b00f65ef-9eaa-47cb-92fe-9843ce4585a8,Christopher Villa
f2a8b9f6-934c-4a28-859b-2dfd835ff9fc,Nicole Martin
7412af74-a23f-42d4-86db-a7efb08253aa,Vanessa Coleman
5781d2ee-df05-4e0b-8b01-40b82a76848d,Elizabeth Ford
89913b0a-5a2e-44bb-9c0a-e9320795c7b1,Kimberly Wilson MD
0b9c4a8b-a226-46a2-b178-7d70d3320532,Caitlyn Hill
45a77925-25a6-4767-9364-d8f194aa0104,Emma Mitchell
5d2e0e35-cbe0-4a45-ad5c-79150968c21d,Carlos Bass Jr.
becf2894-5f0a-42cd-bbbe-7ca62e602d2f,Aaron Williams
f36b57cd-51c6-4537-adec-4d4cd517b40c,Chase Garcia
a7bc88cb-6e3b-4276-8668-2ff9f67d02be,Deborah Page
59fe5788-8b2f-4e1c-a7af-e6ba86a28cf5,Debra Morrison
9c61f406-2776-4f06-988b-fdd25fe81c12,Maria Cook
707a092c-8915-4d80-a863-bd9f695dc2ab,Rebecca Rich
22c241d8-a220-480c-9a3f-3a02a370acc6,Shelly Benitez
b3baa1c0-6d68-4929-b68a-22ecd826c718,Alyssa Alvarado
b51f2383-1616-4c2c-8b0f-d8879f8296e0,Paul Marshall
b6c5ed99-c813-40c7-a67d-57ca030fe00b,Alexis Mcpherson
84a381aa-51d1-452d-a339-22973f7e71c2,Nancy Rodriguez
efa61271-a9b7-4bf5-a12c-bfc2c264cb8c,Cheryl Campos
2e83f8cb-4821-44b4-81fa-ff1d11cce2f4,Arthur Mendoza
11e7eab9-ffe2-49c6-8caf-d545e6b7a48a,Nancy Hernandez MD
c607b4e3-70fa-4bdd-bfee-630558b253b4,Anita Pierce
0d6d47cf-61b2-4a37-8c3d-9dd99473157e,Edward Bush
50ccabf9-b184-4979-97d3-fae9d2df00e7,Calvin Mccullough
646eaa9d-911c-4f2b-bacd-895ff7b39060,James Walls
3112ac3d-10e2-4ad5-91ce-7a0229ba106c,Alexander Burke
8fe8797a-a409-4195-938e-d7dab2691c8e,Kevin Jenkins
379f5a16-6fc2-45f1-bbb1-d717f5091299,Brittany Turner
c396eedf-ffc9-4e6f-9b53-6b81a6ede9c6,Anthony Dickson
a3e901be-e2ec-4c60-b993-9ef864907458,Taylor Blackburn
fc2d0fb1-4412-47ce-9ffb-fcc158a9f302,Amy Wolf
773e2e21-f74e-43dc-a360-ddeafb5d7682,Lisa Murray
66689103-1140-42eb-9009-01c4b5f31be2,Russell Mitchell
01f97a2d-f5ba-4408-9c98-90c1f60814ff,Brandy Harrington
2d12eac8-9dc7-4943-b81d-69be0d391c54,Kayla Brown
44027535-9938-4c42-962e-2b0c2b252134,Mary Dunlap
010992a3-a1b6-4d81-99c3-4850ffd0d66a,Latoya Garza
a9400a95-7500-485b-9f95-19ecb440e047,Stephanie Hanna
e408177b-5249-4f84-9f1e-1b446288e9d3,Amber Cortez
13926a61-e760-4dbc-b99c-0ec854cc6289,Jessica Bauer
915aed4f-22be-4060-a720-73acd23df837,Scott Chaney
30d211ee-d189-41e1-a010-b1253e936acc,Karen Sanchez
6214bf3d-6e23-4e26-bd4a-e517b3fa4fff,Eric Adams
651a3ad5-7b5c-4d96-9ba6-c8ac9ca9e71c,Vanessa Schmidt
61556b3a-6a6a-491d-86a3-c64d04df596a,Adam Rowe
02465676-2098-4ab0-893a-a9941c8a534c,Miguel Ruiz
05e3dda2-9ca9-44d0-822b-fb8bd136237b,Michael Mendoza
f7623e2a-a4b7-4ce5-a96b-88721014f067,Karina Zimmerman
80972de7-0056-4957-bbd4-0d28e39b98a2,Casey Martinez
8f7735c3-8d3f-4faf-b520-95f9b75bb153,Brittany Thomas
51ed519d-1950-4162-909a-1f03d0ec100a,Christina Patterson
f8419bf5-16a0-407f-95d8-7e4cec5c3b1a,Nicholas Mcdowell
96067d91-8368-4daf-afb5-58daa4e96036,Michael Murray
f6e09b5e-37bf-43ec-8c4a-91f5e7ebecfe,Jonathan Harris
af317eff-ec6f-44b4-9cae-28c4c31755a2,Dillon Jennings
aaef3138-22fb-4575-baef-9cf1c914c5b8,Elizabeth David
eb56b330-f990-4619-b182-be6c3323b2be,Angela Hebert
6f839307-e3fe-4755-a3fb-b15cf4b723f3,Michael Perez
6c02086c-eca2-414a-93b6-f90018be78f6,Julie Dillon
29e98947-721a-4877-9adc-de0e9d494d53,Emily Butler
02d54070-9378-4158-9247-777a5144558c,Nicole Perez
4c4ebb36-c0a6-4ae9-a005-76df3cf70a1e,Nathan Mendoza
e8ac3031-0385-4c68-98b4-53f9a77fcf16,David Reed
c94f4c35-0456-4345-90c6-9231b4330606,Maria Nelson
04991c9a-1f3c-4437-b628-b1a5ffa7c0b2,Ann Sanchez
a769dce3-c21a-4324-b8d3-56d81409ed4c,Ashley Smith
53dbe462-080b-476d-90ae-efd6d0386ac8,Kerri Blair
86b03f24-98f2-44ca-9ff1-e49dfe619a44,Matthew Carrillo
42a37dac-4460-43de-aff7-ac3ac03c3e9b,Erin Moore
c0b3a9a8-5553-4501-b7c0-9c79f212cb91,Jennifer Robles
ec3598dc-3323-4e2a-926f-e7cc3f2e3b9a,Stefanie Stewart
b328cebd-ab0b-48ff-a3a5-b1edc2349ef0,Elizabeth Hobbs
c79c0b11-d4ad-4b9b-9a39-553645324d04,Jeffrey Brandt
ef236f88-2381-405b-a1b6-f8d2d5b227f4,Leah Miller
05cfb4f5-da3b-4c40-990f-3ea50369ef17,Ray Jacobs
0ce17cbb-279b-4e65-ab14-8f37ffa82d60,Paul Gomez
747a518f-4237-435f-9205-3fc3ec37ae47,Cody Perez
91254adb-7045-47be-90c0-cd74b16900a5,Mike Mills
1c340c86-62b8-4d8b-b73f-14ea84e3c4fb,Jennifer Patterson
6131be67-3fb3-49d1-be28-01a9561106ec,Stephen Sloan
42b9b0f0-92af-4255-ba96-86a1b9250442,Derek Lang
71baf615-2dfa-4753-8781-4f0c96921fb7,Matthew King
a877b4d5-43e8-4835-a7ea-329145808871,Shannon Baker
d9f30478-25dc-4d89-b773-6aaee2ef5395,Michael Lyons
e0ed4769-793b-49b5-adcf-a9999e0ae741,Jack Huynh
93d2cc8d-f399-48ac-a513-0d4d38c30f75,Stephanie Campbell
f7a51872-0024-4cd3-9913-f72bf80f06db,Adam Barrett
a70addc8-49c6-4494-99f0-974d6b17fe66,Martin Henderson
beb37541-9fee-488d-9947-f8900ec067e7,Kevin Tucker
89c5c87c-2d4a-4af6-882b-4aaf406f7492,Allison Oliver
788a74fe-e03e-4de6-a654-5cf8caafbb78,Bethany Baker
68bccdbd-7bcd-4f44-96f5-088595648344,Taylor Smith
2d4d72c7-2fcb-4624-b31c-89f892361522,James Calderon
983509f1-ef4f-4766-888b-4a2d86b48e85,Michael Jones
39f37894-21a7-4dbb-8dfe-d0a23f672154,Dennis Johnson
901b45d4-6dd0-4ccf-acb0-165ac632e026,Michelle Mendoza
2b9a977e-9474-4094-aa1b-24ad17e34e37,Joseph Brown
7c6b443d-d392-4bf0-9b8d-5346370314c9,Andrew Foster
a1c00793-ce49-4e9a-80ad-b2bf18f6d52d,Wendy Tapia
291cc6f2-e5da-48e1-843e-8607c75aec26,Angela Robinson
e6d74d60-f477-4742-b651-0abf1c738d64,Justin West
a998e43d-eb94-47ae-9760-5d62a8791866,Daniel Smith
0a139254-95a7-4b54-8946-2b831e7cb7a9,Kevin Wheeler
a5fba838-1fb2-4ec4-af94-c796e0037c5d,Kyle Evans
66f812c7-0e8d-4deb-82f4-83c7d8ddc726,Kimberly Johnson
e10714ac-a6c6-438d-b571-d86aaa88443e,Valerie Bonilla
4008441d-6592-41c1-95ca-14d13a88430d,Stephanie Castillo
94abbedd-8c48-44c2-8f0f-a23df6785d8f,Lauren Waller
691a93db-3861-4bb5-a24a-85085df772c0,Gabrielle Hill
62172c75-bd35-440e-a257-2831c42efd85,Logan Livingston
b96e65c5-2b2f-463f-9b46-633e076ddcfb,Victor Reese
2f473b05-6a0f-4299-9033-7abc903f4335,Jill Reynolds
a82e621c-66cb-468e-a123-a7efa030bdf3,Walter Saunders
a6158b77-c65b-4322-8589-515b611d1083,Mikayla Cole
bafee34a-b4ae-4399-a44c-65ee987c46fd,Jeremiah Sandoval
5c3057aa-1fce-4c0b-8cf9-581e164658d7,Gregory Rush
6c0e930a-3141-4a68-9a6d-f9539774f12d,Steven Huang
1201323d-797c-4160-94b2-ca702863b545,Mary Martin
ed447df5-8d29-4411-8487-2368fc886d5a,Mrs. Stephanie Riley
9cba316b-2ea6-4a5d-a5cb-650bd9a70d7b,Alexandra Colon
ef9a12f8-60df-4694-a08b-cc4798c37200,Benjamin Jackson
a81d76c7-bf35-403d-83af-0e23dfeeb4cd,Kelly Carpenter
7d9a4163-d87e-4e0d-9356-b1aa890fe5d9,Monique Martinez
e8f6cbef-2b83-40e7-a678-90ef8af094ff,John Golden
99e33b32-a4ab-4167-8fd2-8d7d846f321d,Austin Tanner
a4c2b54b-52c2-40f0-82a5-3a6dd5050562,Rachael Kelly
8c800bf3-eeca-418d-932d-7b42a96ee4f2,Mrs. Karen Martin
bee827e4-e3ed-4404-8f80-6ddb3d93ceda,Melissa Smith
f776d987-5b2d-462d-9222-330b8f9b8c7a,Brandon Ford
75fad778-6b6f-4ad9-a7d7-7239e2be4eac,Daniel Kaufman
d71bc20c-8b09-44f3-9df1-764ae545e604,Robert Riley
6660f6ae-0943-4a7d-8c9f-017c9b31ab75,Taylor Smith
ce8ab72e-f3f2-4786-a31a-686734978040,Garrett Sutton
561e5779-878d-47de-92c3-cd012f3acf71,Robin Reed
c1eab56b-63ba-45ca-8f55-a447c5466ba4,Christopher Haney
12dcf9eb-5afb-4e61-9789-73e700e47350,Laura Sparks
0a3e1846-b9d5-43e4-ab3f-d79cc305b2be,Michael Porter
c04863e1-d06e-4f88-875e-2cb84be86c09,Robert Young
10549f50-033f-4d17-aec7-4c90d8c6019a,Christine Miller
c1e28246-3e1c-41e9-bfd3-93f44e06cb9e,Stacey Ferguson
15e63df5-2f01-4940-982c-8e78bfc24cd4,Max Alvarez
ed474d98-1630-4b6b-b2b3-7523d7a2d505,Harry Smith
0dd00fb1-0a1a-4688-b201-7f42923cd55f,Ellen Henderson
ac326fb4-be25-487f-909a-772c46e0731a,Maria Morgan
c4574113-6026-40bc-ab13-34cf1ea111fd,Jonathan Moody
bbdf5b5f-f60a-4cd0-be45-e9f96188cafe,Amy Robinson
ae169dbc-ad96-4aa6-bb32-8086ec9a6774,Larry French
b77aeae4-3b71-41f5-a91b-757c3682fd9f,Brian Fields
29936d46-4b1a-4cff-bf15-ff3e5d5882a8,Daniel Little
278d16cc-518f-47da-bbd6-2b29c9cb1840,Kevin Salinas
a28b3731-6081-41c8-a341-62a06a30e983,Raymond Garcia
881a5d20-6d48-4c67-98b5-8716a6576581,Robert Mitchell
be0c05da-e9c3-40c5-a736-a90ccc2d1ce9,Kelly Pearson
f5317304-b97b-456f-ae5f-dcfb2d23321f,Terry Simpson
ac9ba7ee-240b-4c49-9fa7-5d0b75f9d14b,Christopher Moore
d313686e-dc64-49af-9cd6-e88965d7ecd2,Patricia Webb
b4fa2915-39b5-496a-b918-8d1627153482,Cody Vasquez
1d88fefb-2b7b-4397-a62b-393e6fce4c5e,Patricia Collins
e865adca-91dc-4c82-b813-ad33ca18d3f7,Justin Turner DVM
4ee1a2ea-8dd9-4d32-92fe-cadd1bded833,Alicia Blake
a3384a07-2213-468b-b5c2-e1258ff0f10e,Brent Barber
527c3633-0076-48b7-974c-6a9f191dda6b,Angela Liu
7c7ccdbe-7737-4da2-b283-826933c688b6,Dean Booth
fe26582f-137c-41d3-9b4b-06d9396d9c56,Michael Mills
aae73616-3fed-4225-8aab-9e35c1c98bdb,Sharon Sutton
ea33b2fe-a2bc-49a5-a58a-e01c32c13407,Randall Reed
c1c98c0e-9ff2-42ac-8d73-0faea01e23f6,Emily Liu
efc4a789-395f-41aa-8dec-396e3e526b97,Mark Garcia
0fc1b4e3-0d6f-4f8d-a7e1-d806ce9b7fb9,Andrea Obrien
6e211616-fb38-4825-a633-a1f442ef14d4,Jeff Brown
fb603d41-c20e-4f9a-9e1d-257b39bf5e1d,Samantha Miller
19ff7b7b-365f-4750-8d54-ccc98dd4c670,Courtney Rivers
4fad6bf1-8360-4771-926c-bfcd039b9476,Dana Simpson
aaa0a832-c517-4e26-b6ea-fefbf1f28b19,Jon Rogers
936d931b-f472-4d44-98fc-1a3170e8039d,Katherine Martinez
5c74921e-da2f-4e9c-8d1f-64a8b8095a19,Brittany Peterson
c8a74d5d-5532-487a-91c2-e0c617ee5c45,John Gross
07863fd7-47d8-496a-8a99-85b222101eda,Benjamin Davis
3b356203-2df7-4105-8fe9-d043e72936e7,Emily Parker
0064453a-9888-4917-afa3-fa046ea1fe2f,Brendan Atkins
4eaf0444-ce36-4358-8d08-935d1397edc0,Jerry Kelly
0edc7818-446e-4a6c-9c3d-24d8f45a2794,Ryan Rose
51de1b1d-6596-4052-8d8d-2acd8d3c6dd4,Henry Strickland
60cb30ce-a2fd-42a5-83fe-ca09210a9b99,Gregory Glenn
ab2e8f5e-8c92-4554-8586-a9d5bc95ce1f,Michael Harrington
25199497-4564-4c1c-8364-f9ff39c93814,Jeremy Riggs
3a510643-0d0b-4ce4-bf76-469ecc11c4ea,Scott Jackson
c7665d65-6879-47a6-a6cb-39dff8cec950,Stephanie Powers
0f95d8a4-4ea6-45a7-98d1-d97082f011d8,Robert Marquez
33dd373b-89e2-4b1b-b5ba-6cffe4a0cb8d,Andrew Lester
399ff351-704a-45a0-bf4f-8af76ecc9773,Jessica Lynch
39fb96bd-64a4-4c9e-8ce3-1a7d90606b73,Marcus Wood
3bb23fa4-e96e-4fe3-bd0a-65228e503993,Terry Welch
b1e2baca-9fff-4165-9c57-40f35cbdf61c,Vincent Rogers
400224a0-f374-4d7b-8e18-af21add8f1d6,Jody Foster
855ed38e-9086-47d8-9003-d212486fd97f,Douglas Vasquez
524fd2c0-f9a6-4dcd-b1a4-b3f0f1edfd3a,Megan Mcdonald
28de888b-724f-4a2f-8eee-61b7a103a400,Shawn Stevens
773afbcf-d94b-4e69-8187-d98d2773d2b9,Sara Dominguez
f62e2acc-793c-43aa-b361-031ffc9948f8,Karen Bennett
32a34a07-b5a8-4e17-bb9f-2a222a19ea13,Mary Mills
3daad3ee-1f54-4111-ade0-a6cc7eaa39eb,Dr. Ryan Wright
1c2f3e9f-d84f-44bb-9d60-fe9a6458d397,Jonathan Lee
cf7ab25b-b3b2-4793-a5d3-6d4691bae90c,Bryan Thomas
dc7783d2-7a61-4e8d-bc28-059f6db22b23,Gerald Figueroa
e027d80a-35e7-48b2-98f1-eecfed6530e8,James Brennan
8b5b3701-27db-4ecf-aa18-bdfd3cd7c5bf,Robert Oliver
a8149641-4bc4-4eea-b66c-eab7fa96d0ee,Karen Brooks
37765a05-2f42-4586-b8da-e4e0ebc1f163,Christine Morgan
8042eff1-b6e8-47a7-be0b-2728f874e7ad,Kerri Wilson
ff220387-0ae4-4590-8d90-6d3b586a1dca,Ashley Patterson
b2ea008e-0338-443c-9eda-6f8b8c5b7148,Jennifer Porter
4c8f78f9-5657-420d-bfd7-00785489f016,Gina Green
df2f6c68-cbf8-47bd-9cd0-b3d6bf1b9d96,Julie Wyatt
e6021cd2-352c-41e1-9817-9cca6277563c,Stanley Crawford
e99f4973-9594-4c77-91bd-29fca051c17a,Claudia Jones
8e4d48f6-faea-4c08-bf72-a93d5e23dd27,Christian Young
f1cddb47-0dc6-49a5-9316-3eeea6dd31fd,Maria Phillips
a1dc0f21-69a4-4142-bf39-8610aae41335,Jean Rosales
e34dc62a-2f4d-4413-a84d-3f784d8df1ce,Meagan Robinson
110767fc-2409-4c44-b870-b02bff0f68e4,Allison Young
7c213d92-7194-4762-afb1-ad00e6009a03,Todd Cook
e6bc5377-7765-476b-b613-7c4053ab0d22,Daniel Marsh
872de132-34c2-43b3-af42-3ae59ed34e7b,Matthew Love
2c484a84-060a-4fbc-b09b-e00b61dd9eb4,Brandi Douglas
52f084a4-d5bd-4a9f-83e8-e3d13f6da68f,Teresa Williams
5b3158a2-b5a1-432d-b35c-5e9cdc0d7c63,Erika Roy
da6f80d6-ca75-4062-a8ab-a97d6b5f68af,Douglas Coffey
6a53e407-d0d3-4058-853e-881e42f27fc1,Brent Conrad
1bd5031a-d0bd-4640-9726-81993cce47fe,Brian Sweeney
a9da11fa-eefa-498f-864f-fd447c0fbecc,Lisa Aguirre
8f5970eb-a227-4dc5-b2da-0b21b282eae4,Robert Williams
caf52942-3f52-4c65-ac5f-8536d82e6d18,Margaret Hart
fd7533fb-84a8-4481-b0a6-cb1722e89a54,Jorge Ellis
96e6fedf-c55d-48c7-863a-24275d39e32a,Nathan Webb
510979d7-5f97-4d4a-b31d-e7df187bcb99,Christopher Townsend
15493d36-02d3-48d4-a2b9-448ceb871b15,Patricia Williamson
57e83aa3-1e57-42c7-87f8-a61798838de9,Kyle Carroll
fd96b538-2637-4797-bc35-9affc17aa2d1,Denise Clarke
1099089a-7254-4567-a077-b10a17da45f2,Shane Cole
e08a6af1-8dd4-4216-9fb9-993d72d9ed33,Eric Mack
f7d766fb-d289-4ada-921b-2281689f03d5,Richard Li
88feaffa-31cd-4d50-904d-d78a5280fb88,Samantha Arnold
60ef9598-0096-4289-bd39-9d10b6f1da3d,Alejandro Adams
a1da7dc6-54c1-4f0b-87fd-e4a55969e1e1,Brittany Johnson
a62eb08e-ce5b-4330-a169-65ba73b8586f,Kim Gallegos
2fbb9c44-e8a9-4611-a0cd-9960a7784e88,Shawna Knox
8e192e3a-4225-4380-8258-15500be881d8,Thomas Watkins
c6d326ce-1ea5-41e8-bd6b-f6a3316669e6,Jonathan Schaefer
6f371c42-c55a-43f2-874a-7eacce132c35,Mr. Brian Wilson
b2d73997-a94b-46ec-821f-c7c7e5184020,Cory Thornton
c65b8a74-5ba5-4f94-bd92-0fd1679b85fd,Cindy Gomez
2355e4e8-18c9-40cf-b8d1-b7fd62912cee,Valerie Howell
18eabbb1-f815-4a4b-a859-1f4fb580297c,Deborah Peck
d3dad778-7ddf-4151-9515-96701893f5cd,Carrie Silva
37c70abd-90c3-47bc-aac0-f8ab7713e1f2,Paula Mcdonald
2573f2f9-5598-42bf-8275-81f002340a42,Matthew Williams
1d4ca8e4-4e9d-4467-810b-a11ca0872469,Jason Callahan
bd530e7a-475e-43b6-ba74-635366e4bfc3,Dustin Santana
13d0d9b5-19b8-4b19-b9fa-af1d67b5489a,Jean Hansen
da41eecb-6480-4b80-b887-80b344cc21ba,Gregory Roy
e0b22ce5-9d3d-4e8f-ac84-43fede515fe7,Gloria Huynh
b599ac90-6e3b-4992-978a-8cc7afea02c6,Glenn Galvan
654aa6ff-1738-4821-aadb-5f2e2ecacedc,Mark Jones
4170fee9-1fa4-4726-b274-480e69236b44,Kristen Jacobs
f9625b86-ea45-4444-9e8c-9ccdb28944ee,Monica Bender
f9c4bc72-b123-4833-bcfe-d3721b04bb6a,Susan Humphrey
d83b14ca-2577-4cdd-a361-d8222729b07c,Paul Gardner
7502c77f-e263-4f91-858c-217d9afedea1,Kimberly Cherry
1f70cb9c-c7b3-4453-9f91-1dcfe544b094,David Lewis
34e04eb0-dd80-4878-91a8-2b24fa57ac49,Ellen Crawford
30b438ab-570c-48bf-ad9b-17f1d1787827,Fred Gibson
8bb94900-e9d9-4ae2-9161-dc59921c7fc5,Krista Young
19d70524-f774-4428-bb4a-198fa8f06d75,Michael Morris
c72986a8-cea5-4fd2-a548-a5ba4fd38220,Mary Harrington
bd4836db-1c8c-43c0-bcc6-5733aca4fff8,Michael Miller
feb3660c-1c21-444d-a492-a4a1ebbc1d04,Amanda Kaiser DVM
faf2f2e8-8d91-4622-a35d-452dbbecc550,Jacob Barrera
a6d6671c-39ac-4035-85db-f134bd356572,Chad Willis
394a2253-51b7-4c35-be54-a8b349881b0d,Charles Pineda
50a59257-e240-4c41-a287-e388e30a8759,David Schroeder
deda344f-f460-4226-9e24-3412da8724d9,April Baker
e721dd61-fe73-426e-98a7-88820a02818b,James Graham
045da5bc-6d74-40bd-a510-7f6ba87c2c09,Thomas Williams
eb3c7a7c-90d6-4a0d-a6b3-a47f558543ac,Amber Rush
1564bfcd-4320-467f-8e37-1f5e20826b85,Roger Campbell
7ea3cf53-36a6-46e9-aebb-eb9b1a4a7d65,Brian Ford
2da8d778-bbf0-455d-af65-f5a2bc4f2f58,Matthew Walker
c8075783-4809-47be-940f-c17d26329d66,Timothy Ferguson
510808d6-7494-4b6a-b170-19ffba4247bb,Karen Howell
55185cb8-cf63-48e1-b0ff-6b10860471ef,Jeffrey Ball
0151f376-7f93-42b4-9c2d-0c0bae4cec37,David Oconnor
6129360a-19b3-400b-9317-dbc841934b47,Tanner Collier
4388e7e2-8c85-43d8-91bc-a7b1c3a40802,Lynn Smith
5e99b281-72e8-4834-8104-ee7733e50f1a,Steven Flores
e82c893f-96d8-429b-a33e-51b84fd5f41c,Christine Mendoza
1a4170d4-55bb-45dd-86d6-56f7238991db,Megan Sharp
49cdf7f0-437a-4688-93e7-e214a4f1e464,Michelle Barnett
5e4b0847-6f48-4200-8029-e5b789a3f451,Melanie Mendez
018f57bb-2d88-4271-bf1f-23b60a2a0bd8,Amanda Johnson
f2420faf-429b-4e9c-ab78-bfc93981b35b,Dr. Shannon Carter
0db6909c-e4ed-4be1-930c-65fa0e8fa47c,Jerry Wilkins
93aba71d-75c4-49d6-a785-78a18fe5b1ce,John Chavez
73e87ee3-32b0-4f5b-ae83-9c1382b666d2,Jonathan Lewis
8b3473a6-15c2-4791-9af5-223857201d61,Thomas Burnett
36cba199-704c-4e70-81a0-4688147508c1,David Sharp
24e8745b-eb45-428c-a28d-99397d0799be,Tracey Larson
37870c64-2b58-4998-8d88-bd78ef81449a,Charlotte Davis
ca893707-08d5-468a-9abc-dafd29543f73,Tara Osborne
472dd2e3-cccf-4c0e-b0f7-beabfcaebd19,Gilbert Kim
515bbcd3-d382-4837-a290-62fcc9519a06,Christopher Williams
bb1aa184-bd4f-47bd-a8f8-075d194b7bf0,Jody Valencia
4abbb9cb-b6b4-423a-9d04-3e56fc895931,Jasmine Murray
9ca55010-907c-4272-9f93-bfca15b5522d,John Lowe
ad2393bf-170d-49d7-a6c3-afb81cfb23c0,Sara Stephenson
0151bc1b-e10f-4d9e-a853-4d82134f2931,Shawn Cummings
35ba7d89-8fad-4f5c-911c-aaff0066f3cc,Kelly Wells
ada8848c-11d6-43ac-99e9-2f9942e37ae9,Sandra Gordon
eed4a9b6-82a8-4448-949b-345142535cff,Donald Peck
c57a8577-bbf2-4103-9030-0afc6cf3ad86,Kimberly Kaiser
e21d0bd1-889a-42ae-9f58-d4460af3f421,Erin Lucas
0b171de4-1aa9-490a-9cd3-a76a79a39aeb,Danielle Gray
cb939dde-da4e-4392-a3fe-cc7f741d1c60,Brandon Shannon
a6045391-0539-4cf4-bb0e-334cd559660e,Charles Carpenter
97e8f86c-6931-4675-aa85-60baed6c4bbc,Lisa Snyder
26eecedd-ccf1-481a-a2e4-aa51ec967d42,Taylor White
f5bac1fa-3876-43fa-803a-afc9bd616c8b,Daniel Mendoza
2a3af0f2-bbca-4f00-a1c9-db062b053c66,Benjamin Thomas
823dcd57-540a-4929-ad68-f71f09df4fcd,Jessica Richard
22e9378c-9bbb-448c-9a86-853c890f2dc8,Sara Potter
19eca659-7cca-4ab4-b952-184963b3f101,Brandon Lang
3ebe07b9-2768-42bc-a877-a06127303c00,Brittney Baird
40953b74-79aa-4d9e-a930-14de90693436,Kevin Graham
8d9a1d48-13bf-472c-a51d-bd9f6aa09f5a,Susan Castillo
b585671d-1ec6-4d27-b080-746f10fe1c2d,Deborah Morgan
c8dbf74e-07ff-4805-a557-855fc3d200ed,Curtis Moore
0da132d1-2986-456c-9aad-231ac8b19785,Brett Allen
7174c416-4fb1-4d85-8712-5b6e3dc0f780,Lori Butler
3fc89999-b7c0-4497-9b88-fa55109a5fb0,Emily Anderson
1550a5fc-ee5b-47f6-ae9d-c32e08b4c8f8,Wendy Ramirez
57b033ef-e8e4-4784-a928-6052a2197575,Erik Mason
a99fe812-6382-4de2-8b9a-e9b2d70fceee,Kristin Mcintyre
b867bc36-9fef-4840-a2c0-0c8cdd84d7ed,Maria Rodriguez
2e11c50c-2c6b-4049-bcdf-6ccc7e878b42,Mark Smith
44e5eadf-d2ff-4750-80f4-af23d882db3e,Katelyn Alexander
7fa2f854-306c-4e92-828e-c7747b740e6f,Kyle Jones
2e857830-e649-4860-b508-9670bfd30156,Vincent Clark
b1c0fd3f-7a2e-467f-a7ca-827152fde1f8,Anthony Stout
fcf6e0e4-a8a0-41e9-a3fb-05189f742e81,Christopher Schmidt
13c32d90-f673-4617-be96-e28687ed760d,Martin Barnes
edc427e5-eb8e-4f07-936d-5e8f6955beb6,Christina Hernandez
df6e506f-9e1f-43f6-9d3f-35690cd1a8f2,Ashley Elliott
49d6921a-c7d6-425d-a82d-07d776f3b0de,Nicole Hall
5cf47fc3-c90b-4a30-ade1-560d542ad83a,Michele Moore
8bdd688a-3fee-468f-a489-3c0fc4cdf2c0,Lawrence Ochoa
e2ac6637-6b41-4b52-9523-b071ab3b1657,Russell Hutchinson
e932b189-648b-49b9-beee-ea9cb88828c4,Thomas Martin
4f12573a-3582-4efd-b7b9-9625195a0bf5,Carlos Campbell
ee4d5a98-cd80-4f46-81ff-b96034b3eb19,Patrick Thomas
3441fa48-3bf2-46d1-80f2-0a1305fb3c5f,Sandra Farrell
25af5c2c-0ba4-41bf-8155-520dbed49b3d,Paul Grant
a02207a3-bed9-48a7-8f08-8523035215f7,Matthew Jackson
46d9a0e3-0b69-47ef-85b8-580368c87d32,Robert Allen
4e9a969d-480e-4e0b-a4b8-41179e5fbf29,Kathryn Black
4defe1ab-2bcf-4ddd-b507-ee8f29e6faba,Tanya Craig
2b03f554-a687-4971-b00d-b59ca9eaeeab,Leah Hensley
efd301ee-eafb-4d05-99c4-f8e5b6a074c0,Joshua Proctor
716717fe-48c8-41e8-a639-61b6bd8e68fd,Miss Carol Garcia DDS
1a710f67-4104-44cc-b9d5-1391d8f8efa8,Kelsey Walker
18ab40aa-9c52-47ca-89e5-9f2d7ef92a4d,Nicole Morgan
95b3be68-c623-4a61-ad90-cbceeaa00f40,Stacie Cook
72acbf16-b3b9-4219-a7c5-e7f1cf685ef6,Amanda Snyder
d0f34d5c-4616-41ea-b679-4db673672c33,Timothy Gutierrez
95bdd004-1112-4acc-9318-2ef9c9e99260,Larry Roberts
56d15989-5606-4513-bb8f-ac00160c70ef,Linda Johnson
7c7cca22-a30c-48d2-a6e6-2c5802f9cb7a,Amanda Foster
d06c26d5-01cd-43d1-8355-b9bb2e2db8f9,Jeanne Morrison
3aaa6dab-e7a4-43ad-a35e-ecd33710f909,Lisa Lee
91411a76-467c-44fe-a622-742b16d632a3,Theresa Barrett
4e0a4908-35d9-4829-8743-693f3ed49f71,Michael Gonzalez
e2ab6ba7-45d7-4a6b-a53b-bd6d85cc3ab9,Mrs. Shelly White MD
c60763e4-878d-4e34-82d5-e1bb531f9399,James Grant
17197a61-8cf6-4584-9487-870dec38c8ac,Allen Harrison
b35b76bb-1802-4ad8-a983-24a1305122be,Cynthia Gonzalez
fbb928d8-cce5-459b-89f0-fa0b61302ab3,Paige Gonzales
cea68095-ca64-4440-bd82-321e756cff30,Nicole Lewis
06bb1534-b939-46af-8367-f8ee4530d821,Teresa Moreno
300ef41c-ef9d-4c19-b8a0-2590d38f077f,Sabrina Black
0fb11d95-8005-4446-8fca-87f181034611,Charles Johnson
01657f7f-bc1b-446b-a51c-7099d824bfb0,Joshua Smith
d9575509-1581-4199-aac9-5b630c9b7fa0,Trevor Gaines
4dd5d8ac-2538-4b78-bb45-fcceb2774b05,Kimberly Mccann
d87add87-2592-413e-a402-28e3dd5c39e8,Natasha Thompson
92a10a2a-5a9c-461d-8eed-b3e0c280c5d3,Alicia Finley
420a4587-8f04-4909-abb1-dd5d805df796,Janet Martinez
c156f482-2219-4e03-8473-0d8354b4fd16,Anthony Simmons
9322d449-56a8-43b5-9546-b34d3248a116,John Gilbert
419c8857-b7b2-4910-b58c-dab92d54d578,Steven Reyes
e0f485a8-3729-43ea-9388-917e9f6389a6,Bryan Bell
64de4d4b-a14b-4eec-a719-8cad205d5b1e,Dillon Coleman
6e111694-31df-4f07-a309-360a2fecb1c2,Richard Baker
df955671-ca63-4b2c-9d17-305a06db4ef3,James Mitchell
6f9d7709-b8a5-4955-921e-c4f711ce9863,James Anderson
09ce87a6-5166-4b04-b70e-4e0946be3765,Jennifer Stevens
ff8ffce3-c92d-471d-97a8-536fecb6ff02,Jill Mcknight
5e868d71-0766-45a8-9b80-3a6b2dcca4f4,Vanessa Hernandez
01172cb3-67d0-4f9b-adad-52dab80a670c,Charles Adams
8814fafb-f663-4281-ba9d-2319169f9090,Joseph Mcintyre
1d6ced23-a6f2-4471-8f2b-cbf1545471fb,Lisa Roberson
294e88aa-7c86-431e-9227-e4d8cc2d85a8,Karen Pugh
1166811a-c0d3-452d-905b-7aaccbaa716f,Michael Fernandez
7e9f77e0-4a02-4ad1-b8b5-546ca32f3117,Calvin Strong
67060b9d-33de-40de-92f6-bec93659b23e,Amber Small
42461767-1d4b-459a-a943-17cb5f2a2134,Susan Odom
56243677-a923-44c6-8e32-72574489d562,Sandra Ibarra
a2ef9ac0-4952-44cb-a3b2-c4fbbb511633,Jaime Wood
1e293c67-4a16-42c7-bca5-d553efcd65bc,Kelli Williams
1d313233-7776-4d7b-aeb1-dc315a9f91de,Michelle Patterson
b064992b-14a1-49d4-8b7b-eb99711697bd,Kelly Kelly
b4ee4d3f-539b-4048-bfe2-fdd98f5c9f60,Barbara Jefferson
a58c2e8c-cf31-44ed-b422-da919a26e985,Sarah Smith
33311629-26c7-4e24-974d-c87033cc0b6e,Jessica Griffin
0f847ca5-ca87-49ec-8189-b4778e9951a2,Kimberly Johnson
0efacf9c-05fd-496e-9b9b-0be2c16ea39d,Amanda Nelson
54c1363e-b303-4b12-a2f4-bba8feda8f58,Justin Hunter
9e2c1c27-9e84-4879-9423-2e9307c5d354,Dawn Keller
61c1ba83-8366-4a56-a100-e5572de24c1a,William Wallace II
a8e2922a-bed3-4917-a6fc-37be9d636dba,Rebecca Torres
8e5a9dbc-c925-4250-8089-ad51a9d0e561,Darryl Green
75473a6a-30f1-4874-8c38-5cdc9d391665,Steven Hansen
cb035ee9-df3d-4bdd-a228-8c5785448aee,Michael Gray
d9c73e95-0bf6-4730-956c-630dadae28b7,Destiny Simmons
a43bf49e-f21f-4277-82b1-345718335d56,Henry French
f462769e-2112-4c9b-9400-74e3c27072fe,Amy Simmons
a41f559b-e41f-4425-b03f-5e597f18a13f,Susan Hernandez
3f93b1d6-1270-4a70-8ef4-cdd2586964c4,Thomas Fernandez
28533ad8-a69a-40c7-b0e2-1dc8c572e88b,Timothy Bowers
6b875e4c-cd7c-48f4-9fa1-36f43ceb19ae,James Cook
efe349a4-0d16-4a1f-8eac-782173cf4020,Kevin Booth
977a9bfa-1397-429d-9d06-b6db84bf93c5,Philip Lin
e9f8462f-790c-4d04-a53b-9744b1b7215d,John Weaver
f7e461bf-3ff6-4049-86ea-5a2dde29e824,Steven Hall
d80060af-7b41-4ea4-b4e1-75bb5a6f5b37,Jessica Meyer
ead27a2e-4d73-446d-a0d3-cf0d9d1fdad3,David Smith
756c97a6-0029-44b4-bba8-95abb6157927,Keith Perez
5b2069df-77ab-468a-8fd4-4e5bfe21f2b2,Paula Craig
13688a91-1d70-4ff3-b4f1-652b5966e493,Garrett Black
1fa47a20-9eb2-4b3c-a9e3-e8643341e542,Gina Bradshaw
4470b5a1-8f7a-411e-a3ef-8eec3ce9b903,Alexis Gutierrez
b5f2b846-4a9f-42c4-a503-5cdd42c0b283,Mary Wright
cc11291f-8b62-4dbb-9adf-54704c3203dd,Clinton Knight
59e4f4c8-e4ec-4a02-8948-3bd2c000ae27,Theodore Anderson
4d36f6a1-8a0a-4a0d-8b6e-15506bc9ad23,Michael Schultz
c3717f45-3b30-44ec-a72b-25aeef6ce0ee,Sherry Thomas
2d65bcd7-57f6-440b-a646-a04d109a7666,Desiree Scott
5691262e-a591-4c70-907f-fe17d3b24803,Christopher Wilson
3a3aada4-f9d9-4aac-b1ef-cd2491160989,Maria Fields
38377e06-93c6-4b55-ad0c-2f06e233918f,Johnny Lynch
b65cd71a-488d-43dd-93b9-0ea3adbe015f,Alexandra Chan
f05c000d-0442-438d-81cd-48ed31779360,Mark Smith
44322dc4-6922-46db-9178-16bb82785b59,Dustin Reynolds
0b04b145-0429-4120-966d-550f50afb51d,Amanda Diaz
58ecf4d1-25f9-4cfd-b6bc-8e8965cb11df,Emily Brown
cd4c21c6-2333-4cb5-a55b-0249bff05095,Caroline Lucas
9c6d0096-a993-49df-84f0-bfe28cbbe3a1,Kathleen Kane
b924508a-c99c-417b-86ca-5c300d9326d3,Melanie Cervantes
57c80f0d-86fe-4f55-857c-83ec447e64a5,Ashley Bradley
bcb26243-9055-48e9-93ea-91cc50efd78f,Brian Smith
d1d27dc4-59f9-4db1-86eb-cc8c8c94e9b7,Steven Wood
c5852ded-428e-4b82-832d-74c92b8ca3f8,Kathleen Fischer
0930ba20-16a9-437d-a068-408cc7ae1381,Brandon King DDS
cbdebc1a-277d-49db-8c74-338099f2e181,Erin Murphy
c4afbed1-4b4d-4437-b2df-024f76d6bdeb,Cathy Hernandez
1e3a80d9-6b47-46e2-bc16-001cdf0fa021,Jennifer King
0d68179d-c51d-4917-bb24-3976e6de6ef8,Charles Allen
ff6d4069-c048-48df-9947-7ad38dd99a8a,Derek Hunter
a22dbf91-2ecb-480a-bf4b-43c073e0d3ec,Victoria Terrell
20e4a78a-4243-43ae-a3ec-e1e61290f395,Alyssa Martinez
77aef919-53fa-4688-a568-7308ed368913,Teresa Summers
35f83169-50b1-4adf-bc98-0823ca3dbdba,Chris Graves
f5a7e99f-c820-4a3f-bf65-e1d2ad328d56,Traci Maddox
ae9cd553-e0b3-4038-973d-f77a26ec5978,Dawn Thomas
7161be86-5658-44a2-8d06-d65f6e5eea47,Gregory Dennis
e314860c-b307-4330-9494-159c35bdca8a,Molly Kent
45033a9e-b1ae-4654-843a-cc8ce3ea0c9b,Mark Guzman
221dd3b1-5cfe-47dc-8a5e-2fe4639ce2ea,Eddie Brown
eb024260-0e68-4875-b834-70cf13e93f0d,Mr. Christopher Price
53d10e33-b056-4a37-a44b-d61f724b44de,April Morris
a893a8af-0a50-4f3d-8846-cf69983862b3,Carolyn Carney
fb887fb6-072f-40e7-9cd8-f2623ddaf720,Linda Thompson
55aa062e-c4bd-4e86-b4cc-73df196bfa9e,Heather Mason
868aa46d-a208-4416-aeab-de57c1bf4832,Jerry Thompson II
0f24914e-2011-4d88-871d-77f5b924a070,Destiny Roberts
d531453d-bc33-47d8-b8b5-e1a73a5318b9,Nicole Kane
7732cf5b-2f43-4dd4-b0c4-54cec0aead95,Lucas Fields
d0c51871-b190-49be-b9e0-bc7be34f612a,Jennifer Atkinson
2e9b12d5-ad4c-4cfe-8abc-b246ea64ff24,David Hammond
6ac691c1-9310-49f6-b089-14f51c99bc9e,Robert Underwood
bc464ba0-6646-44cc-99cf-c0f8a447a495,Tracy Powell
60a9c94d-16d0-45e0-b438-e42941848b6f,Kimberly Wood
b29740c5-e34f-4368-8c99-756c904d9a0f,Stephen Acosta Jr.
fb484096-855d-4f57-ab6b-7d6e48740730,Mr. Leonard Mccullough MD
f3b89eaa-1c60-4fcb-a466-8678a9749afc,Cameron Smith
20d11c13-c4cf-4c2e-bbb5-90e9d6220569,Christopher Smith
badf62aa-a5f6-4214-aca4-fef5326cab9c,Christine Wilkerson
f63b200c-b981-4078-9729-a63df0936aea,Ronald James
2bc88ab2-f890-48f1-aada-a42812cf0a6a,Martha Johnson
fb523462-26f8-4d4f-8e1f-371d8d794b2c,Christina Johnson
851cafc2-a45f-43cf-bede-cdb27906b3d6,Lisa Palmer
8cf3a4b8-c866-4d32-93b9-70f88f3ac82c,Ashley Santiago
6eb0f5b9-4821-4056-a90e-c28b6a72e18c,Trevor Bell DDS
3385fc32-98a0-41ac-a4db-5a7acb0b204c,David Hanson
7e1daf11-46d0-40fc-a4a7-dbd65be259a2,Patricia Johnson
663df385-c143-4c09-8ecf-35fe29007ad5,Sarah King
3b1b3c96-c0f5-4df5-9cc9-6e1cd39f72c4,Dr. Alex Butler MD
b09e3b7b-5478-4033-a910-a0fdbef16fde,William Rodriguez
06c3cf0d-4311-4798-9924-2804416b720f,Corey Rasmussen
695d7765-7577-4755-b6fd-25cc745bb8e0,Anthony Wells
975682e4-75f3-492b-b149-c1d198f8c3ef,Walter Allen
a9f7d872-8a79-4554-b1bd-661a2d43d470,Daniel Chapman
748e4173-e929-4fdb-839f-b015f404d58a,Richard Jones
2b2aab69-6212-4ce2-9433-5e469676bee2,Elizabeth Arnold
f6e237e0-1267-4384-bae1-6e5839cce5e5,Barry Maxwell
e588359b-14ce-4b23-86b8-23febe07ed4f,Melissa Larsen
ac2070ab-37ee-419f-91d6-80541f00bf8b,William Hodge
88451dc7-6e39-448e-b17a-6370c27b5625,Miranda Myers
b210c563-73a7-4f9a-b18d-28503cee6b82,Paula Garcia
d6681797-fade-42af-9d0f-72feb5efd375,Christopher Holmes
23131b58-4c75-478a-b8fa-fc004d3310bd,Andrew Aguirre
13f053ec-050c-4bb1-8ac9-99f1ca05237c,Anthony Murillo
4fa714db-1bbc-4480-9e0c-d60a2ae68d16,Samantha Anthony
59cdc4de-4ca7-44c7-b91c-5f7db76fa1a6,Natasha Johnston
67fe6611-74db-42e7-b939-f29a0d690b3d,Kathryn Mendoza
a140a38c-8ba4-40d5-8f13-ade3ae6b840b,Latoya Harrison
e8db81dc-cec7-4270-bf47-09097c948339,Jasmine Peterson
2c028dff-a4c8-490f-86f6-f7b59e6dae2e,Hunter Dean
76ca0213-cc59-49c2-afb1-41eb1e22de38,Jacob Mccarthy
f4769232-62cb-4f19-874f-bfb2dd2b2956,Richard Owen
5811d5a8-2efd-4874-b3f2-a8fdbfa8b7f2,Billy Burton
d4fc4966-0160-480a-8886-d37a6c5adb9d,Kelsey Taylor
35fb7761-34e5-43cd-9979-3c46d40c9e17,Dana Moore
ccd47a37-8797-4ff7-8db1-823b99e272af,Candice Adams
2418a1c6-1325-4ebf-8f4f-7c40c1aac414,Crystal Thompson
9c6b6c5d-bb3f-4da5-afa9-0c8dad934fb9,Dorothy Arnold MD
9b26c61a-f8b7-4e3b-9fd7-75737923276b,Audrey Marshall
08cdc30e-bbeb-4e77-9316-78436ab9b166,Laurie Ortega
40e4f48d-f51e-4b6e-8a66-f6da99ae7c41,Connie Harrison
f216c27d-c9b4-4a4f-9da0-7846ad655e6b,Steven Robinson
f1f6d5f1-0b4c-4f61-baac-dba1d09ad353,Amy Johnson
0f180855-271e-4934-85ce-f3cfe7b5151a,Karen Patterson
2ecd18d6-b3b9-4849-b569-c9b6c1cc3126,Elizabeth Lewis
23c329d4-7a07-4b52-a68d-4666b9064dfa,Ellen Jordan
28fcb6ea-e550-40d1-bf3f-408246020b13,Daniel Greer
4f104998-6535-4be4-b538-fcee39f631c0,Catherine Navarro
f8a0a130-885e-4bb2-8e14-bf51f0ac318a,Adam Roberts
ec14b400-33dc-4824-9eee-e33fdd7e6593,James Jones
f0faa9fb-79a3-4e9a-b403-d3a24ccf51b3,Karen Reynolds
7d6133bf-f5d9-476f-aee7-91e823ba52c2,Ricky Lawson
f72b0051-b29b-4999-bf2c-d5538d69a985,Misty Robinson
b758fadf-cfdd-498e-ae96-729f3ec79eb7,Richard Myers
76cf4a98-baee-4a87-9ddd-d8c5c2cf09bc,Katherine Ryan
2c9276ee-f732-465b-adea-68143c8719dc,Sydney Eaton
54c54a74-a9ef-4f85-bfaa-4d3020574974,Shannon Alexander
c753a1b0-7496-4b5d-8deb-f9336898fcbb,Jay Cruz
6b087111-a93d-43f5-b090-518992fdd180,Mary Ryan
1f424eaf-25b1-4ca0-b14e-0b4e74ca0778,Jill Barrett
f1fa0b9e-b8e0-4919-b50b-69b18da3d6af,Matthew Roberts
9e220b2a-2536-484b-87ca-f106074459d3,Mr. Roger Johnson
64628f77-3172-430f-8604-397d4042d1f4,Donna Collins
536aa607-fdcc-479b-a669-73a3dce6821e,Kimberly Schneider
cf06bd07-d9d0-4bb0-b556-fa9d0d70f108,Megan Faulkner
a3f53267-56be-4ca2-9a36-df64f774b890,Amber Clark
d7f739a2-8ffd-40d4-acf1-1c99cf707d5f,Brenda Jackson
287f5311-b5b6-44c3-92a7-1c483cd90c7a,Aaron Wilson
0150fcb8-c664-485b-9ce2-dba164d70196,Devin Cabrera
e5bfc5b7-2931-4534-9e8f-232d62854eac,Pamela Rodriguez
46556c68-895b-4690-b2bb-d0de945e76e8,Steven Carter
b9ecea61-bf83-4e51-8929-a98cbf437b55,Megan Baker
e5a965d4-1b41-48f9-bc09-ccf85700e55b,Savannah Nguyen
ad067bee-0150-4129-a154-89bdac92ed0a,Kimberly Rodriguez
a195d72a-8f73-4aba-802d-8ace63cb797e,Robert Skinner
6940f844-1697-46ca-8f61-9b23cd782042,Victor Bullock
84bb506d-b437-4cb7-8d72-a1d066fa97cb,Mindy Wagner
f823c4f6-85b5-46e4-8327-8d7e1534766b,Kathryn King
bdf8e2b8-2fe4-41a7-89fa-0a7156118586,Charles Edwards
8c87a07f-b5e4-4b00-bc37-211b8cd6b7c2,Dawn Cunningham
fe6240d3-aff3-4ea1-9164-8d41b6872f3c,Cassidy Jones
ba7aea49-061a-4284-ae65-047ab65fadf6,Dylan Dickerson
b3eacd00-3a30-4742-9487-f20951921f2d,Samantha Humphrey
a5c9bce8-fe25-4e4a-b39d-0b0bf64f326b,Linda Contreras
d341b630-4b94-4e82-8935-16a06ba614bd,Mary Lambert
336ed3a2-778a-4709-be12-046ab139c3a0,Jacob Lloyd
8d963381-faeb-4f48-8779-ebe94c25cd82,Justin Leon
dfb39d7d-58cc-4eac-a01b-c404a91b646e,Victoria Wood
e452d7ff-0c16-432f-958f-8e2166c372d0,Katherine Berger
35e2ef3f-8254-4969-959f-67583c2ec7b0,Patrick Walls
aa069193-a075-4da3-9357-cfe93878689a,Aimee Dean
56a9be5d-1c4f-42f5-8080-6f90bbac2ebf,Erica Scott DVM
55816942-fced-44db-9e49-5cad943fe8c6,Andrew Cohen
bad1b879-b561-43ff-8797-ed0d42be71df,Rebecca Roberson
66e98e7b-1f77-46a3-b55c-b615be4b9563,Charles Howell
ac384ff0-f381-45ed-8454-cd600742e560,Donna Garcia
b9e493ba-865c-4f21-8641-b2d15f8ef2f5,Jeffrey Durham
aa911b02-f5d3-4fc0-a5cb-38f18b80275c,Duane Myers
46db2da5-282c-4f04-a53e-6414db534af1,Carlos Lynch
214a6133-effb-45fd-9618-7a686de0d2ac,Mary Ramirez
5fcdbcb0-dbba-48e9-bb33-d47580e86171,Gabriella Choi
eb435746-1601-4425-9e9d-fbcc1d652783,Kelsey Miller
722b0bf0-0ab1-4390-9d35-eed270e5a85c,Shawn Rogers
58647359-193d-4f75-8ac9-80faf3dd9fae,Brandon Parker
1aaa966b-0444-41d7-87c8-74d25c6d481b,Nicholas Gray
588a1e51-788c-4d42-abbe-84659839b481,Jeremy Stokes
e19399fe-8d21-416f-a2c1-edf492b1c7ad,Natasha Carter
76abbdd9-b61f-4ca0-86bf-2d93c494ba81,Kathleen Hudson
1ec68aea-cebb-4600-9a03-df75a80d0ccc,Anthony White
c1daad93-8032-4358-9ef3-34d7746c2ddc,Joseph Heath
e070f0dd-074d-4a8d-bcb4-9d31a53b1648,Vanessa Jones
da829186-c96f-46bd-8b15-cba6d2b18e4d,Jonathan Johnson
70caafb5-8edc-433b-8632-a0b915a4e2eb,Brian Brown
da825455-97ab-4a93-8d5a-8a8a8017562b,Jacob Ortega
a9b2247b-6388-4568-bb21-a2b9d3ebd876,Margaret Lopez
f6d24033-8ecb-4da8-ba81-3e6f88e09c8f,Kelli Nash
66fc0fd8-0f56-467e-95a1-3bf8f327dd95,Tyrone Ryan
349fffc6-8a8e-4dc2-9559-e5feafabb6a7,Roberto Hull
70b09eba-30e7-4539-bd04-336683a653fa,Timothy Clark
f1ffa492-460e-41d0-93d9-869160f49c14,Renee Clark
ec450cfa-a0ab-4f6f-918b-2840bc04e437,Douglas Johnson
7ea345df-f58e-4a05-aba7-49913cbd63ba,Michelle Wiggins
f22f308d-9a19-409f-ad45-0058808629be,Lisa Huber
02b31dcd-0a0a-4754-be46-4f38540a1209,Courtney Lee
806478de-ac7c-4738-85fb-16d4aeb298a3,Richard Jones
aa49fc74-8325-44e3-b20e-6e43c38f3026,Courtney Martinez
34491fb0-fa75-44b9-81c8-dc54c29f6a56,Thomas Peterson
62539249-b2a1-48fb-9e80-c388208a89f4,Thomas Houston
2ad360f3-506e-407f-8913-e5379f244bf4,Joseph Sanchez
a867f08e-ed75-4511-b713-f292b8e5c9dc,Gregory Reynolds
5e54a37c-7845-4a1d-8540-e27a40b9666e,James Beck
967bfc31-b776-4916-bee6-fcc264d6bfbc,Adam Rice
fe9442cf-9f05-49b8-9a58-cd3c9eadf18b,John Hall
53a79411-d649-4842-b84e-b92769e89b60,Rachael Stafford
c9567e7a-708a-4449-a822-9e8f7d127dcd,Anita Mcknight
0f3133d5-6c38-4891-b988-5d3b6134d36e,Stephen Solis
670de695-9931-41a0-b7df-2cedd3e9eb39,Michael Davis
0f8f13c1-23d0-49cf-aa4f-f1b46edd2c18,Sally Olson
d062fb3a-4e45-45bb-ba53-cdb83e912c22,Andrew Rosario
e3e81625-3e5e-4505-a4d9-3e7b5b1e8398,William Garrett
09240541-76ed-4487-a802-b64724bcbc68,Shari Mills
b8892bea-c0d1-4b85-b11e-4f9557ad75d4,Mr. Jonathan Taylor
a836f4cf-c32e-4fba-ac55-a1206fbb4c06,William Robbins
9f285a71-c2d8-4901-bf7c-da7632b0aaeb,Michael Santiago
d0a001ef-562a-47fa-82f0-7b2cc7100bf4,Kelly Miller
21846273-1c2b-4940-9b8f-f91141c8ff62,Daisy Johnson
148c2f8e-337f-49e1-a49f-85e664756092,Kathleen Flores
d54df005-6436-42f8-b71e-4cad0a94c80e,Melissa Wilkinson
972261bd-4f59-4822-a7c4-df7a6e1218e0,Annette Turner
a760f99d-df2b-457b-b09c-146069d9ebf2,Clayton Brown
75923538-d2a1-4cb9-84b1-62fcd3596f7d,Melissa Webb
f54897bf-b5bc-4a66-9816-4245e143f58c,David Gomez
66a4d134-3220-4a76-a382-2a2a789ca126,Rachel Martinez
b0abe7ef-3066-42cf-a493-cf06fac0a309,Elizabeth Perry
2cef292b-3f00-4113-90f6-066b11a55149,Donald Smith
b3d4ce96-7517-4f37-b95e-6ad663eb7e6c,Cheryl Jenkins
12fc1b08-6e43-45d1-bd80-d3a42656e75c,Joshua Martinez
b0eeb117-6a74-43dc-8b46-8081183e84d2,Traci Landry
321f8c5f-c08f-46bd-8b2f-9473b5373d54,Ann Yoder
86a6ba4b-aad9-4230-99fe-a7e8be6f4d0e,Joshua Gallagher
08c21c0f-db21-467f-bb06-0794736ff36a,Larry Gilmore
ac8738a2-eb89-420a-b60d-2bf81243e3a4,Madison Mann DVM
155a1dc9-210c-49b8-9fc5-1b1381b81c6a,Jason Ashley
5688d399-91a6-4c45-b31e-74628e22b2d4,Danielle Anthony
5f745041-fef1-429a-84d9-eb49cc5b1af7,Melanie Scott
d8ba4fd6-acb2-4d14-9533-003a8a0ea618,Joshua Simmons
96e019e7-26a3-4bf9-8e25-d731be76305d,Darin Burton
08aa116a-e59b-45be-ab5a-327d5fe2d7eb,Carrie Franklin
318ecca0-2dbd-449e-bd4b-9754bb7a2595,Ronnie Hammond
7cad2bc9-78a5-4599-be62-5f0e808388ae,Barbara Smith
a7460ca5-8b09-4a4f-b7bd-630af5d63d7f,Carl Tapia
ac9a3166-f9df-4485-a19e-58df7ee43a83,Casey Miller
443928e8-72e9-4426-979c-12a9e1af7145,Joseph Wilson
c9960e8d-67cc-4f21-a7db-adc047345834,Victoria Cameron
9598be2c-296a-483f-9d8d-59d414e76b0c,John Wilson
a26b0e0b-ba03-44a2-b161-0a1112f7195e,Rachel Willis
47859a95-a49b-4fda-b667-7b4795875c38,Tanya Anderson
562b751c-fca1-4863-a3a9-c6e313d42615,Victoria Edwards
561a5260-4d79-4fb6-b330-eba7bd0b3eda,Debra Simmons
dbb067f6-0f2e-47b7-86a8-80f7f1d75686,Misty Townsend
a9a2e9e9-f41b-4f80-a628-ddf6a3372177,Jill Smith
78816e6b-d70f-465b-b41d-e1071fe44ba1,Adrian Harrison
408babbe-98a4-429a-b65d-36236134b705,Daniel Schneider
3baf47c0-c4f6-4413-b270-886e1453ce0a,Janet Stein
f7a9b78f-abf8-4dfb-825a-d8b533d9d394,Stephanie Watkins
de99742d-10e2-49f0-a3d9-a7bd0eea8d95,Jennifer Johnson
ef7fd4f7-c04e-4ead-a0cc-ac0ce3da868e,Bridget Vasquez
f782b739-c6ca-4e1d-9457-88d02c0a03d5,Greg Acevedo
f75efd53-c3e3-4891-987d-815d7b64afbd,Matthew Zuniga
a2759332-ca41-434c-a14e-c74ada8a25e9,James Thomas
ae007f5b-e828-444a-9a98-f70f81dbc115,Hannah Ross
7c98842f-6a0d-4878-b673-9ae996bad1b8,Lori Murphy
1b323e92-8364-49b9-862c-8de9302ef426,Christine Morrison
05271afa-60a8-41af-850b-31eb16fe6cce,Steven Edwards
420434a5-1431-4f6c-9e02-32a801558092,Alec Ayala
b83f37bf-7538-4e6c-b7b8-6c5ae3a69156,Timothy Long
4d4f8bb1-c3b0-4c39-90d2-10c1cdd155c9,Kenneth Holmes
a3509707-360c-4ffb-95f6-51379b462ebd,Natalie Johnson
94b95cc1-34f5-4877-aca8-5105d22def81,Steven Brown
917a09c2-9df0-42e4-8d63-df0e240844f3,Brandon Duffy
5f308964-4e13-4987-9762-13034b65aedc,Jessica Bowman
5562eb4a-bfe3-44de-9f56-cb0138e91e33,Grant Poole
908ae436-9ef4-4141-9f08-13cf2465a085,Laura Powell
03d96cae-85b4-4576-906e-265d2da39b09,Natalie Wilson
19866f40-d2a6-4b63-b9fc-aa1f794e5dd1,Mackenzie Torres
0516d07f-adee-4f13-b322-92146a4d1007,Nicholas Mason
0d83b99a-941b-4029-bff1-97ddab3a4d86,Benjamin Johnson PhD
8cbfcda4-acdc-4b60-b9c8-902ffb3c4e2b,Austin Norton
d932a6ab-c9a9-485a-af09-3dd1183ff528,Amanda Vance
2a503632-85d6-4b50-a33a-a2c20da48b36,Paul Barnes
e61a56c6-479f-4e00-a680-9b062db61998,John Roberts
bfb3fbdb-dfae-47ad-aedd-45db41a9c323,Heather Henderson
3bb0964b-0734-4a2e-9649-073fe0e7b35f,William Lopez
5941d2f6-95b7-4cdb-a6b9-b2972d1f567b,Alyssa Jones
4e478766-b650-4366-a5e6-c796df6e2a18,David Curtis
8b4b5fc7-6c2e-4671-a222-9981cfbf0191,Melissa Wolfe
017ebbe1-d263-4b30-88a1-27a0bcd90b1a,Emily Bennett
5eafc984-6e9d-4dbc-a64b-73a3d12cb7d6,Brian Lopez
94d9254f-f568-4fbb-8965-fc44011067a2,Shawn Burnett
71a3fb39-1943-418b-b141-7bae20b33b9e,Jose Cook
2d6fdec0-ff8b-4cd3-9d2b-55b5fd781acc,Jessica Heath
23530e58-f397-427e-ad81-f7a92eee4dc2,Ryan Nash
50e605ea-bb62-444d-856b-1b3415924d69,Edwin Marquez
692c4e13-021f-4b70-815c-273afca890a3,Megan Jones
bad73ddc-674c-4c2f-b0da-f76efaff950f,Emily Hall DDS
6df3244e-797a-43ac-b04d-b1157cf8bd6b,Brian Porter
174188cb-2db8-400a-8129-0d4409c7ef51,Jeremy Cook
76d0528b-a2a0-45e3-9597-cfa0c3ca00ca,Duane Wells
7798245e-64a1-4eaf-abeb-e68d97ef78b7,Daniel Wells
c5532532-1bd7-4ba4-938a-f35f6c30c2ae,Heidi Jarvis
df0d3d2b-b9ca-4253-8d01-44fef3d1b412,Sabrina Hall
810adcba-d47b-4ca6-9104-069668005b71,Megan Fischer
b0958028-e32e-4b07-9ea7-60c0efc2fd3a,Mr. Alfred Reynolds
61ce2445-8f31-4b88-a02b-43ce040451a2,Emily Farrell
6f781f8e-fe9c-4783-9bb6-555e5df5ad76,Omar Reeves
2e620430-ec8c-4fb2-85a5-2d634a6ab41e,Jason Parker
56710c3c-0cf2-4101-9f5c-83aaccbe23b0,Ryan Wallace
bfd9f167-0b7a-4030-9ff7-b6f3df0306a9,Adam Reynolds
a27981ac-6352-49f7-848c-893fda538f89,Shawna Williamson
c6391db3-d459-4d12-b281-edb913522f76,Denise Stone
0aae320d-b925-4e01-9b07-a7cdb8b7b20a,Karla Vang
ac4843f1-a95c-470d-a834-e8d95477918b,Thomas Valencia
0384faa0-0aa3-41fb-ada1-07d9d53a456a,Nicole Smith
0d583fc1-6d3c-468c-b61b-aad8910facac,Wanda Diaz
deed7b2f-4ee0-45ee-98dc-48c2a32d0f9e,Kimberly Morris
402272f7-4671-4c27-92ac-f21c16901dcf,Jonathan Davis
d3c0fdfa-409c-4aae-bc57-df2b930531f3,Monica Warren
f7e4fe5f-2c43-488c-9226-3129a4285394,Lydia Williams
1da24e5d-4576-4d31-a810-34f03a7e5323,Danielle Gonzalez
6cef7676-6877-4c83-8e43-325463dba9c7,Sonia Barnes
a11e4ca8-a689-47c1-92eb-5f343109ea14,Cheryl Wilson
c3c9a5de-293f-4d3b-9298-67bf17877a60,Cameron Fuentes
059b781b-693e-4528-8185-2e4a1fcdee1e,Jason Henderson
45d4e793-3dc9-4100-ac41-339cf00e2045,Angela Clark
1acec348-4c9f-472e-8746-5023fd7073f0,Wendy Sanchez
45e58351-5ee4-4359-a73c-4d021cac5b95,Peggy Martinez
fe04e09e-262c-4cb6-a4d8-3c469efd55ba,Stephen Hughes
21402f8a-7491-4b08-9627-baa172b1d6e5,Steven Vaughn
6bc1b6fa-d6b2-48f6-a16c-24efa62dd2cb,Elizabeth Davis
3baa9e25-70ed-4415-a582-13f2eb361740,Carolyn Bishop
d008e8b7-d896-42ca-b1a2-d9f1bfd44eb6,James Santos
fdc1ae64-5838-4c24-9895-211d7de9badc,Daniel Stevenson
59ce05bc-54dd-4e7c-9195-c5e1bc9455f4,Latasha Spencer
e6cbd211-ed5f-4d22-81e4-583a6b4d6aae,Francisco Meyer
5bad330c-6765-478b-84f2-47c44dfc57f7,Kevin Mcguire
f076f901-db22-4f20-a438-4c0fe9674786,Benjamin Turner
3f75456f-6d9a-4d14-8ca6-d984a39144a7,Corey Mueller
ff59b71d-082a-4261-9dde-a9e4b48cd2cc,Rebecca Flores
3cf4704d-2896-4ba1-92cd-7205f39b32ed,Nicole Russell
c772b4be-3a52-4bf8-ac25-28cb635635ee,Mark Johnson
6771d1c9-f03d-4f6b-9b62-25f060853712,Sherri Hernandez
3b76ace3-ac45-40ef-b037-7e0eb14135cc,Nicholas Jones
68daec41-9444-4dea-9fbf-86547fd524b6,Elizabeth Schmidt
f34359c3-3551-4dc3-9705-437b45e3c32d,Anthony Jimenez
c0714cbb-2ac4-45c0-8306-f6feec6ccb48,Stacy Ferguson
358d5e1d-ad36-4084-812e-f059483ec7cf,Tracy Munoz
23384410-3a57-4712-aff2-7f96bda162eb,Michael Baxter
5b69ccb0-57aa-46af-9392-db59853ed62b,Ashley Davis
00892c22-1d5b-4b3d-ae70-0cd4515caef6,Chelsea Schultz
4a88fb26-064f-45bd-8600-1e8a94d6d58b,Christopher James
08bd2bcf-41ef-4660-b42e-48f6520f8ab3,Matthew Green
a90fed83-f3a3-4c0f-a376-10464e894462,Cynthia Thomas
3a109893-31ca-4d3b-8618-80bd7d7cc3a6,Martin Greer
5101ae63-8b52-4f4c-89f0-fce8b086772c,Taylor Hudson
8af693e6-0a11-44c3-bd09-9616fbf45907,Keith Burgess
923b8afa-b0f6-433c-9cdc-0c01e9e19676,Gregory Wyatt
c3909399-9fce-4b74-af52-ec51b2e627d7,Kimberly Coleman
f90f93a5-86de-492b-a12c-aa6eaa68a66a,Amber Reed
b6516c74-fd4d-4321-bd09-e8c475bcd5ea,April Meadows
a560b833-5100-4dcc-9098-8ec7551b08f2,Walter Richardson
79615a98-4c48-4941-be77-590ffe28f076,Tyler Evans
51aa5775-395c-4330-9a2c-65b970610b3d,Deanna Kennedy
bb431b41-95ab-44df-9a22-d9e80ecd3ced,Mary Jordan
bc6e4d56-f4e4-4a90-b1be-339081ce48f9,Cynthia Johnson
18018039-3a0e-4f16-9fae-67ba97fab710,Sarah Miller
3ac3cbf1-66f4-4c5b-9649-843801becdc1,Stephanie Brown
6ea70a62-0da0-45d1-b65a-56a8009299d3,William Wang
2f38e466-82b4-47d8-ae21-8a7c9b89c74d,Chelsea Blackburn
08739e4f-f310-44a1-a08e-2d850c1d9140,Samantha Ward
27cd1aa9-0eae-4d9e-974f-26a54f0d57c8,Laura Jones
6b5f6618-a0dd-4e61-aa89-61db40a26aaf,Dave Murphy
673ad5d3-02d8-4e66-8290-7b05739f9a9c,Dr. Lori Nelson
2ab5fcc8-cffb-4691-a795-54e3f6f6eff9,Brett Santiago
66864c93-2630-438c-82d6-89e8be37e5fc,Jessica Hernandez
dc55e4a9-59a4-4ae2-8659-9cb3ee2332cd,Christine Brown
ed513b85-89d9-43ed-9815-ae5e57d7ddda,Teresa Perez
618c2d23-df59-4325-a90f-67b1ad966497,Brittany Hernandez
e9c6ed9c-6968-49e5-884c-8a8267a997c5,Gregory Good
842fa6aa-3379-419d-aec9-9b7611812e39,Victoria Villarreal
272243c1-3242-4ba9-9e9d-3492b21d894f,Jean Young
3606e776-21bf-4bc0-b019-8cd8253b6772,Sharon George
eda399ea-ee6c-4517-b1c2-cb25621ffbe4,Brandon Small
e54cf103-5a89-4912-b3a3-6b862f11d725,Shaun Berry
83e19f6f-474a-446a-bc90-710555b2dd7f,Joanna Hodges
dc2041ee-3449-4c7d-b5a7-8d0ad0822af9,Annette Oliver
06c713d8-b1d3-400c-b75f-76c713599d5c,Brandon Perez
986acd5d-40b4-49e1-b4d9-6ec9165bd7d1,Ashley Anderson
134e6f37-43f6-4225-bcfc-1cfad817be79,Amanda Fowler
ac039336-8fce-46b7-871a-90ca4181f653,James Mitchell
ebc00b0f-5510-475f-a5cb-61b2319d1275,Melanie Davis
b23f2cec-d0f8-4db5-a8c2-e8b266a0a4b3,Michelle Tran
223aa47e-2898-41bb-8e25-5635bcfde894,Natasha Montoya
a408150d-95ed-46ca-b7bd-4ee6f4f03b81,Aimee Oliver DVM
8ca157b9-7c80-484d-9129-a3e7d37de90f,Amy Hall
82dd19c6-ac63-4d14-bee0-848cfff693e8,Alyssa Cruz
327a1777-7349-4c6d-8206-cd8e4374dc60,Laura Callahan
869e249e-bc0f-4751-81a6-a0ae6b4855c1,Katherine Roy
58703cd5-796b-402d-bc49-e74bd3bf22c5,Carol Christensen
122b72ba-0c0f-4549-9981-23e6f255adc6,Michael Martin
c1eda98d-3403-4913-ba60-af8bb78dc92c,Susan Taylor
7a8fbf88-cce6-4f1b-85a0-ea5d19f49b68,Vincent Carr
15f9819d-8ef3-4330-bd6c-4ed32f2612e3,Gregory Anderson
818379f8-f698-42f4-9418-a287e2135342,Amanda Chapman
35b9ca39-33e1-4e2a-923d-67ca7ea60fc1,Thomas Armstrong
401cb82f-fa7d-4bad-87d1-2981d4fa65bb,Sabrina Downs
8f86622a-a114-45b2-99d1-f6ab22e3eda3,Seth Atkinson
b7c558d4-324a-44de-b52c-30feca52b6bd,Brandon Alvarado
12652663-7129-446d-a9a8-1db2fee1fa9b,Whitney Collier MD
3a716193-1f30-440d-a7f2-2306c22ff646,Sarah Robertson
711861bf-eae4-4b13-8422-6db75e5f8d94,Amanda Castro
da2d1afd-3f29-4f5d-80ce-a4d868b8b565,Scott Webb
46da20a6-cbd3-461b-a07a-cd2a69de1c29,Justin Miller
3776dcd1-8ab1-413b-8b50-74ee357e5a89,David Garza
1c5af643-61f9-45c6-b7d4-3726191e567c,Benjamin Adkins
67940eb0-0974-4a31-b4c7-27875b1c4881,Daniel Wagner
a390c6ca-7574-432c-872c-dd0881bdaac9,Zoe Graham
39958306-e3d1-498c-9a12-4282dbd414bd,Ryan Cain
1de7c009-98e9-4e83-9908-41a22da731bd,Ryan Serrano
0dcf9b62-37d8-4515-879d-a2a9c4f140d9,Christina Williams
6e023b92-6a85-4fac-a0d3-6b4887a89dc5,Dana Wolfe
5bf1405e-d327-42e7-a4d2-e45e758d606b,Robert Cortez
6f844acb-40c3-4135-8b2c-20e0cf04b359,Natalie Hunter
cf681f7b-289a-4cbd-8dbd-53e72e953d13,Lisa Brown
f83e0950-dcc7-4021-9fe7-8fe895317c86,Amy Smith
a824cf1a-e9a1-4f3b-a7a4-9129234bd9b6,Mary Payne
ae30c3e4-eb2a-49e5-9cc1-68812e112470,Stephen Hernandez
3ede6b00-0f30-4b64-b322-5adc45d9fbfd,Thomas Cruz
8b9c38f3-4394-40aa-add5-ac50244eb957,Michael Boyd
de46dc76-f3ad-4b5e-a624-41eae247fe42,Aaron Spencer
030d4318-8ce8-4c82-bbc5-936c69aa1df1,Alicia Erickson
a61e9e82-6547-4437-9474-f2a9deaf2aef,Lisa Lewis
8b475e6b-ae44-4038-a7fc-e63629ee6648,David Moody
a646d9b6-a6d0-4a3e-9d48-983e29bcacd8,Cassandra Hughes
7d187419-09ff-4e86-8a9a-33487a877ff2,Teresa Benson
638b2979-b27d-42d7-84b0-19f445d32418,Thomas Hamilton
e9d418ff-37c0-4dcd-ac0c-969cdfd1bdf1,Barbara Price
57811eeb-d42a-4114-af8c-4981bb3f6020,Miguel Gibson
217abe19-093f-44f9-a62a-a9281de48d86,Janet Irwin
4c3b3dd1-238e-4731-8b79-469d4cd4236a,John Maldonado
c0cf3fff-987d-49ad-9588-a460bd378f57,Ashley Estes
b062a352-39f6-4b19-b07b-b5bdc46ddf33,Benjamin Wiley
42505cc7-efa2-41ba-870e-a150a94acf21,Martha Mendoza
501c077d-717f-4767-9c6f-f761d97471c9,Thomas Wheeler
e5fdc7fe-0f51-4d7f-8baa-21175db93879,Christine Bryant MD
4b8bb687-a1a2-4363-8ddd-efc59a86a787,Benjamin Long
68831253-766a-4438-81d5-b70be4919f19,Joseph Davila
aa61c646-c41c-424e-b6c4-a0dc9895ba18,Sarah Mckenzie
9b1baf20-1a6e-45b1-8bf6-f6f4f535bdd7,Alexis Gregory
d0bd764e-8a6f-498f-9046-0c982ae5b592,Michael Jackson Jr.
0875e73c-7eb2-4215-9dc9-1422a38f1f9d,Thomas Zuniga
bf9cfe76-05e8-4e6d-85da-f1dc962f12de,Patricia Wright
aa1951c1-12ff-4dee-ae40-d6871c517ee9,Shannon Williams
5e4970fa-81e8-4731-82b9-54695d78d670,Lori Barrett DVM
b05e3dc8-610f-43a0-9df4-cee57bbfe52b,Wendy Jackson
eb65e254-e353-4d41-beab-79c0441c8670,Michelle Johnson
7958dcc3-3ad6-4690-98df-eaa947435c18,Richard Smith
6d7afbb8-1fdc-4452-88dc-c94f88565e42,John Bryant
9e6db77d-9d18-4c89-ac38-3427fdf42dd2,Gloria Jones
a24ed0be-464a-4a5b-b05c-41b652116d75,Gina Stewart
6ba5a812-f668-45c5-a370-21a1e8146b8d,Jacqueline Garcia
761aa8e2-b823-499c-8bac-f02af2ca602c,Karen Bell
1419671c-4ddc-4d92-8f74-d22e03cf8d7b,Vanessa Gonzales
e9710c9e-3e76-48bd-bbd5-7195f350c77a,Robert Benjamin
712c3202-3934-4d0b-94fd-5d1b69b7256b,Robert Miller
8bcfeac8-35d7-401a-930f-1ed864fcedec,Stacie Mann
668801de-9f97-484f-84ba-0d36575abfdb,Jason Randolph
75b90383-08f3-4e28-bbc5-6eba738a7c5f,Joseph Bailey
7c7afc2e-91a1-42b2-9c44-76b88c548268,Melissa Garrett
b9174c1a-08f5-4ab0-95ef-3ea25f9099df,Leslie Wilson
3112921e-5e2d-4e99-a49f-89c92cb4fde3,Peter Smith
60f8bf8e-0734-4355-834d-699c310f07a6,Shannon Lewis
d00fe681-9343-46c5-a50b-6def54855605,Sheila Smith
62c4f093-8ffb-49b9-8af0-ec8d43beb09a,Anita Mitchell
68845cce-aa9a-478d-ae5f-c2ded2b90314,Corey Thomas
f7dad02a-3456-4ae2-830c-fb8e24131a0a,Stacey Wilson
7bfba550-a6c6-4dda-af77-f52cdef03914,Fred Hardin
d672295e-2c89-4f9c-91f5-162ca62b8d70,Derek Ortega
39743b5a-f9d9-404c-92cd-c2c246242b8a,Jose Smith
c367fa92-673b-411f-8c6d-7619092f6dee,Victor Charles
b7b8f806-fbf5-48eb-88e3-656a842c587f,David Holt
87a29526-4381-4c61-aead-eb75905123eb,April Davidson
1ec5d4a7-f833-4af4-97d6-58b9587cb919,Kirk Blanchard
c391356b-5267-490b-95b0-ec43dcd68f1e,Patrick Crawford
0a086042-35bb-4d38-a5cf-43922c3915de,Donald Russell DDS
3956591b-49b8-481e-85ac-3e5c0e5d4c56,Jessica Lyons
698c7e40-b3ac-47ea-ad7e-573a11174424,Marcus Franklin
37d52bf6-3a00-4e58-bc0b-3f0481ee41e3,Jeremy Murphy
642290ba-0081-41cc-8b46-942bcba24f6e,Kevin Garcia
f5eedeeb-13ec-4c32-8d9b-d012b12553a7,John Acevedo
142d85ad-6336-457b-b8a1-9375df9df8d5,James Pena
780d19fb-01fd-49db-8457-8eb8cd70572e,Joseph Alvarez
72f4debd-33f0-4cb2-8f88-a64059eecc4c,Nicole Martinez
665ab8e8-6a20-4ca9-a0e5-e02807ce3427,Bradley Padilla
902cb7ee-8d57-4351-8eda-a51cca138b5e,Kellie Garcia
190a5c9e-b2bf-48d4-85e9-ffc4981554be,Jenna Gonzalez
cd1c0041-a153-4ca4-b77d-70d4c430d4c5,Thomas Chan
04baa103-9e9c-4bf5-8594-64a4ff1a5438,William Arroyo
c633fa8d-168c-4169-95de-9e8751ecee8e,Nancy Figueroa
f35c8e32-865f-4b4e-aaa7-aa2ec9c0beab,Gavin Randall
a5728042-84ff-4483-b37b-680bbcb0e675,Stacy Jones
c58c781c-17e5-4d3b-ac50-25694efdae0c,Michael Richards
23d6bb96-b98a-437e-b919-c6433e0ffa15,Lisa Powell
3bd05e0a-c270-4fa8-915b-a0ba6b1a4fee,Timothy Skinner
f444727f-03dd-48ef-9499-fdbed906c6c5,Benjamin Meyer
099d9f02-b258-418b-b49f-2c369c68289b,Ryan Booker
e4e75bc5-edd7-42e0-9ba2-9c362345b4a1,James Stevenson
96849b0d-331c-4806-99bc-dc70cf1afabf,Robert Thomas
4fbace9e-f43b-4871-b72f-562660a42bf5,Tommy Porter
d2fc3221-3c01-4af7-9838-689bdf9390f7,Michelle Rodriguez
c9d8bce6-ff94-4f37-b8bd-05f69801b10f,Stephanie Johnson
041b17d4-e2f5-4bc9-ac13-07c934ade9f5,Rebecca Phillips
c4ab0009-2390-4f48-adfa-b17ea42add74,Mary Kelly
5780cb31-3a5d-4653-8f0f-b74966fff224,Blake Allen
64414197-470b-4eba-a27d-5fdf00a4da30,Angela Ramos
c7eda61f-636e-4af9-b5c8-e32951647f29,Nicholas Le
053e036b-e49f-45dd-84a7-202093feb9fb,Diana Aguilar
210ba03a-95e2-4b06-b1aa-c077ee0efd75,Jaime Green
e654fb85-d1bf-4184-81cb-92fa0c05d00f,Stephanie Phillips
65706a25-af5a-4db2-8c8c-0aec81ebe42f,Daniel Ramirez
f00557f5-f8e7-42dd-a8a0-2ef9640eda37,Aaron Henderson
4d319fc2-5a80-453d-a57e-a27003060741,Nicholas Murray
993101bd-a94f-44bf-a311-c67784aec3b4,Anna Garcia
0beb35d7-6419-47b0-b68a-e3003fc41b8d,Billy Morgan
6fb1277c-e620-4726-be75-9c99c734aeee,Lauren Patrick
208bb368-e2f7-4871-8cf3-c5fd9209b22d,Geoffrey Fischer
6e21c122-0905-4d7a-87bc-963184b63920,Richard Figueroa
e6f23d29-3e07-4a98-9e38-4e4e38b90c92,Brianna Anderson
9e267a33-9c1c-487b-b154-a8f08c42fedd,Caitlyn Thompson
4f2a077b-bf85-4c2c-84bb-5f5d848e0ab9,William Mosley
534874c9-f8a5-4b08-8b3f-6a3a92211005,David Perez
6008e0bd-4520-4a31-93a1-4cc2a986557e,Elijah Brown
0d0fb07e-ca0f-43ee-9b19-541c50aea5c9,Henry Morgan
f57029f5-6f99-47b3-b5f3-00e71f8d9985,Tony Smith
ade7298e-f6df-4a93-a2c0-dde4c7557711,David Garner
10e20a17-ae3e-45e5-8eb1-fcfb156d8fab,Luis Stuart
0d6953e4-459e-46bb-8668-9a33a3169989,Andrew Hanna
646fe77d-41c1-4e29-b16d-0f287a544ffd,Charles Freeman
6c531642-41bb-4d87-b97d-0dd65c677a70,Scott Evans
8cb770d4-0675-45a3-a7d0-d625c4cbcc44,Matthew Hernandez
4d8cb79e-6180-49c1-be30-f008291333c7,Jeff Rodriguez
936b5caa-7a5d-47b6-8d87-f555998b60a3,Jennifer Vega
aecf8080-4b8e-4b9f-8675-f155830aacc7,Gregory Ferrell
3ec54fac-b32c-4751-b676-756877b229f4,Susan Nichols
034a118f-fc85-44c6-909a-ea3c39a07c13,Megan Lewis
95edadec-1591-452e-b17f-3f50fce4a281,Ricky Washington
0d5a7716-f952-4266-99c5-3288d8fa20a4,John Berger
53b8dd34-fada-457e-b9ba-f75e519e5007,Tyler Manning
d02bc88a-2fdd-499b-b066-d7353b318f81,Mark Brown
1e938900-c3e8-4fd0-afd2-f9d948ba3453,Sharon Morgan
d0ac29a5-3593-4562-b76a-93bbe59a05a0,Karen Pittman
859f726b-4e59-4a09-acb9-f6f8f4dc482f,Nathaniel Rivera
84a77116-0445-4f7c-94ab-90bcaed8c2f6,Robert Williams
364d697c-6457-4f49-9bcd-60f93819222b,Kiara Guerra
5bd8bbf3-dd2d-4465-8b28-7653b3737670,Mr. Joseph Harvey PhD
8d468126-62b3-4487-a787-13dfc8e2cdd1,Brittney Castillo
1ef866aa-8cff-4d1b-8283-a96a05782a0e,Marcus Graves
e217a1a7-dffd-4b93-8af5-c43408940abe,Valerie Miller
8d6ff646-0415-4b40-af27-fc7fda5cbc9e,Sara Nguyen
ec7365b1-4bf5-4924-9cf7-876cb851f345,Jason Middleton
c9c0f06c-960c-44c9-8698-40864c4ec247,Tammy Washington
9b4cb3a5-e99c-4a18-88b9-399aa7b62dde,Julie Bates
e0e3c793-e963-47c4-ab5e-40df77664f54,Matthew Morrison
dfdd8dae-9130-443d-8756-92ee1d65ce95,William Macdonald
a29a0762-6f04-45cb-8c17-6a2317e4679d,Christopher Durham
9ffda379-e5b5-4952-a003-00516a4b0e11,Raymond White
7987eac5-9af7-47c2-8e29-f30b8a239a29,Jeanette Cox
a90d5deb-c73e-4fd8-992f-fa2f78f8b094,Erin Tran
4e012076-d37c-4d86-be48-d059faccbd41,Christopher Young
0f68b308-5421-4434-8c10-72c8da47243f,Erika Guzman
2e26d371-af6a-455e-a93d-55d6e88fdd9f,Margaret Ford
f2b3b07d-c8be-49c1-82f9-5394696b9944,Nicholas Garcia
837cdc80-0978-42df-a177-f07bc293a16c,Michael Taylor
3f9c2a78-bc7c-4f7b-9f6a-13068aa5b72e,Christopher Chang
553c282f-905e-4c73-bc2b-58808b34886b,Andrew Williams
c6aee274-7de7-45c5-b4ab-a5d6d5138060,Diana Collins
c809ccc1-aef7-4471-bd48-207e18c5b8d7,Jennifer Cunningham
6d68ae33-e8c6-405d-a829-9f7c2e611fee,Albert Garcia
97d2f16e-678b-4233-81a3-2edb0ba47a5b,John Yu
5f370839-7bfb-4294-a65a-eef8cc3347c2,Madeline Arnold
3ffda2cb-ca60-4b70-9429-e514e3c1b612,Chelsea Lamb
e402adc2-5837-4374-9f01-1b84eec12fae,Charlotte Martinez
0fa96f37-899a-4d73-a286-4a83ea6b7df2,Angela Kirk
d3a28e8f-885a-4250-b423-1cbaf0549440,Sheila Valdez
e8c00445-bf38-40c1-8055-4780d3897ab0,Rebecca Johnson
f7dc67c8-28ed-4144-979f-6a9f4354ceea,Brandi Perry
74f7020d-702d-4c44-a4cd-34b94b81af57,Alicia Beck
7a3dc926-7097-4778-80cf-79353d753472,Jessica Montoya
b1e5c7d3-70c2-45de-afcc-0781d3313d39,Jeffery Martinez
f3cde2dc-fe12-4a78-a2f6-f31f8b1deb83,Brittany Davis
e4531115-92bd-44ae-aa62-644c1282674d,Craig Wells
e20d9717-a592-447e-8605-2d2b628f3852,Mariah Patterson
aa4e8b96-39cd-446c-b9c8-e07ea269983d,Susan Wong
6b6b4903-502c-4a11-aecc-2e7543868a74,Vincent Thomas
3ebb9be3-cd5f-49fa-853b-3ddf8f4f28e4,Kellie Calderon
2bf61e3d-7c84-4a06-8c89-8d1be029f670,Trevor Davis
a3501fce-7706-4522-aeba-9ac3a02515ae,Trevor Hinton
cb483f67-9a16-4af4-8d2c-1533cc24944c,Jason Holloway
5f39d3ec-d88c-4b18-9027-e458aea26378,Mason Patton
a1ea8237-13df-4338-800b-a862fbb59dbe,Gregg Jones
da900061-d845-45e0-a87e-bd85a25e6ba3,Jessica Holt
e44303bf-58af-4c6b-8ff0-5f627d8f4999,Brittany Alvarado
ebcde51c-01c2-462f-adb3-5b398e40f2d3,Makayla Clark
fdbac23e-2409-41ff-b2f9-9be8139b47c6,Charles Palmer
433d543d-04b4-4073-bfd3-6963abaefb65,Stephanie Carter
43af814c-1222-42cc-82a9-fab1fa06d393,Matthew Nguyen
ead7999b-8a53-4011-ba9e-7464b4bc92da,Jonathan Chung
67132c73-e21e-43b9-99fa-8b5d9c198781,Julian Robinson
9afd6077-2d85-4a4c-b93a-9fe0f0b259da,Kevin Garza
0840520b-72d2-4dd2-8b8a-e3b508700777,Jessica Martinez
896bab54-760e-4507-9543-4ad0cfbba250,John Davis
102965d1-b7af-4f35-a0e1-82d84dd587be,Rebecca Robles
8e71579c-44a3-4c6f-ade3-2e0094653a56,Brandon Sandoval
ef128cbd-1b3e-43c8-a9f6-641d39f3a9cc,Kevin Porter
b330c4bd-68e8-4a91-897f-2896403a3397,Mitchell Sanders
8fb569fd-08a5-461a-be78-f5dd971870d6,Lisa Yang
22d4522d-e9e4-4589-b644-c26b8e346578,Anna Holland MD
3b787267-c0f5-4676-b590-e4a14eecf29c,Mitchell Allen
b28d44ec-6c3f-483c-ba20-aad85be299fb,Vincent Alvarez
4afafc5d-cf30-467d-91c5-b31b2d498eee,Briana Evans
d65690f1-1dc7-4230-a2a0-3a9a46cfa154,Justin Rogers
ddc63cd4-5a9e-422d-b64c-61beb8c645e5,Valerie Williams
cf4f5da3-9983-4bfe-a318-b716bc4ea8c5,Mark Carr
d4a6c060-3931-4b3d-87dc-a04189ca0ef5,Deborah Roy
6d727672-fde1-463f-9f2b-e95456afea4c,Zachary Chapman
bd91365f-cb3a-434c-bc01-f0ca98163c56,Ashley Smith
28f60595-86ca-426e-afc1-4c2db465a4d9,Wesley Russell
15b813d8-a210-4dd1-a4b3-464250df3a30,Alyssa Cooper
54ae679e-78f5-461f-9573-005d553018cd,Anthony Stevens
6d3be605-503d-4990-ae74-904f4f6aaeb5,Daniel Johnson
ef6eb6b4-544a-4458-8de5-44d7d7db905e,Melanie Smith
54dbe159-79ce-421f-a97c-fcb93f930db7,Nicole Castillo
c8d28d09-d08b-4b03-8d5f-ee613a5e0787,Bryan Ramirez
bad9f872-f000-465a-8443-7835b35541f1,Natalie Garcia
6fc0d4cf-261c-4320-a140-27871e99cbce,Zachary Simmons
f8626768-9736-4646-ab75-ba3994eee096,Christine Carr
840f8bbe-1ac2-4918-9e9e-08f7074c9592,Lauren Smith
5658699e-d437-4c46-a399-8fd60674bc36,Keith Johnson
ceba9e1a-9e73-459d-bf6f-806c70970e86,Michael Hampton
55834231-82e0-4a9a-b0bb-4e061a97b2bb,Charles Banks
43002749-e19d-4528-93c0-694962879195,Evan Lopez
ca4ba38a-269c-4519-b139-0318658efa34,Michael Cordova
ddf8054a-fa5a-4a46-a50d-ea2f9bd9531b,Jasmine Allen
39b137d2-0423-4d42-b3d7-150d556f859c,Emily Moore
c0616147-0280-4e81-8db3-8e139df1c597,Paul Frey
b93bc297-4942-43ff-bd34-3c95c4d5f055,James Gray
a2678f30-255b-4049-9d57-0ef730a2e503,Ashley Moore
14a2e199-abf6-4bfc-b04b-d90a7da6f97c,Zachary Acosta
979cc9d3-65bd-432a-937a-ec29e3d8a5d9,Makayla Oconnor
14545ed4-aa98-4bed-88f5-7974fda903f8,Michael Romero
414b4b29-7b5d-4441-aa46-41c18e153e46,Debra Jordan
c645d0a7-3bf0-4190-bef9-a96b5252a845,Theresa Aguirre
5f6ada5c-e9ce-43b4-8cca-c44d90ef8672,Jeffrey Frost
ef452deb-7112-41b8-bd5e-8c535562f0f7,Christopher Jones
30d7763f-a087-4400-a9ad-8e9b68870f47,Maria Martinez
0cd90051-a0c5-4bbb-b9b2-73212fc79570,Anthony Wright
c38bbfc0-1495-4b25-b763-c6a0a37494df,Dustin Johnston
6dd5bbaf-d3da-4390-b0d4-1a7ad27aba88,Ashley Hubbard
f63f479f-bd3b-45c8-a97e-eaf500d5b194,Kathleen Thompson
e95dc93a-6741-4eba-b549-6dd3d8b3d008,Anthony Webb
4f3fe4da-ec6b-4631-a20a-4997ef754b46,Ian Harris
bf280f59-ca6f-412d-8fe2-30b6e2bcb7da,Steven Cook
35a53e6c-d865-4274-863d-7d533e2db1de,Charlotte Wheeler
d91e33fb-c485-4c52-8caa-352006a31e2f,Michele Sutton
3c759718-73fb-4275-ac22-3322eb529717,Melissa Daugherty
d8114422-56ec-4c19-a764-0a9e04be1b67,Lori Douglas
e074fb84-337d-49fb-8cfa-131228972fff,Jesus Durham
1f16a488-fee8-4c6f-b9d4-a4303ca0fcf4,Scott Rivera
2782e2d1-64c1-45a8-a96a-c5f4c9fb1fe7,Diana Barrett
d1247c59-ea2b-41fb-8df9-be25b242c6ca,Joseph Cooper
1e66fb0a-9df8-4b68-b6c4-2ea1277ab6f7,Steven Perez
dc67b13e-e91b-4a7a-98df-f0478b64fac7,Amy Johnson
123e0454-418e-45c4-ac3a-e30bcbcc3702,Mario Chavez
89f5a859-e2ab-4aaf-91b4-8c18583c6525,Lawrence Martin
ec9f2837-0d6b-43bd-a786-cd04266af3d3,Rebecca Gay
ca59860a-96bc-40e3-91c2-76ec16ebb129,Cristina Hill
63d04028-9940-4f77-afd9-cb880bd7698e,Billy Williams
4f1998ec-c47f-403b-840a-4c1c86fcd166,Dr. Gail Giles
38b98b34-2b07-44b4-8468-6518ff76da5a,Joshua Lane
90529bac-53f2-4ac3-9f85-a94988baa6b5,Nathaniel Stewart
a6a3f9ca-ad20-4ef4-aafd-af286822cb3e,Ronald Moss
c92ce27c-5cc2-40f0-95c5-6c8b079de206,Colin Thompson
9af64bcc-00f4-4621-8447-2aa50dac1808,Victoria Collins
405f19a6-c546-4272-9aad-b8d876956768,Greg Bell
245850bb-81e0-457b-ac7f-cc38237dba09,Daniel Spencer
df82fbb9-7ea1-4c31-bb2d-03002326296d,Stephanie Velasquez
54de6069-e4be-4ff9-9e90-d485b76c765e,Jason Campbell
faccd802-7b4a-489c-a18e-66bdf66c69ec,Jeremy Carroll
f57aa4df-e746-4554-a6d9-15217a7102a0,William Berry
d2778e9a-9857-4086-89f4-e5842a3478d3,Shannon Novak
cccc10cb-18b8-4944-933d-0a70c66351b3,Dominic Roth
259bfeb5-e817-4fbe-b358-69a6dff22b83,Cynthia Harrell
d75102d5-0dde-460e-97a2-78ea59b0c713,Cindy Nicholson
ac1e8359-2971-416a-b45c-526c6a370608,John Collins
c66556cb-0646-4154-acf4-b2bdc98961da,Amanda Gay
84dff601-026a-4714-9cee-1fa5156a6b7b,Justin Farley
3cd55688-2e52-47fe-a55b-ad5938cc69d7,Tara Wilson
4b0f698f-4916-4bc6-8ddb-fb26df831028,Eddie Dalton
006e4566-5297-46ac-9b27-258aeb0b7b20,Brandon Johnson
e9896d3f-a54a-48c2-bb0e-0a178bbbac89,Kathryn Roberts
bee3f1c4-ea48-40d8-b003-2fb6eec6fd76,Sue Williams
96c42b93-63d4-4893-9a30-da5d89d55c7c,Jacqueline Harrison
9ee33a51-5543-4ef2-a635-2d349cc44dad,Jamie Williams
9ba4c4be-2baa-4d19-ada1-606b17873a8f,Steven Stewart
0e91058e-1134-4df5-ad43-8dc8f6c12f72,Gerald Alvarez
22a8fdd7-e976-462f-a9ba-72424a837126,Crystal Bailey
c7db3b0b-8634-4afe-908c-221467e3d0d1,Patrick Johnson
5ee823ef-429c-4d2b-b774-6e0ad32427c2,Jennifer Sellers
002e8627-31aa-4ea7-a1e4-090b6ac0e750,Christopher Allen
17018408-dca8-4990-8628-eb23fdaeb918,Jason Silva
65a8bf60-19df-4ee8-ac98-0039ca05eb4e,Andrew Ayala
8322eddc-529b-48fe-ae8e-0fee73e6b792,Molly Sanchez
a46262b2-683b-4d99-bd37-7ac92fee5749,Julie Long
15015477-b877-4c3f-8b9c-b39e734972af,Whitney Bishop
fa0013b8-fd5f-4ae2-bfa4-05b53c289b3b,Jared Carter
d2cc47c7-bc84-494c-a486-a6af16543587,Katrina Smith
3fe1e90b-f82c-4769-b745-c79c86260736,Paul Wilson
5b42c519-fc1a-4567-8cea-dc13bb199599,Jonathan Morgan
8e57f854-df45-4972-bca9-dee4cf521f22,Susan Barton
5d8ecd03-7d14-467f-9a8a-20152935d9fa,Tyler Davis
6712d19f-74e8-4130-802b-280700f56fcf,Stephen Myers
3d5b8712-3455-4c38-b24f-a137407836f7,Matthew White
4d6f255b-aff4-4ad9-98bc-4a9f4ccac50d,Trevor Kim
595d7b87-36a7-47b2-8243-4c3c42ea1d87,Austin Graham
1f4f5391-0078-41b7-b0fe-bb00ddb5e3be,Danielle Nguyen
96200c31-a32b-419d-8951-a3326d5d6452,Lauren Gordon
7a4b80cf-d3d9-46bb-b1b1-b9f7759a2c90,Brian Hayes
d82659ca-3d96-4ba3-91c2-aa5de52b4e8d,Kimberly Harris
5d2ee6af-155f-4a29-be6b-396251b0b500,Patricia Carroll
06c485be-221b-45ed-97df-566205d821fe,Andrew Murray
4994dd40-7b31-4916-bdf8-1192968d7b70,Angela May
2e5da576-6ba5-4c82-b322-19b18d10aa10,Dana Washington
b47c3c31-da7b-4c70-8794-7508c976c5d2,Claudia Schultz
60956eb9-38e8-49a7-b579-02e23131ee1c,Karen Blackburn
60b84e65-5ef6-44b3-8ff5-97e72aac6ae0,Kayla Rose
a622bde3-a21b-41dd-903d-9fb63d2b432a,Margaret Jones
b24e24be-fa1e-47f7-b299-162a52ce3241,Robert Stewart
41523927-c715-4bf6-8e8e-c7e8ac46d174,Jacqueline Ferguson PhD
2dad83b6-e3e9-4767-ab7e-a9cfcf98007d,Antonio Davis
d22f1f78-6213-4445-b9e9-2b51092f45dc,Justin Smith
ac57915d-4ff4-47d9-96c7-7ba98012fc8e,Amanda Williams
d56f0c68-69b6-4449-8559-16a82b17203c,Michelle Thompson
b2d0fe82-f3b2-4eb8-bef5-9f83556df0e6,Michelle Mathews MD
cb21c0cd-6cfc-412b-8dd8-3cb27911ecc1,Peter Hebert
c6600e8c-079c-4c9d-8bb4-3d118e1c52aa,Jill Drake
8b766fff-87eb-498b-a3b6-5aadbdc0d97b,Allen Daniels
9dd2cf0f-a1c5-439f-ae68-b3a978cf1e5f,Melissa Hill
953c7f8d-6494-4f5a-a2ba-cc2a2b43dd53,Teresa Ellis
bfa31d7b-f9cc-4ca7-951c-7c7070e3a6c7,Grant Raymond
a7ff6048-0b3a-4161-9529-6225ea9712d4,Emily Whitney
8892de9f-bd2a-484a-ba8e-f00651a9705f,Randy Sutton
cbecb7ae-0316-44bb-a2b7-45d87508ca9a,Devon Gonzalez
99b5425d-2ba5-4292-9ece-e8e28b2c7ecb,Elizabeth Jackson MD
db0d7c0d-bbef-44d7-b6c5-f15e023893fb,Donna Brandt
4480a3c4-3974-44c8-a639-0651b1d35830,Richard Guerrero
8ab553bf-b2c2-4909-bdb8-cfd47ad9d16b,Brad Parks
8eb1cf47-c06c-4a95-9cef-80529b038207,Danny Brooks
d12f65d9-bab6-444b-aa7c-aee06f0ab0d1,Daniel Chase
d1838941-9d75-484c-babf-03c7aa925305,Brandon Parks
760e2d0c-f668-4e07-8d38-85d4016917fc,Cynthia Frank
97bbe387-f3af-4e06-862a-be069a35a4fc,Leslie Harrison
fa041c7e-d4c8-42df-83c0-32cba7c1b65b,Justin Martinez
36f8db98-e8a1-4dc8-8a94-b4473a684091,Kenneth Smith
646e2424-5644-4445-a969-a2d9f7dc5820,Michael Higgins PhD
83f6c3bb-83e9-4c97-a312-c259c86c11f2,Matthew Vance
758955d8-73b4-42dd-856d-65b812cfdde0,Jasmine Reese
15be2cd5-8345-480f-a651-ef93ce3b9e5b,Deanna Parker
455d3851-9853-45ed-9a47-030ff368ad24,Robert Mcdonald
e1496692-6970-4a58-9ffc-66d735cc53cc,Jenna Richardson
a65045ce-36e2-496d-9af2-e33d3c1f3493,James Barker
ad7e8333-4354-4990-85f6-e9a393c1c8a0,Daniel Santos
88ad22fe-f690-4373-a322-7e2f7feb2963,Douglas King
0c5ab38f-f6eb-46be-bdd2-f0ba82a66c56,Gregory Hall
1fcbc93b-b6cc-4e8e-a8bf-dfa51e81aaeb,Gina Jones
bc737eb7-0c17-4473-a172-3d6a8053fc5f,Christopher Smith
b54979ba-83d4-449f-b7b1-d3c5d21d1e57,Mr. Steven Melendez MD
a2dbcd4c-22d9-4423-8283-29444a8d1f9c,Pamela Moss
82aca467-f93a-4284-a963-ac09a0e39ac2,Jamie Cohen
436395e8-51da-4ddf-ada8-a13084bfdbb6,Sarah Shepherd
55c7c3dc-5e16-4b6b-b20a-a2848a37efa1,John Williams
8fde5f92-0ef5-4103-bd39-f303bcdbf977,Danielle Hernandez
50dabee1-f2d7-4ac6-ae9b-d3f2d1fcad71,David Marquez DDS
bce20851-08cb-401a-80cf-c398a2ffc857,Danielle Austin
dc827df7-e672-4886-9456-ee0b2c30eab9,Jared Bush
4735f1f7-c7e6-4f3a-854f-c3c570176234,Matthew Marshall DVM
0656bcb3-8aa6-49e0-a598-3afaf60b96ab,Kim Harris
f20231d7-1be2-44be-8c74-ba59eafa165d,Diane Phillips
b1986a9a-68b9-416e-a7be-2a9c875f440f,Tiffany Sharp
68f81009-8560-4634-8410-d3fdc0ce4dc8,Lauren Wilcox
daad5aea-35b5-4e3e-808b-219e1c167378,Destiny Spencer
10b78edf-9b76-44b5-8c46-0bb2d5e797d9,Dennis Ferguson
8dc18f10-5624-4bf8-8032-29bc9bdb19d8,Lisa Peters
fda5e3e3-4fb2-4c85-92f7-0f799cd32489,Tiffany Acosta
b429847a-24f1-465f-9647-203b5730fd64,Erika Kirby
f9a264d9-0812-4eef-adaa-b5bbc0025778,Joseph Walker
bfe982ad-6937-40e4-a666-a23f0c1a12b2,Charles Mayer
5f7e3a43-84c9-4c1c-a806-01bbbf890608,Shannon Dudley
078030e2-128b-428d-b49f-c266e32fad12,Ronald Smith
2e116d27-5895-4270-96a9-40442208fd4b,Elizabeth Campbell
22e0e0f2-b456-4331-a186-f3bb495f33ec,Erin Jenkins
f6276855-b44c-4519-8f8b-1a44bfed415f,Kaitlyn Hughes
ac0e2641-8eb2-40a5-9c70-6aa2debedf5e,Erika Griffin
b1b52175-adc0-41cc-bcb1-e76fe866bbe8,Kathryn White
5374e292-eccb-4590-82b8-81876d79560b,Martha Lee
355c52cf-04dc-4560-851c-b9e0ec345b89,Dana Beltran
2afde39e-d1ba-41d6-b4cf-1be806c398ad,Amber Luna
6cc2f5a8-1aa0-40c4-8cc0-6f78ac43bee1,William Soto
b21da3a1-44ec-40dd-befc-d21f46f3d249,Dana Choi
18c60b67-05b1-4f8e-a84e-46ef193ef102,Andrea Garner
ce117b34-ec24-4e55-ae35-a8fd3b9a2b94,Jason Hickman
f6322902-25d1-451a-b03d-cf0394e36c42,Donna Garcia
16e9485f-d880-49d4-86af-956052ed2f92,Amanda Russell
e2eb24e5-9aa9-4560-85b0-b73e903ab5d0,Regina Johnson
702f783b-84a2-417e-adf2-887718e0a4f4,Robert Hansen
427570bc-09bc-4da8-9ab0-23af866c50d1,Edwin Martinez
6a73861c-2511-4f36-859b-20357667b185,Benjamin Wells
c0c0259a-8303-42ed-989b-787737056933,Felicia Hogan
4cc6672a-36de-425c-a7b9-14bde8f8c36d,Wendy Jones
88c89616-00ef-42d9-8a21-b7d8b6b36d01,James Mann
8a0db311-e3a0-4b97-a8c9-c4abb625b435,Mrs. Gloria Stewart PhD
2b811a71-c082-4adc-bef2-411e32d0ca20,Robert Fleming
6285579d-ef06-4d49-9324-ca303d64c79a,Melissa Henry
07784ece-afb7-49f8-bd6a-559c52c8c61a,Cheryl Bailey
c4b9ecc2-20e8-4d5a-b9fd-4d1b9b31db95,David Tate MD
aad3e0de-4d7f-4739-893c-bfc6601de3c1,David Rivera
a43217ec-6d18-4bf3-aa88-b9dfacd2f74d,Kenneth Levy
46c457ac-2193-4fc1-80f6-c2146dc211e3,Lisa Walters
82072263-78d3-4b6f-8b77-b142b5a74574,Regina Bennett
dec9d9cf-7a81-42ff-aeaf-2962351a391f,Steven Garcia
ec99c502-04d0-42be-a06e-b7c56e92c661,Tamara Walters
12b90082-da45-4168-b8bc-d8ee66fa0c85,Gregory Gomez PhD
8127585a-393c-46a9-bae3-f6ee14ddbbc1,Keith White
7a63af05-0a70-4c66-91dd-e504eb422c04,Joshua Davis
6bfbf1b3-cb5f-43ab-bdb6-476a3ab13379,Connie Horn
53897b33-dde5-47c6-81f2-43338ef3dab1,Megan Allen
4ca913b7-0e1e-4bf2-9b30-7e7f8d788c59,James Sanders
c17eb857-6f54-4685-8515-27a4f3eff419,Diana Wilson
c8f54b2a-75cb-4be9-bd10-22bc4a3da30a,Taylor Stephens
a6dbb698-2c41-4feb-a821-e3bc45e0e3e4,Lauren Romero
f4073964-478e-435d-ac83-539bff01b9d2,Sophia Clay
135e7764-14f9-4833-b447-a599be9c4ef8,Natasha Hall MD
27720498-e881-440d-a23f-bc4632184527,Deborah Richardson
7dd8f082-9c72-4121-9eba-4ca1f935d645,Marvin Hill
2870cf07-cc6d-4bd4-8d34-d5ffa4d38ed7,Tristan Myers
e2c4e106-4d2a-400f-9695-6f94115b9f7c,Ryan Brown
d2dc4c44-4a61-452f-bc55-d072a6881f3f,Brandi Reed
a98f231f-a6d2-4934-a1b4-7a7ad0761b98,Hannah Garcia
b22e5a88-2702-4623-8b0b-de051ac710d4,Sharon Hawkins
664f33d0-4a8f-4adb-8202-34fc932b06d6,Amy Johnson
92670611-d078-4df7-aa9e-40a8f24706df,James Wood
8b067b21-0e27-4c58-8763-05decc5847a1,Jessica Howell DVM
1b6043d9-398e-4a10-9501-68b30c061605,Lynn Rodriguez
b2c72456-1a3f-472b-9eb0-bfe6beee9a67,Louis Morris
f1187f65-91c0-49af-a9bb-e4b8304bb141,Michael Vargas
321e50c7-3b2a-46e7-905a-c56a85dd6803,Mark Osborn
2ff0efae-57e6-4f9b-9561-5f5106ba7947,Stephanie Leblanc
27191aaf-997f-435e-b7af-2550c1cfaa08,Ruben Garcia
9612590b-5b09-4337-b135-45d06fd21596,Sierra Howard
09409a65-06e7-46b6-9954-970de3d37436,Stephanie Hansen
6e5586c3-916c-4144-9f23-db049708fe1b,Michael Price
10d489e6-3f54-4a0e-ae87-9bdfbef690e3,Jean Silva
c351396f-dcd8-4c52-9f2a-affa738eb7e1,Elizabeth Lloyd
8b8eb857-0e6d-460d-9cdf-8571c216a08d,Blake Rodriguez
6f7d6dc8-02bb-4cf7-a3ef-4ff7da4a3bab,Katherine Scott
5a8337aa-8938-47c3-bd45-d6fcbad7c453,Robin Travis
23ac8d84-7694-4a0c-899d-8b81ca994966,Megan Mathis
23efce40-58e9-40a6-b682-44250360b67a,Kaitlin Browning DVM
7ae83936-db05-49ec-b183-98e7820dcebc,Robert Chen
72a9bcd3-e771-4e8a-9244-f37961bcb307,Mitchell Castillo
7e653b3f-ea3e-4342-a61b-698bb2788f5c,William Fowler
8cc1deff-44e7-4e73-b0c5-2775ac245c72,Jake Robinson
32bd58ad-2ccc-462c-9840-153419647de5,Angela Nguyen
9d7ede3f-afd3-42f3-a6d6-67525af37962,Dawn Neal
59067345-d296-4df3-8b04-a56cc5158e1f,Ashley Mcgee
82e0a00d-0691-432e-8bce-325f7aa9260f,Derek York
276e9021-438a-42ef-a078-fae405b7ca85,Candice Cunningham
b9f28988-5669-4eb9-a70b-268a872143b6,Julie Dennis
6f583051-62f6-4937-be74-d9b47112fb18,Casey Miller
aa276842-653e-4260-9b52-138df8b08064,Eric Peterson
a88dc3cf-a071-4f6b-98fa-d0aa36d3595f,Heidi Ramsey
79b9cc0b-c9e1-4807-992a-bda4e0a44007,Tammy Hodges
74d91dc3-7733-450e-984c-e8cb7aedb994,Kaylee Ellis
af4eef5f-8ab9-46ed-9dde-34b90ca297ce,William Wagner
990927b3-2a17-42c7-9628-2a3f6538d166,Marie Henson
97f02526-9461-4ca4-85ff-951e8f4ab5bb,Sheila Harmon
600a8f8d-ce06-443f-9ce9-d36402f861e5,Paula Shaw
b46cb0fa-c660-4020-a93d-987ac1656591,Alicia Lopez
b26617c0-417a-4862-96d5-ac6939823357,Brandon Dixon
3340f768-3474-44ce-8267-52faef89b475,Alice Pierce
ec52e927-dc37-4537-98d2-cbd46df25841,Jessica Smith
a0706512-8b61-49e1-8a3b-9e215c6950b9,Diana Davis
f3ec0222-292a-4689-9bfe-321cbd198a5f,James Clayton
607c77fe-29cc-4224-a4e2-10d31ad1aa98,Ryan Cross
c4aa425d-9abd-4990-9272-bf67388deba7,Casey Lara
159a340f-7135-42ad-8071-91032c882ab0,Charles Smith
d23ede32-ec4a-48ac-8cb6-d2afe4483e89,Elizabeth Martin
9c020e2e-830c-43a4-8ce7-7b02fc088eef,Paige Patton
3e38fa09-8e6c-4f81-8d35-c649357f6ee7,Timothy Thomas
3e40e192-8e14-4cbe-98f2-da56730c6e4e,Jennifer White
d9648e23-d023-49ab-8de0-be8900633fd6,Anne Jenkins
ba2d0c51-bf50-4957-b2be-3b94208ec40d,Susan Wang
4dcdcada-da46-4a5a-9034-90d49d855901,Kyle Graham
1e2921b0-8d01-451e-8d38-faeacc16a0bc,Jessica Howard
a0112c07-5c2b-4324-b33c-5099428f9530,Roger Mcneil
f39b88dd-e80e-4f60-b5d1-94127696dd91,Krystal Lawrence
03fc417e-15c6-4141-9a98-edbe80782812,Randall Davis
ad54cd34-e324-4b03-b8c5-06fba0749d58,Michael Edwards
5a50572e-f45a-4ac8-8183-5ae3255232b1,Alison Schwartz
e7193b78-599c-4780-a5c5-32a543c5663e,Chelsey Knight
0b2741dd-9c96-4434-837b-0edb41b52702,Diane Hubbard
4639d716-25ac-4f60-80f2-72aacc5b561b,Jessica Burton
dffda67c-c7c3-45bc-94b6-d1ff58cc407d,Laura Sawyer
8ae2e99e-174c-4f0b-9314-e7e2a0864a8a,Kimberly Riggs
309f55b1-88e9-415c-969d-6918779c780f,Allison Perkins
df3bd23c-be40-4792-8db6-fa43ba773477,Christina Stein
c88fc957-93fd-4d92-8c6d-4fbf2f6c95b3,Garrett Phelps
e30ecba0-f8f4-43b2-9b6c-03705ae72fc7,Kelly Frost
cb38acbf-cd20-47a3-92d4-e659cb87cf0e,Angela Lopez
4c9151d9-d869-46bc-b3e6-a17c12c6e92f,Michele Yu
51f0c751-6304-449d-8845-99f19f2dc79f,Tiffany Edwards
8b1735d0-c770-4d7a-b0f9-7f2d28d0179c,Lisa Yu
71c6e996-4ca9-4b61-abd4-8bb8f5243ec4,Katherine Bradshaw DVM
9d2ac779-b1a1-429b-a336-afec18a963d3,Vanessa Vaughn
fa38c655-3454-4c3f-8746-e57a70899423,Donna Patterson
2fb666d5-97ee-4171-88dd-3b2b1bdaf5f2,Sara Wong
beafdb4f-f6e8-4a4c-a3bc-d5af5693b280,Charles Wade
f0d7eb06-f973-43ad-bf6e-213ff70d20a3,Andrea Luna
03051de2-a848-4a6f-9488-486a971c8807,Sharon White
ed8ca901-0a44-4aa7-b59e-f32be2d688f9,Thomas Morris
f24cbfa1-581a-46e9-9c84-fef6c2f1ba13,Michael Lopez
087f61b5-2602-4750-8a76-cca9d1f76023,Tiffany Montes
1bb6604d-b44b-449c-a8db-7860c5927df3,Andrew James
c43bb606-951e-4c21-a57e-1b998752116b,Anthony Rowe
42db3227-8777-4ee2-84df-18c7aa6c24e2,William Wilson
6c02c46c-86ea-44b0-ac61-a3a575b46501,Jessica Mccullough
1271e435-caf7-45f2-80a3-d54f056b0000,Alexis Roberts
12ad357a-7303-49d3-b63a-0325601d8c62,Lisa Hayes
7404e3b7-9508-459d-bc86-a873b8f516ad,Kristi Kirk
cceb5992-a8b6-4c91-9c01-0d086cb00a67,Amy Medina
f0973c92-2e2f-4a58-81d7-327951aaf2ae,Richard Hernandez
a8f50132-39e1-4d4d-b8fd-b08d9cf6ea3a,Brenda Dougherty
c2d383a6-13e3-41f1-bef7-4539614afa61,Dana Hernandez
d490828d-02cc-4834-80f8-e322e2a8be81,Teresa Franco
2bed49bc-3f7a-493f-b613-f586a0771193,Ann Johnson
6ff09866-9e56-4dbc-a397-c715fd0d63af,Jeffrey Bradley
fe4dffa4-60cd-4399-8fde-e4cafb40a9e5,Dylan Weaver
72ec1b94-9eb1-4a5a-994f-d60193d75073,Bridget Gilmore
5649c5fe-4033-4707-830b-e1542774d25b,Edwin Carroll
5ce6098d-9758-4d7f-a66f-ebe92c1bc4c8,Derek Martinez
69a600a0-4933-429b-b1f9-ea80404221fd,Jill Brennan
63e9e9d1-4927-4e7f-9c67-59f5ba856e72,Tyler Richardson
cd797c7e-368b-4774-831f-bbe049094c63,Crystal Gregory
0d4249ba-838f-4eab-a560-5650a86a1ae3,Andrew Doyle
53aaa86c-0923-40a9-bc42-16db061db952,Linda Dillon
b34f3fec-13f2-474d-b284-fa1d5703f4ef,Amanda Myers
37be9095-3ef8-4254-8d4d-4d3166178259,Nicole Dawson
e5a33d57-d430-4ff5-a3e3-0be620d6c1dc,Olivia Cummings DDS
7566e1b0-5219-4544-82e7-bb70d1ec0791,Samantha Marks
bd9c0a50-33c1-4618-bac2-4f90d85199e9,Brenda Kim
3f8b049f-f92e-4764-b445-a6829a2300ed,Jennifer Padilla
8824b8e7-2132-40ca-bfd1-ef182792d522,John Moss
21c83e8a-130f-4edf-b2ca-3cb559537a7b,Joyce Carroll
5eeb9537-4f05-4af3-9cea-016ad22d6610,Laura Fitzgerald
99dfcd5b-a83b-4b36-80d9-92f46e7f6495,Kayla Miller
8b1f07f2-ea57-4dfb-afcc-4d6052826d6c,James Schmidt
7566de90-7e3b-4ab6-938f-5a50a2225583,Justin Hickman
1cf2a4b0-688f-41c2-a838-4ac5308fddf7,Carlos Barnett
a670f235-ff43-41de-ac64-458e4fc11ebe,Lori Delgado
742126ff-f893-450d-8685-69e05ade1f51,Kevin Garcia
7baa74a5-38ec-4804-a1d5-c29f2684bdeb,Austin Macias
aa0a8e6a-9145-405c-896b-1466d7a221ac,John Reynolds
e2290561-b5ba-4bdc-807b-ae8c629b9351,Karen David
79679649-e7c1-4aa9-a5b7-13fdef8b9a8d,Matthew Lane
ce4bf16d-41da-45a5-9ed4-73d490747c9a,Kenneth Tucker
c3074471-ddcf-49ca-97b7-9808c079d3a8,Daniel Gibson
c9f0ddd0-d0e3-4695-bb91-7148bd3e5358,Shannon Schultz
63b5f63a-c511-4dda-aa9c-206a7880df80,Debra White
e07de0a9-c191-474a-8ca9-8877a1a415a6,Matthew Bentley
9cdcf1f8-3e05-487b-8d0a-0974f9fe21ef,Andrea Richards
82975a0e-a979-4342-abb7-a656debfffc4,Jason Pratt
c12fba0a-a0d0-4360-bf7b-825d7704e8e7,Reginald Gutierrez
af40994f-1f91-4551-83d3-1364baf5c40f,Shelly Collins
2df3d570-32f9-4884-b570-661771fe008f,Joanna Fletcher
61d597bf-09a9-43b2-be9c-cdfdf3b0fcdf,Kyle Franklin
1dc9abae-34b3-41f4-a244-5129b508a261,Jessica Benson
fa22ba11-fe23-47dd-bc3a-5a8a03cb79c3,Amy Fisher
e8b47a7a-3fde-4489-b9fb-0cea7730c006,Dan Meyer
4f86b875-e5a5-46ff-8a56-44a302cefec7,Justin Lewis
cac2e577-cf03-4721-91b5-274796538a55,Jennifer Martin
636ae306-470c-4f73-b354-b86b14e8986b,Anthony Duarte
3c92fbd7-e8f7-43d9-836c-eda268e7fde5,Diane Thompson
6e85888f-8640-454b-b523-0cd357a1c876,Heather Andrews
7b8a9c23-13bf-4e27-aae1-df9769a499ed,Brianna Hartman
438ed7fd-053f-427a-9192-1a170c18bb0b,Laura Mcintosh
2066a720-5df5-4e94-a861-4ae8790dca95,Maria Delgado
16586a12-fcc8-401e-aa54-dead8843303b,Katherine King
f0aa5f2d-2869-4bee-b77c-e5bf7be0e605,Jodi Myers
6da0eb13-703f-4ec0-9d00-e0133394e6fa,Tiffany Figueroa
881b31a6-3b6c-440c-8af1-f6842ef97e85,Donna Gallagher
64dbaef0-4095-4010-bfd7-7f60e300a19e,Joann Graham
9887ca1a-78f7-410d-ab67-51d94065c58c,Michael Jones
6f57583a-38e3-4916-873a-25b529ecebb8,Phillip Cowan
a9613b7e-de32-4070-be4a-b1aebd0be0b6,Tamara Andrade
a837e3a1-a1df-450d-92ee-96f5b3174f28,Brian Barker
d47c8300-f17a-4b74-b9be-357f4aef4a7f,Leslie Townsend
e2f5ffe6-2ff2-4e7a-84b0-21d971dbec43,Cynthia Keller
da8080fb-2756-4cb3-b300-4ac95155cd86,David Hoffman
816fb72c-7ecc-4ce7-a8ef-24746facde9d,Casey Hunter
cc2db5db-9852-45c4-aa72-ad821f7c6fea,Kim Flores DDS
a693e159-10c4-4998-b935-6a699df651b8,Nicholas Arnold
5856d992-dbf9-4219-b410-08629d1de661,Wendy Gillespie
5d3beef5-480f-4df9-8f89-a0fcd79114dd,Melvin West
c744ae0a-71d4-450f-aedf-94dbc750c934,Sydney Brooks
a11e3874-981a-4cb6-8998-dbc6f72cc363,Garrett Davidson
72cd3cf3-3140-4c96-9e3f-2cd73b446cb5,Donald Brooks
34a18ec8-4682-4c0b-b24f-366cc0f067e4,Bob Barnes
322e80b6-9755-4774-9e42-b445927b5403,Christine Riley
c4f6a0a9-d5ea-4044-89a3-6ced20dc53a2,Stephen Castillo
c3276eb4-f403-4de8-8661-9db1a791a3cd,Robyn Anderson
9a93b9d9-3ae5-4246-8407-75ac66d29f48,Tyler Hall
9d0d8dfc-aa69-4c78-88de-4509d8bcf6a7,Teresa Brown
5f14a0fa-02b6-45ce-ae1e-ff5134ec8873,Samuel Walsh
a2e359c3-0b82-42de-afa0-524ef6e6f344,Kiara Rodriguez
f6d0efe4-7eec-468b-8fe9-bdf055ae1043,Candice Brown
1681b92b-2749-4160-a745-f42710ec762a,Nathan Jones
59e2d4aa-257a-4c65-88d3-4f1386b0fef2,Derrick Adams
67053e2d-478d-44db-a555-5fc89a0bb6b7,Sarah Wagner
e15f3582-c46e-4390-a771-62b27c7dcc4b,Richard Singh
300a9bb0-866d-44f1-b3fb-9e3c15763d2c,Robert Sullivan
0a9b4aac-1086-458b-91c0-fb921e383607,Benjamin Davis
32dda997-e112-48fb-9f50-61e15e65b6e9,Michele Evans
3abe2179-9c25-4a23-ae88-1da7f6afb64e,April Gibson
f853123b-7e63-463c-a8b4-c9bd7dd33d2d,Eugene Miller
4025f27b-574b-482b-ab97-a5bcbc9da749,Charles Morales
88373e13-2282-4554-a935-5931549f8026,Samantha Gutierrez
ccd83bf2-f3a4-4543-a7e9-35b56cd6d150,Charles Khan
541074fa-1f38-49f3-aef2-fa43b807dbd2,Victoria Moore
28c4873b-1ee3-4907-b370-b313c7dd8986,Sandra Webb
25df9cfd-66ae-4fee-8cc3-0b54abc57438,Michael Hughes
a21606e0-463b-4178-95c0-b2d8402d1b94,Joshua Moore
b9d78960-bb24-47cd-90aa-9a48a0632604,Daniel Galvan
760826bd-483c-464f-8e75-54b067e842e3,Scott House
7c947c19-8f35-47eb-83ff-850ecfa73bc3,Gregory Weber
8d43d2af-b4a3-401e-8bad-7221839d10ac,Michael Clark
418cd1da-f6d8-4293-83fe-37f0dee6b26e,Jessica Fields
6eedea26-d4f0-4fae-87f0-cc241c1f90be,Rebecca Burnett
e215ea6b-29a6-4a0f-9ae8-6564a83390ce,Patrick Rodriguez
688bae4b-627a-4e61-874e-a434cdf38086,Michael Lin
32e6e90e-0bbc-4a49-af8b-de10cc011bbf,Megan Rogers
c50047dc-6c93-46c1-b784-a6d3dd0cef62,Jonathan Keller
05519290-a8d2-487d-a157-bb0beeded384,Tyler Bautista
dfe5339e-baa8-4b1e-b261-665ebb6904e9,Jason Torres
eb60a580-818f-4730-bbd6-fc06c6eff613,Jessica Richardson MD
f31d92b7-7dc5-4f3b-a93b-f365f57a70da,Nathan Frank
5beb2e08-7749-4944-9f80-cf205d1407f7,Mrs. Ruth Ramirez
0046838e-905c-4818-ae8a-860e203f0a44,Ann Miranda
0c5324bc-7ce5-4e7d-8463-035590f37ca9,Nancy Alexander
23f734cb-edc0-41ea-a048-7a3fe68f586c,Rebecca Williams
a8f3a6cf-7dee-4521-99af-338e29d679fa,Kurt Watkins
c0933a8a-2c27-4eaa-a2e2-3fecd24a1e3d,Brandon Wilson
b66af560-6933-4f5c-bf05-a41730cc0568,Karen Sims
cb3e849a-2901-416e-8ba8-3fa94f774921,Emma Holden
ff5a366b-a051-4ac5-902a-a9d7a845555b,Brett Ryan
56938505-19f3-4792-96f9-a1b8be459d07,Dawn Gray
19bf5e87-df01-4b03-80bc-4b1e2c5ade3c,Carlos Kaufman
2b6e6b06-693f-49de-a825-7e61ea05d4d0,Joseph Cruz
9b014f7e-9fa5-48a6-9bf8-f56c9888fa2a,David Santiago
392c9139-1326-410e-a8ea-9d5840cedbe0,Darlene Berry
3bb99db1-f76e-489d-978f-c828cf7e4eec,Mr. Randy Larson
6b1bee5a-d576-42bd-bf4a-62df93218218,Juan Stewart
d5bc9da6-d43b-4a53-b208-d6bf91426f82,Angela Gutierrez
9946db2c-eaeb-4365-a45f-2344d51bbfaa,Sandra Hall
a55f01bd-75ff-410d-bfa0-335437f105a8,Robert Johnson
b62c3783-1b11-412e-84b5-ee7775573418,Dr. Stephen Molina
17b8c5c5-1589-4118-9b1f-b6d189ad9740,Rebecca Wilson
04e0215e-a6d0-4b03-ad68-60a0743414e5,Bailey Huang
a738cafe-d73a-4d6f-8745-fe8d0d2b91da,Joseph Santiago
bbd0a2fd-8dbb-4a34-8f53-19a311911b36,Amanda Savage
